:020000040800F2
:100000008037002071530008B94E00085D53000886
:100010005D5300085D5300085D53000800000000B8
:100020000000000000000000000000006D54000807
:100030005D53000800000000395400086171000899
:10004000E5550008E5550008E5550008E5550008A8
:10005000E5550008E5550008E5550008E555000898
:10006000E5550008E5550008E5550008E555000888
:10007000E5550008E5550008E5550008E555000878
:10008000E5550008E5550008E5550008E555000868
:10009000E5550008E5550008E5550008E555000858
:1000A000E5550008E5550008E5550008E555000848
:1000B000E5550008E5550008E5550008E555000838
:1000C000E5550008E5550008E5550008E555000828
:1000D000E5550008E5550008E5550008E555000818
:1000E000E5550008E5550008E5550008E555000808
:1000F000E5550008E5550008E5550008E5550008F8
:10010000E5550008E5550008E5550008E5550008E7
:10011000E5550008E5550008E5550008E5550008D7
:10012000E5550008E5550008E5550008E5550008C7
:10013000E5550008E5550008E5550008E5550008B7
:10014000E5550008E5550008E5550008E5550008A7
:10015000E5550008E5550008E5550008E555000897
:10016000E5550008E5550008E5550008E555000887
:10017000E5550008E5550008E5550008E555000877
:10018000E5550008E5550008E5550008E555000867
:10019000E5550008E5550008E5550008E555000857
:1001A000E5550008E5550008E5550008E555000847
:1001B000E5550008E5550008E5550008E555000837
:1001C000E5550008E5550008E5550008E555000827
:0801D000E5550008E5550008A3
:1001D800FFFFFFFFFFFFFFFFFFFFFFFFFFFFFFFF27
:1001E800FFFFFFFFFFFFFFFFFFFFFFFFFFFFFFFF17
:0801F800FFFFFFFFFFFFFFFF07
:1002000090F800F06DE9024520F007016FF0000C56
:1002100010F0070491F820F040F049804FF00004FE
:100220006FF00700D1E9002391F840F000F10800D9
:1002300082FA4CF2A4FA8CF283FA4CF3A2FA8CF311
:100240004BBBD1E9022382FA4CF200F10800A4FA78
:100250008CF283FA4CF3A2FA8CF3E3B9D1E90423CC
:1002600082FA4CF200F10800A4FA8CF283FA4CF303
:10027000A2FA8CF37BB9D1E9062301F1200182FABD
:100280004CF200F10800A4FA8CF283FA4CF3A2FAC3
:100290008CF3002BC6D0002A04BF04301A4612BAD1
:1002A000B2FA82F2FDE8024500EBD2007047D1E9D4
:1002B000002304F00305C4F100004FEAC50514F063
:1002C000040F91F840F00CFA05F562EA05021CBF34
:1002D00063EA050362464FF00004A9E7000000004E
:1002E00001F0FF01102A2BDB10F0070F08D010F8E7
:1002F000013B013A8B422DD010F0070F42B3F6D1EB
:10030000F0B441EA012141EA014122F007047FF003
:1003100000070023F0E80256083C85EA010586EA5A
:10032000010685FA47F5A3FA87F586FA47F6A5FA96
:1003300087F68EB9EED1F0BC01F0FF0102F00702A2
:1003400032B110F8013B013A83EA010313B1F8D14D
:100350000020704701387047002D06BF354603382E
:10036000073815F0010F07D1013015F4807F02BF67
:10037000013015F4C03F0130F0BC0138704700BFB8
:1003800081F0004102E000BF83F0004330B54FEA46
:1003900041044FEA430594EA050F08BF90EA020FB3
:1003A0001FBF54EA000C55EA020C7FEA645C7FEA46
:1003B000655C00F0E2804FEA5454D4EB5555B8BF69
:1003C0006D420CDD2C4480EA020281EA030382EADA
:1003D000000083EA010180EA020281EA0303362D6C
:1003E00088BF30BD11F0004F4FEA01314FF4801C3F
:1003F0004CEA113102D0404261EB410113F0004F51
:100400004FEA03334CEA133302D0524263EB430307
:1004100094EA050F00F0A780A4F10104D5F1200EA5
:100420000DDB02FA0EFC22FA05F2801841F1000100
:1004300003FA0EF2801843FA05F359410EE0A5F1D4
:1004400020050EF1200E012A03FA0EFC28BF4CF005
:10045000020C43FA05F3C01851EBE37101F00045BB
:1004600007D54FF0000EDCF1000C7EEB00006EEBC8
:100470000101B1F5801F1BD3B1F5001F0CD3490852
:100480005FEA30004FEA3C0C04F101044FEA4452A9
:1004900012F5800F80F09A80BCF1004F08BF5FEA30
:1004A000500C50F1000041EB045141EA050130BD10
:1004B0005FEA4C0C404141EB0101013C28BFB1F522
:1004C000801FE9D291F0000F04BF01460020B1FA6D
:1004D00081F308BF2033A3F10B03B3F120020CDA40
:1004E0000C3208DD02F1140CC2F10C0201FA0CF01E
:1004F00021FA02F10CE002F11402D8BFC2F1200C83
:1005000001FA02F120FA0CFCDCBF41EA0C01904038
:10051000E41AA2BF01EB0451294330BD6FEA040481
:100520001F3C1CDA0C340EDC04F11404C4F120026C
:1005300020FA04F001FA02F340EA030021FA04F37E
:1005400045EA030130BDC4F10C04C4F1200220FAD5
:1005500002F001FA04F340EA0300294630BD21FA13
:1005600004F0294630BD94F0000F83F4801306BFD9
:1005700081F480110134013D4EE77FEA645C18BFCD
:100580007FEA655C29D094EA050F08BF90EA020F64
:1005900005D054EA000C04BF1946104630BD91EA5C
:1005A000030F1EBF0021002030BD5FEA545C05D15F
:1005B0004000494128BF41F0004130BD14F580049E
:1005C0003CBF01F5801130BD01F0004545F0FE4112
:1005D00041F470014FF0000030BD7FEA645C1ABF47
:1005E000194610467FEA655C1CBF0B46024650EA7E
:1005F000013406BF52EA033591EA030F41F40021AA
:1006000030BD00BF90F0000F04BF0021704730B52F
:100610004FF4806404F132044FF000054FF0000104
:1006200050E700BF90F0000F04BF0021704730B5C5
:100630004FF4806404F1320410F0004548BF40429A
:100640004FF000013EE700BF42004FEAE2014FEAEF
:1006500031014FEA02701FBF12F07F4393F07F4FCA
:1006600081F06051704732F07F4208BF704793F0CD
:100670007F4F04BF41F40021704730B54FF46074E0
:1006800001F0004521F000411CE700BF50EA0102E3
:1006900008BF704730B54FF000050AE050EA01028C
:1006A00008BF704730B511F0004502D5404261EBFC
:1006B00041014FF4806404F132045FEA915C3FF43D
:1006C000D8AE4FF003025FEADC0C18BF03325FEADA
:1006D000DC0C18BF033202EBDC02C2F1200300FA8B
:1006E00003FC20FA02F001FA03FE40EA0E0021FAB0
:1006F00002F11444BDE600BF70B54FF0FF0C4CF49E
:10070000E06C1CEA11541DBF1CEA135594EA0C0F4F
:1007100095EA0C0F00F0DEF82C4481EA030621EA8A
:100720004C5123EA4C5350EA013518BF52EA0335C5
:1007300041F4801143F4801338D0A0FB02CE4FF077
:100740000005E1FB02E506F00042E0FB03E54FF0A7
:100750000006E1FB03569CF0000F18BF4EF0010E9F
:10076000A4F1FF04B6F5007F64F5407404D25FEA9B
:100770004E0E6D4146EB060642EAC62141EA55514E
:100780004FEAC52040EA5E504FEACE2EB4F1FD0C90
:1007900088BFBCF5E06F1ED8BEF1004F08BF5FEA0E
:1007A000500E50F1000041EB045170BD06F00046C0
:1007B00046EA010140EA020081EA0301B4EB5C046D
:1007C000C2BFD4EB0C0541EA045170BD41F4801165
:1007D0004FF0000E013C00F3AB8014F1360FDEBF8A
:1007E000002001F0004170BDC4F10004203C35DA66
:1007F0000C341BDC04F11404C4F1200500FA05F3E9
:1008000020FA04F001FA05F240EA020001F0004289
:1008100021F0004110EBD37021FA04F642EB0601FF
:100820005EEA430E08BF20EAD37070BDC4F10C0429
:10083000C4F1200500FA04F320FA05F001FA04F2ED
:1008400040EA020001F0004110EBD37041F10001D9
:100850005EEA430E08BF20EAD37070BDC4F12005E4
:1008600000FA05F24EEA020E20FA04F301FA05F24C
:1008700043EA020321FA04F001F0004121FA04F2F4
:1008800020EA020000EBD3705EEA430E08BF20EAC4
:10089000D37070BD94F0000F0FD101F000464000FE
:1008A00041EB010111F4801F08BF013CF7D041EA80
:1008B000060195F0000F18BF704703F00046520084
:1008C00043EB030313F4801F08BF013DF7D043EA55
:1008D0000603704794EA0C0F0CEA135518BF95EA0B
:1008E0000C0F0CD050EA410618BF52EA4306D1D192
:1008F00081EA030101F000414FF0000070BD50EAB1
:10090000410606BF1046194652EA430619D094EA3A
:100910000C0F02D150EA013613D195EA0C0F05D124
:1009200052EA03361CBF104619460AD181EA030178
:1009300001F0004141F0FE4141F470014FF0000030
:1009400070BD41F0FE4141F4780170BD70B54FF0CB
:10095000FF0C4CF4E06C1CEA11541DBF1CEA13554B
:1009600094EA0C0F95EA0C0F00F0A7F8A4EB05042D
:1009700081EA030E52EA03354FEA013100F0888024
:100980004FEA03334FF0805545EA131343EA1263ED
:100990004FEA022245EA111545EA10654FEA0026A2
:1009A0000EF000419D4208BF964244F1FD0404F55B
:1009B000407402D25B084FEA3202B61A65EB0305B7
:1009C0005B084FEA32024FF480104FF4002CB6EB74
:1009D000020E75EB030E22BFB61A754640EA0C00F4
:1009E0005B084FEA3202B6EB020E75EB030E22BF34
:1009F000B61A754640EA5C005B084FEA3202B6EB75
:100A0000020E75EB030E22BFB61A754640EA9C0033
:100A10005B084FEA3202B6EB020E75EB030E22BF03
:100A2000B61A754640EADC0055EA060E18D04FEAC1
:100A3000051545EA16754FEA06164FEAC30343EA61
:100A400052734FEAC2025FEA1C1CC0D111F4801F2E
:100A50000BD141EA00014FF000004FF0004CB6E727
:100A600011F4801F04BF01430020B4F1FD0C88BFC6
:100A7000BCF5E06F3FF6AFAEB5EB030C04BFB6EBD1
:100A8000020C5FEA500C50F1000041EB045170BDC4
:100A90000EF0004E4EEA113114EB5C04C2BFD4EBF1
:100AA0000C0541EA045170BD41F480114FF0000E75
:100AB000013C90E645EA060E8DE60CEA135594EAF1
:100AC0000C0F08BF95EA0C0F3FF43BAF94EA0C0FF4
:100AD0000AD150EA01347FF434AF95EA0C0F7FF469
:100AE00025AF104619462CE795EA0C0F06D152EABD
:100AF00003353FF4FDAE1046194622E750EA4106A1
:100B000018BF52EA43067FF4C5AE50EA41047FF4B1
:100B10000DAF52EA43057FF4EBAE12E780F00040E0
:100B200002E000BF81F0004142001FBF5FEA4103C5
:100B300092EA030F7FEA226C7FEA236C6AD04FEAC5
:100B40001262D2EB1363C1BFD2184140484041400A
:100B5000B8BF5B42192B88BF704710F0004F40F4BC
:100B6000000020F07F4018BF404211F0004F41F4D8
:100B7000000121F07F4118BF494292EA030F3FD0A4
:100B8000A2F1010241FA03FC10EB0C00C3F12003B7
:100B900001FA03F100F0004302D5494260EB400046
:100BA000B0F5000F13D3B0F1807F06D340084FEAB1
:100BB000310102F10102FE2A51D2B1F1004F40EBA6
:100BC000C25008BF20F0010040EA0300704749000E
:100BD00040EB0000013A28BFB0F5000FEDD2B0FAAB
:100BE00080FCACF1080CB2EB0C0200FA0CF0AABFCE
:100BF00000EBC25052421843BCBFD040184370476C
:100C000092F0000F81F4000106BF80F40000013271
:100C1000013BB5E74FEA41037FEA226C18BF7FEA48
:100C2000236C21D092EA030F04D092F0000F08BF8A
:100C30000846704790EA010F1CBF0020704712F071
:100C40007F4F04D1400028BF40F00040704712F1B0
:100C500000723CBF00F50000704700F0004343F015
:100C6000FE4040F4000070477FEA226216BF08464B
:100C70007FEA23630146420206BF5FEA412390EA0E
:100C8000010F40F4800070474FF0000304E000BF04
:100C900010F0004348BF40425FEA000C08BF7047B5
:100CA00043F0964301464FF000001CE050EA010279
:100CB00008BF70474FF000030AE000BF50EA01028E
:100CC00008BF704711F0004302D5404261EB41017B
:100CD0005FEA010C02BF84460146002043F0B643A0
:100CE00008BFA3F18053A3F50003BCFA8CF2083AC5
:100CF000A3EBC25310DB01FA02FC634400FA02FCCE
:100D0000C2F12002BCF1004F20FA02F243EB0200D4
:100D100008BF20F00100704702F1200201FA02FC36
:100D2000C2F1200250EA4C0021FA02F243EB020029
:100D300008BF20EADC7070474FF0FF0C1CEAD0526D
:100D40001EBF1CEAD15392EA0C0F93EA0C0F6FD02E
:100D50001A4480EA010C400218BF5FEA41211ED00C
:100D60004FF0006343EA501043EA5111A0FB0131F8
:100D70000CF00040B1F5000F3EBF490041EAD371CD
:100D80005B0040EA010062F17F02FD2A1DD8B3F149
:100D9000004F40EBC25008BF20F00100704790F0B8
:100DA000000F0CF0004C08BF49024CEA502040EA0A
:100DB00051207F3AC2BFD2F1FF0340EAC2507047D0
:100DC00040F400004FF00003013A5DDC12F1190F0E
:100DD000DCBF00F000407047C2F10002410021FA80
:100DE00002F1C2F1200200FA02FC5FEA310040F198
:100DF000000053EA4C0308BF20EADC70704792F011
:100E0000000F00F0004C02BF400010F4000F013A48
:100E1000F9D040EA0C0093F0000F01F0004C02BF43
:100E2000490011F4000F013BF9D041EA0C018FE7B2
:100E30000CEAD15392EA0C0F18BF93EA0C0F0AD0B8
:100E400030F0004C18BF31F0004CD8D180EA0100DE
:100E500000F00040704790F0000F17BF90F0004F77
:100E6000084691F0000F91F0004F14D092EA0C0F59
:100E700001D142020FD193EA0C0F03D14B0218BFEC
:100E8000084608D180EA010000F0004040F0FE4032
:100E900040F40000704740F0FE4040F440007047CE
:100EA0004FF0FF0C1CEAD0521EBF1CEAD15392EA4D
:100EB0000C0F93EA0C0F69D0A2EB030280EA010C3D
:100EC00049024FEA402037D04FF0805343EA1111D6
:100ED00043EA10130CF000408B4238BF5B0042F134
:100EE0007D024FF4000C8B4224BF5B1A40EA0C00D9
:100EF000B3EB510F24BFA3EB510340EA5C00B3EB0B
:100F0000910F24BFA3EB910340EA9C00B3EBD10FF8
:100F100024BFA3EBD10340EADC001B0118BF5FEA4A
:100F20001C1CE0D1FD2A3FF650AF8B4240EBC25073
:100F300008BF20F0010070470CF0004C4CEA502034
:100F40007F32C2BFD2F1FF0340EAC250704740F483
:100F500000004FF00003013A37E792F0000F00F075
:100F6000004C02BF400010F4000F013AF9D040EAF3
:100F70000C0093F0000F01F0004C02BF490011F487
:100F8000000F013BF9D041EA0C0195E70CEAD1537F
:100F900092EA0C0F08D142027FF47DAF93EA0C0F66
:100FA0007FF470AF084676E793EA0C0F04D14B024A
:100FB0003FF44CAF08466EE730F0004C18BF31F0FC
:100FC000004CCAD130F000427FF45CAF31F00043F6
:100FD0007FF43CAF5FE700BF4FF0FF3C06E000BF8F
:100FE0004FF0010C02E000BF4FF0010C4DF804CDB2
:100FF0004FEA40024FEA41037FEA226C18BF7FEAC2
:10100000236C11D001B052EA530C18BF90EA010FC3
:1010100058BFB2EB030088BFC81738BF6FEAE17052
:1010200018BF40F0010070477FEA226C02D15FEAEE
:10103000402C05D17FEA236CE4D15FEA412CE1D05A
:101040005DF8040B704700BF844608466146FFE721
:101050000FB5FFF7C9FF002848BF10F1000F0FBD03
:101060004DF808EDFFF7F4FF0CBF012000205DF8FC
:1010700008FB00BF4DF808EDFFF7EAFF34BF012081
:1010800000205DF808FB00BF4DF808EDFFF7E0FF1A
:1010900094BF012000205DF808FB00BF4DF808ED6B
:1010A000FFF7D2FF94BF012000205DF808FB00BFCE
:1010B0004DF808EDFFF7C8FF34BF012000205DF8B0
:1010C00008FB00BF4FEA4002B2F1FE4F0FD34FF0D2
:1010D0009E03B3EB12620DD94FEA002343F00043A5
:1010E00010F0004F23FA02F018BF404270474FF053
:1010F0000000704712F1610F01D1420205D110F0DA
:10110000004008BF6FF0004070474FF0000070478C
:1011100042000ED2B2F1FE4F0BD34FF09E03B3EB61
:10112000126209D44FEA002343F0004323FA02F08D
:1011300070474FF00000704712F1610F01D1420279
:1011400002D14FF0FF3070474FF00000704700BFF2
:1011500053B94AB9002908BF00281CBF4FF0FF311E
:101160004FF0FF3000F00CB8ADF1080C6DE904CE83
:1011700000F07BF9DDF804E0DDE9022304B07047FC
:10118000704700BF4FF0FF3C06E000BF4FF0010C7E
:1011900002E000BF4FF0010C4DF804CD4FEA410CC6
:1011A0007FEA6C5C4FEA430C18BF7FEA6C5C1BD093
:1011B00001B050EA410C0CBF52EA430C91EA030F14
:1011C00002BF90EA020F0020704710F1000F91EA71
:1011D000030F58BF994208BF90422CBFD8176FEA3F
:1011E000E37040F0010070474FEA410C7FEA6C5C0D
:1011F00002D150EA013C07D14FEA430C7FEA6C5C14
:10120000D6D152EA033CD3D05DF8040B704700BF3F
:101210008446104662468C461946634600E000BF8D
:1012200001B5FFF7B7FF002848BF10F1000F01BD5F
:101230004DF808EDFFF7F4FF0CBF012000205DF82A
:1012400008FB00BF4DF808EDFFF7EAFF34BF0120AF
:1012500000205DF808FB00BF4DF808EDFFF7E0FF48
:1012600094BF012000205DF808FB00BF4DF808ED99
:10127000FFF7CEFF94BF012000205DF808FB00BF00
:101280004DF808EDFFF7C4FF34BF012000205DF8E2
:1012900008FB00BF844641EA000313F003036DD14D
:1012A000403A41D351F8043B40F8043B51F8043B29
:1012B00040F8043B51F8043B40F8043B51F8043B30
:1012C00040F8043B51F8043B40F8043B51F8043B20
:1012D00040F8043B51F8043B40F8043B51F8043B10
:1012E00040F8043B51F8043B40F8043B51F8043B00
:1012F00040F8043B51F8043B40F8043B51F8043BF0
:1013000040F8043B51F8043B40F8043B51F8043BDF
:1013100040F8043B51F8043B40F8043B51F8043BCF
:1013200040F8043B403ABDD2303211D351F8043B6F
:1013300040F8043B51F8043B40F8043B51F8043BAF
:1013400040F8043B51F8043B40F8043B103AEDD21E
:101350000C3205D351F8043B40F8043B043AF9D26F
:10136000043208D0D2071CBF11F8013B00F8013B42
:1013700001D30B8803806046704700BF082A13D34F
:101380008B078DD010F003038AD0C3F10403D21A67
:10139000DB071CBF11F8013B00F8013B80D331F89B
:1013A000023B20F8023B7BE7043AD9D3013A11F81B
:1013B000013B00F8013BF9D20B7803704B78437086
:1013C0008B788370604670474FEA410C7FEA6C5C13
:1013D00002D150EA013C0AD14FEA430C7FEA6C5C2F
:1013E00002D152EA033C02D14FF0000070474FF0A7
:1013F000010070474FEA410212F5001215D211D5D3
:101400006FF47873B3EB625212D94FEAC12343F001
:10141000004343EA505311F0004F23FA02F018BF83
:10142000404270474FF00000704750EA013005D14C
:1014300011F0004008BF6FF0004070474FF000000F
:10144000704700BF430803F05533C01A00F0333330
:10145000800800F03330184400EB10104FF00133D7
:1014600000F00F305843000E70472DE9F0478646D4
:101470008C460846089E154674461946002B40F0D7
:10148000C2808542B2FA82F245D94AB1C2F1200344
:1014900000FA02FC2EFA03F3954043EA0C0C944048
:1014A0004FEA154EA8B2BCFBFEF8230C0EFB18CC7D
:1014B00008FB00F943EA0C43994528D9EB1808F1D9
:1014C000FF3704D2994502D9A8F102072B44A3EBB8
:1014D0000903A4B2B3FBFEFC0EFB1C330CFB00F0B3
:1014E00044EA0344A04214D92C190CF1FF3304D26E
:1014F000A04202D9ACF102032C44241A43EA07406B
:101500001EB1D440002334607360BDE8F0874746C5
:10151000DDE76346F1E792BB431B01214FEA154E1D
:10152000AFB2B3FBFEFC200C0EFB1C330CFB07F828
:1015300040EA0343984562D9EB180CF1FF3004D21E
:10154000984502D9ACF102002B44A3EB0803A4B2E6
:10155000B3FBFEFC0EFB1C330CFB07F744EA034411
:10156000A7424ED92C190CF1FF3304D2A74202D95D
:10157000ACF102032C44E41B43EA0040C0E7C2F193
:10158000200320FA03F1954090402EFA03F3034321
:101590004FEA154EAFB2B1FBFEFC0EFB1C10190C4E
:1015A0000CFB07F841EA0041884504FA02F422D90D
:1015B00069180CF1FF3004D2884502D9ACF1020061
:1015C0002944A1EB08019BB2B1FBFEFC0EFB1C11F0
:1015D0000CFB07F743EA01439F420ED9EB180CF1CD
:1015E000FF3104D29F4202D9ACF102012B44DB1B34
:1015F00041EA004192E76046E3E76146F7E760466B
:10160000A3E76346B7E7834206D916B90021084627
:101610007BE7C6E900E0F9E7B3FA83F78FB98342C5
:1016200001D3724508D8BEEB020460EB030301202E
:101630009C461EB9002168E73846FAE7C6E9004C27
:10164000F8E7C7F1200CBB4022FA0CF41C432EFA39
:101650000CF120FA0CF3B84001434FEA14490EFA9A
:1016600007F5B3FBF9F81FFA84FE09FB18300B0CE1
:1016700008FB0EFA43EA00439A4502FA07F240D902
:10168000E31808F1FF3004D29A4502D9A8F102000C
:101690002344A3EB0A0389B2B3FBF9F809FB18331F
:1016A00008FB0EFE41EA03418E452CD9611808F172
:1016B000FF3304D28E4502D9A8F10203214443EA44
:1016C0000040A0FB0298A1EB0E014145CE464346E7
:1016D00002D306D14D4504D2B9EB020E68EB0403E8
:1016E0000138002EA6D0B5EB0E0261EB030101FA22
:1016F0000CFC22FA07F34CEA0303F940C6E9003177
:1017000098E74046C5E74346D9E7000000000000DF
:101710002DE9F04F87B0054603911646836804AA69
:101720005B689847002833DBDDE9044A4CF250330C
:10173000A4FB03B203FB0A2302930299DFF8608043
:1017400015A3D3E900235846FFF702FD4FF0FF39F8
:10175000029BD94578EB0303074619D3A6FB04B4D3
:1017600006FB0A440CA3D3E9002321465846FFF7A1
:10177000EFFCD94578EB0404034609D38742AA68F5
:1017800006D300210091146803993A462846A047E1
:1017900007B0BDE8F08F00BF00CA9A3B0000000010
:1017A000FFC99A3B000000002DE9F04F016C9FB08B
:1017B00016461F46CDE904672B9D039049B1426C44
:1017C0004A600123934004468B6009F0E7FC002344
:1017D0002364B7F10009B4BF012300232B60764BCB
:1017E000BCBF29F00049CDF8149033EA090300F09A
:1017F000AA80DDE904340022184621460023CDE901
:101800000801FFF715FD804668B12A9A012313608D
:101810002C9B13B12C9A694B1360694B0A930A985D
:101820001FB0BDE8F08F1CAB01931DAB0093039874
:10183000DDE9082309F0E6FF5FEA1955824640F02A
:101840009880DDE91C85454405F23243202B40F3A6
:101850008383C3F1400309FA03F905F2124326FA20
:1018600003F349EA0300FEF7CDFE0123013DA1F198
:10187000F8711193534B0022FEF786FD48A3D3E97C
:101880000023FEF739FF48A3D3E90023FEF77EFDCE
:10189000064628460F46FEF7C5FE45A3D3E90023BA
:1018A000FEF72AFF02460B4630463946FEF76EFD2C
:1018B00006460F46FFF79EFD002283460023304672
:1018C0003946FFF7BFFC002840F01A83A8EB050853
:1018D000BBF1160F08F1FF3400F28B813A4D05EB96
:1018E000CB05D5E90023DDE90801FFF7ABFC0028B3
:1018F00070D00023002C0BF1FF3B1093C0F27E81CF
:1019000000230B93BBF1000F6ADA0B9BA3EB0B03D5
:101910000B93CBF10003CDE90EB3289B092B4FF0BD
:10192000000B65D8052B40F31C83043B289300254E
:10193000289B023B032B00F22386DFE813F06004B0
:101940005D04540438042A9AC9F3130942F20F7350
:1019500059EA060913601CD12C9B002B00F02B8642
:101960001A4B0A9308332C9A0A9813601FB0BDE8EB
:10197000F08FDDE90812C2F31303084643F07F51EC
:10198000CDF84480A5F2FF35DDF8708041F44011B8
:1019900070E72C9B002B40F0E7830D4B0A933EE74A
:1019A00061436F63A787D23FB3C8608B288AC63F65
:1019B000FB799F501344D33F0000F07FFD030108E3
:1019C000FC0301080000F83FD0FB000820040108D8
:1019D0002C040108B8F1000F40F3608410900B90C4
:1019E00000230F93289BCDF838B0092B5C4499D97C
:1019F0000023CDE9283301254FF0FF330C950693E2
:101A0000039B00215964069B1893039809F0A0FBDF
:101A10000A90002800F0BD85039B0A9A1A64069B71
:101A20000E2B00F21581002D00F012810E9A002A73
:101A300040F33B84B24D02F00F0305EBC303D3E93F
:101A4000008913461511DA0540F1FA83AD4BDDE943
:101A50000801D3E90823FEF779FFCDE9120105F06B
:101A60000F0503277DB1A74EEB0708D54046494631
:101A7000D6E90023FEF740FE0137804689466D1007
:101A800006F10806F0D142464B46DDE91201FEF7A9
:101A90005DFF80468946109B43B19B4B0022404628
:101AA0004946FFF7CFFB002840F0F1843846FEF7A7
:101AB000B9FD42464B46FEF71FFE944B0022FEF74F
:101AC00065FC069B0646A1F15077002B00F0A9802B
:101AD0000E9B1993069B12930A9B894D49464046DB
:101AE000CDE914675E1CFFF785FC129905EBC10375
:101AF00053E902120746CDE91612FEF793FD02469E
:101B00000B4640464946FEF73FFC89460C99303764
:101B1000DDE916238046FFB2002900F053847C499A
:101B20000020FEF713FFDDE91423FEF72DFC0A9DCC
:101B300002460B46CDE914232F7042464B46FFF771
:101B40009FFB002840F09784CDE91AB4CDF858A047
:101B5000129DDDE914AB00272AE00137AF4280F285
:101B6000DE846C4B504659460022FEF7C5FD694B9A
:101B7000002282468B4640464946FEF7BDFD894617
:101B80008046FFF737FC0446FEF74CFD02460B4645
:101B900040464946FEF7F8FB303406F8014B524602
:101BA0005B4680468946FFF74DFB002840F0B48431
:101BB00042464B4654490020FEF7E6FB52465B4640
:101BC000FFF740FB0028C8D0199BDDF858A00A9AFF
:101BD000374603F1010802E0974200F07C843E465C
:101BE00017F8013D392BF7D00133DBB23B70454686
:101BF00075E10123002C1093BFF682AEC8F10103FA
:101C00000B9300247EE63846FEF70CFD42464B4619
:101C1000FEF772FD3D4B0022FEF7B8FB0646A1F130
:101C200050773D4B404649460022FEF7ADFB324619
:101C30003B4680468946FFF723FB002840F05A8444
:101C400040464946324607F10043FFF7FBFA28BBFE
:101C50001D9B002BC0F292800E9A0E2A00F38E80FC
:101C6000274D0E9B05EBC305D5E90034CDE90434BF
:101C7000299B002B19DA069B002B16DC0ED1264B74
:101C80000022DDE90401FEF737FD02460B46DDE9DF
:101C90000801FFF7E1FA002800F02C844FF000095A
:101CA0000A9E4F46299BDD4325E2DDE90445DDE937
:101CB000088922462B4640464946FEF747FEFFF775
:101CC00099FB0646FEF7AEFC22462B46FEF714FDB6
:101CD0000A9F0B46024649464046FEF755FB06F171
:101CE000300307F8013B069B012B00F0128301250E
:101CF000CDF818A09946DDE904ABA8462CE000BF5A
:101D0000D0FB0008A8FB00080000F03F00001C40CA
:101D10000000E03F000024400000144052465B46B3
:101D200020462946FEF712FEFFF764FB0646FEF743
:101D300079FC52465B46FEF7DFFC08F101080B46D2
:101D4000024629462046FEF71FFB06F13003C84530
:101D500007F8013B00F0DB82B94B0022FEF7CCFC18
:101D60000022002304460D46FFF762FA0028D5D072
:101D70000E9DDDF818A001353E46B0E00C9A002A11
:101D800040F0D28000230F9D0B9E0C931F4656B14E
:101D9000002C08DDA6420B9A3346A8BF2346D21A70
:101DA0000B92F61AE41A0F9B53B10C9B13B1002D42
:101DB00040F0E88251460F9A039809F07FFB824673
:101DC0000398012109F096FA8146BBF1000F40F01B
:101DD000B681289B012B40F3CC810120204410F0D8
:101DE0001F0000F09A80C0F12003042B40F3DA8139
:101DF0000B9BC0F11C0003440B93064404440B9B53
:101E0000002B05DD514603981A4609F0B1FB8246C6
:101E1000002C05DD49460398224609F0A9FB8146BE
:101E2000109B002B40F07081069B002B40F34881F3
:101E30000C9B002B40F0A4800E9D0135DDF828801E
:101E4000069CDDF80CB0012607E0514600230A226B
:101E5000584609F0ADF9013682464946504608F029
:101E600091FFA64200F1300308F8013BEDDB069A32
:101E7000002AC8BF16460A9AD8BF012602EB060BF5
:101E80000024514601220398049309F071FB49464E
:101E9000824609F0E5FB002840F3E3810A9A02E05C
:101EA0005A4500F0E9815E460BF1FF3B16F8013C14
:101EB000392BF5D001338BF80030DDF80C80494622
:101EC000404609F06BF957B12CB1BC4203D0214612
:101ED000404609F063F90398394609F05FF9039821
:101EE000514609F05BF9002333702A9B1D602C9B3F
:101EF000002B3FF494AC0A981E601FB0BDE8F08F31
:101F00005846FEF78FFB32463B46FFF791F9002813
:101F10007FF4DCAC0BF1FF3BD8E41C230B9A1A4492
:101F20000B921E441C446AE7289A012A40F3A981B7
:101F3000069A0F9B551EAB42C0F26B81002AA3EBA1
:101F4000050580F2DD820B9B069A9E1A03980121FB
:101F500009F0D0F907461AE7C3F1200306FA03F0A7
:101F600081E40125E4E43946002303980A2209F0BC
:101F70001FF9189B002B074640F3EF820E9506933E
:101F8000002E00F33F81BBF1000F40F0DF81B84627
:101F90000A9E069C731E1C44049B0C9403F00103D0
:101FA000039C0F934946504608F0ECFE39468346A1
:101FB000504609F055FB424649460546204609F081
:101FC0006FFBC26801460BF13003002A3AD108903A
:101FD00050460B9309F044FB08990690204609F0FF
:101FE000DDF8069A0B9B002A5AD1289A1AB90F9A43
:101FF000002A00F09A82002D45DB0C9AB346B242CB
:102000000BF8013B00F0B981514600230A2220461B
:1020100009F0CEF84745824639464FF000034FF0AD
:102020000A02204636D009F0C3F84146074600238D
:102030000A22204609F0BCF85E468046B2E700BF9F
:10204000000024400398069309F0A8F8002D069B91
:1020500006DB049A289902F001020D432A432AD193
:10206000514601220398049309F082FA49468246B8
:1020700009F0F6FA0028049B40F3E880392B00F0C1
:102080002F820BF131030E9D06F8013B3C460135D2
:10209000474612E709F08CF85E460746804681E71E
:1020A000002DC0F27D8228990D430F990D4300F059
:1020B0007782002AA1DD392B00F012820133E2E79A
:1020C000289B022B7FF7B4AE069B002B40F01D81AE
:1020D00049460522039809F06BF8014681465046AF
:1020E00009F0BEFA002840F310810A9E0E9D3123AC
:1020F00006F8013B013503984946013509F04EF8D1
:10210000002F7FF4E8AEEAE64946504609F0A8FA07
:102110000028BFF689AE5146002303980A2209F031
:1021200047F80E9B5D1E0C9B8246002B7FF41BAF75
:10213000189B002B40F3FF810E9D06937EE601461F
:102140005A46039809F0BAF9289B012B81466CDDA9
:102150004FF0000BD9F8103009EB8303186909F030
:1021600077F8C0F1200039E6924B0A930333FFF76A
:10217000FABB049B002B7FF430AEDDE90412C2F3FE
:102180001303002B7FF429AE8B4B134023B10B9B21
:1021900001330B9301340123BBF1000F40F0AE81FA
:1021A0009B461AE63FF42BAEC0F13C03B6E6012392
:1021B0000C93299B0E9A134418930133012B1E464E
:1021C0000693B8BF0126172E40F3D58101220423C0
:1021D0005B0003F11400B042114602F10102F7D98D
:1021E000039B596411E401230C93299B002B33DDDD
:1021F000189306931E46E6E700230C93D9E70023C5
:102200000C93F2E739460398324609F0B1F90746D4
:10221000B9E60F9B069A0F95EB1A9B440B9B1E4643
:10222000134414440B93002590E6049B002B8FD19C
:10223000DDE90401C1F313030A46002B88D1A3E7AB
:10224000DDE908230227CDE912230BE47FF41BAF5D
:10225000DA077FF518AF11E7012329930693FFF7FB
:10226000CFBB03D1049BDB073FF518AE5E461BF8DE
:10227000013D302BFAD020E60A9A31230135137044
:102280001BE6119A002A00F0F98003F233430B9AFF
:102290000F9D16461A441C440B9257E6C8F10103E1
:1022A00004460B931090FFF79BBB00F0EB800E9B56
:1022B000424D5E4206F00F0305EBC303D3E9002352
:1022C000DDE90801FEF718FA3511CDE9120100F039
:1022D0004D813B4E0023022780468946E80709D5F9
:1022E000D6E9002340464946FEF706FA0137804604
:1022F000894601236D1006F10806EFD1002B7FF40B
:10230000CAABDDE91289FFF7C6BB0A9ECAE4DDF855
:1023100018A00E9D02460B46FEF738F802460B4603
:10232000CDE906230135DDE90423A846FEF7A8FF21
:1023300040B9DDE90423DDE90601FEF779FF18B1B4
:10234000F10701D50A9A4AE43E46C8E57968039840
:1023500008F0FEFE0546002800F026813B690233A6
:102360009A0007F10C010C30FEF794FF0398294600
:10237000012209F0FDF880460AE60E9D3C46013533
:1023800047467EE5DDF80C8039462A46404609F08E
:1023900095F8524601460746404608F0D9FF514697
:1023A0008246404608F0FAFE0F9B5B1B0F933FF4FA
:1023B00007ADFFE42C0401080000F07FD0FB00080B
:1023C000A8FB0008DDE91401FEF796F90A9B1F70CF
:1023D000129B012BCDE90C0100F0C680129F0A9BD5
:1023E000CDF844B01F447C4B002240464946FEF7DE
:1023F00083F989468046FEF7FDFF8346FEF712F912
:102400000BF1300B02460B4640464946FDF7BCFF38
:1024100006F801BBB74280468946E4D1DDF844B0F6
:102420006E4B0022DDE90C01FDF7B0FF02460B46C2
:1024300040464946FEF724FF002867D1DDE90C231A
:1024400066490020FDF7A0FF02460B46404649467C
:10245000FEF7F8FE48B91D9B002BFFF693AC0E9BD0
:102460000E2B3FF78FACFFF7FCBB3E46013F16F843
:10247000013C302BF9D0199D013530E51C9BC3F18F
:10248000360304E7DDE908890227FFF704BB069B52
:10249000002B3FF4B8AB189B002B7FF7D9AB0E9AFB
:1024A0001293013A4C4B1992404600224946FEF7DE
:1024B00023F980468946781CFEF7B4F842464B461D
:1024C000FEF71AF9464B0022FDF760FF0646A1F120
:1024D0005077FFF701BB08F101083123FFF786BBF6
:1024E0000E9D0A9AB34639233C460BF8013B013551
:1024F0004746D8E44FF000094F46F6E59B4629E6EB
:102500000B9B1E46134414440B931FE5199B0A9A18
:1025100003F10108FFF763BBDDF858A0ABE7DDE985
:102520001AB4DDF858A0FFF793BB392BD8D0002D93
:102530003FF7A7ADA7E5289B022B0ADC189B069363
:1025400049460E9D08F01EFC0A9A00F130031370F4
:102550008DE4189B06930E95B6E5289B022BF8DCBC
:10256000189B0E9506930BE5374659E7DDE912896E
:102570000227FFF790BA039B00215964FFF745BA81
:10258000039B00255D642946184608F0E1FD0A908A
:10259000A8B9144B144800224FF4D57109F080FA01
:1025A000002A7FF770AD5BE50E4B0F482A4640F2DC
:1025B000EA2109F075FA0D4B0A93FFF730B9039B36
:1025C0000A9A1A644FF0FF330122299518930C924E
:1025D0000693FFF73DBB00BF000024400000E03F32
:1025E00000001C40300401084404010820040108D4
:1025F00038B50CF068FF0A220023FEF7A9FD094B4D
:10260000D3E90052441B61EB0202322C72F100024A
:1026100006DBC3E900010448BDE8384005F0EABC28
:1026200038BD00BF980B0020BC120020024B186878
:1026300008B100F0CFBB7047441300202DE9F04FE4
:1026400089B05E4C5E485F4A03210BF0DAFD2046FC
:1026500000F05AF948B95C4A594801210BF0D1FD04
:102660004FF0FF3009B0BDE8F08F584D584E594F2C
:10267000DFF86491DFF864A1DFF864B1DFF864810A
:102680002146284600F0D6FA3560574D2146384697
:1026900000F098FB2F60554F2146384600F0B0FC03
:1026A000534B544AC9F80070C3E9002700229A60CE
:1026B000DA60514F3168C8F8003000221A74504671
:1026C0002A680BF007F9C7F800A02146DFF82CA113
:1026D00058460BF094F83068CAF800B00BF04FF889
:1026E00008B9474AB8E728680BF063F80028F8D023
:1026F000D9F800000BF02BF90028F2D0DAF800002E
:102700000BF0D7F80028ECD0D8F8001038680BF0A0
:10271000F1F83C493C480CF077FD606A94F82810C9
:1027200083689D6965B10269012312688B40134279
:1027300014BF4FF000734FF080634FF0A072A847B2
:1027400094F8283031483249012202FA03F3C1E9F2
:102750000103606A8368DB6903B19847002600279C
:1027600000240525CDE90667CDE90354CDE90144F0
:10277000284B294900944FF40062284805F0BCFC1E
:10278000274926480CF072FD264B27490094CDE9D5
:102790000667CDE90354CDE901444FF48062234834
:1027A00005F0AAFC224921480CF060FD0448214AAA
:1027B00003210BF026FD204654E700BF5C130020E8
:1027C00034FB000888050108A30501083013002028
:1027D000581300202413002050130020E012002082
:1027E000CC1200204C13002054130020181300209A
:1027F00004130020A0FC000848130020441300200C
:10280000C60501082D260008BC120020F12500088D
:10281000B012002071280008401A0020180B002078
:10282000E70501083928000800160020980A002052
:10283000F50501080006010808B50B4C0B4D206892
:1028400000F006FB23685A7C3AB99A68197928681F
:10285000B2FA82F2520900F065FC002140F6B8306D
:1028600005F0FCFEEBE700BF4413002050130020EE
:1028700038B51B4D1B4C286800F058FB237833BB40
:102880002B682046D96900F087FCC8B1164B186840
:1028900000F034FB154B1B6801221A74144B1868A6
:1028A0006368934219D01349134A022B18BF11468B
:1028B00000F05EFC114A124801210BF0A2FC06E078
:1028C0002B682046196A00F0C3FC0028DED10021E5
:1028D00042F2107005F0C2FECDE70A49E8E700BFFA
:1028E000481300203C130020441300204C13002008
:1028F0005013002028060108350601083D0601088E
:1029000034FB00081B060108F0B504465C48206053
:1029100085B00AF00BFF064620B95A4A5A480121F1
:102920000BF06FFC594D6560012303222372638114
:10293000E5602274638228460AF0F8FE00286AD116
:10294000534A514801210BF05CFC00260D235148ED
:1029500023760F22002360616383E06184F82020E6
:1029600063840AF0E3FE002866D0E0690AF0DEFE28
:10297000002861D04FF4B01104F114000AF0D8FE21
:102980004FF4B01104F11C000AF0D2FE0D23012710
:1029900065623E4884F8283067850AF0C7FE054620
:1029A000002850D13C4A384839460BF02AFC3B48B5
:1029B0003B4BE06223630AF0B9FE3A4E00284AD04E
:1029C000206B0AF0B3FE002845D0374B18689A8870
:1029D0000090D3F806005B890290ADF80420E06A0D
:1029E000ADF80C30836869461B689847002834D0DE
:1029F0002E4A254801210BF004FC2A4866630AF0A0
:102A000095FE20B92A4A204801210BF0FAFB002547
:102A1000284605B0F0BDE0680AF088FE00288FD097
:102A2000201D4FF4B0110AF083FE4FF4B01104F1F1
:102A30000C000AF07DFE89E71E4A134801210BF0C5
:102A4000E0FB0026A2E74FF4803104F124000AF0F5
:102A50006FFE3546ABE7184ACBE7206B836802A9C7
:102A60001B6898470028C3D1666330460AF05EFEB3
:102A70000028C7D0002DCAD0012384F83830C7E71A
:102A80007CF70008700601082CFB0008A0F600087F
:102A90008A060108B4F60008CA06010818F70008FB
:102AA00004F700082CF7000898FB0008E00601086E
:102AB00011070108A5060108F906010810B504462A
:102AC000034A044801210BF09CFB0020207210BD3A
:102AD000420701086CFB00082DE9F04F8BB090F81D
:102AE000089000AF04460E46B9F1000F1ED0142224
:102AF0000021B818798106F075FB4FF40033BB61F3
:102B000007F10A03FB610C2387F824306368022570
:102B1000186B3D62836807F114015B6898470346B0
:102B200058B13D4A3D4829460BF074FB4FF000096F
:102B300048462C37BD46BDE8F08FB7F90A2038600B
:102B400022EAE27A5046FEF79FF83549FEF7F4F89C
:102B50003449FEF7A5F934498046FEF7EDF80546FD
:102B600030604046FEF7AEFA83462846FEF7AAFAE2
:102B7000C7F804D08CB006466C462C49396104F184
:102B8000140007F110010AF009FE07F10C0104F12D
:102B90001800C7F80CA00AF001FE04F11C00C7F8E9
:102BA0000CB00AF0FBFD5846FEF772F801464046AD
:102BB000FDF7B8FF1E49FEF7BFF8FEF7A9FA07F1C7
:102BC0000C01F86004F120000AF0E8FD04F1240093
:102BD000FE600AF0E3FD3046FEF75AF8014628464B
:102BE000FDF7A0FF1249FEF7A7F8FEF791FA07F1EB
:102BF0000C01F860224604F128000AF0CFFD0721FD
:102C000042F8101FF96005483B684FF4635101F02A
:102C10002FFED7F804D08BE7660701086CFB00088D
:102C20003333534000F07F450000A040890701087E
:102C30000000C842024AC0E9002100220272704727
:102C4000B8FC000810B50446034A044801210BF003
:102C5000D8FA0020207210BDCC070108DCFA000869
:102C60002DE9F04F8BB090F8089000AF04460E4667
:102C7000B9F1000F1CD014220021B8180225798167
:102C800006F0B0FA07F10A03C7E907350C2387F805
:102C900024306368BD61D86A836807F114015B68FA
:102CA0009847034658B13F4A3F4829460BF0B2FACD
:102CB0004FF0000948462C37BD46BDE8F08FB7F904
:102CC0000A20386022EAE27A5046FDF7DDFF3749F4
:102CD000FEF732F83649FEF7E3F836498046FDF74D
:102CE00021FF3549FEF7DCF8054630604046FEF727
:102CF000E9F983462846FEF7E5F9C7F804D08CB019
:102D000006466C462D49396104F1140007F11001A3
:102D10000AF05EFD07F10C0104F11800C7F80CA0E1
:102D20000AF056FD04F11C00C7F80CB00AF050FD83
:102D30005846FDF7ADFF01464046FDF7F3FE20493A
:102D4000FDF7FAFFFEF7E4F907F10C01F86004F172
:102D500020000AF03DFD04F12400FE600AF038FD79
:102D60003046FDF795FF01462846FDF7DBFE144986
:102D7000FDF7E2FFFEF7CCF907F10C01F8602246FF
:102D800004F128000AF024FD072142F8101FF96021
:102D900005483B684FF4635101F06AFDD7F804D051
:102DA00088E700BFF0070108DCFA0008333353401E
:102DB00000F07F4500002040A4703D3E130801084C
:102DC0000000C842024AC0E9002100220272704796
:102DD000D0FC000810B5437C044633B1174A1848AC
:102DE000BDE8104002210BF00CBA017CA9B9012307
:102DF000C0E902130374052303710AF027FD20467E
:102E00000AF03BFD20460AF001FD23790D4A03211B
:102E1000BDE810400A480BF0FDB9C1684B1E012BFC
:102E200004D803210379C160074AF1E7032904D1DB
:102E30000123C3600379054AEAE710BD4F08010882
:102E400024FB00087E080108A2080108C408010844
:102E5000F0B583B0037C00AF044673B1457C65B91F
:102E6000C368012B0FD103795E2B09D96423037149
:102E70000223C36020460AF0C9FC0C37BD46F0BDF2
:102E800005332371F6E7032BF7D10279052A28D8F9
:102E900005710AF0BBFCA168B1FA81F14909A16092
:102EA00020460AF0D3FCA1680F4A104B6E4688B04A
:102EB000002908BF13466A460D49C2E905134FF4BD
:102EC000007393830B4B42F8103F7B600A482B46FC
:102ED0004FF4E65101F0CCFC0123E360B546052335
:102EE000CFE7053A0271C6E7E6080108EA080108DB
:102EF000EE0801080300000124FB000838B5044671
:102F000000250AF0C8FC257120460AF07FFC4FF42A
:102F10008073E5602382034A0348BDE838400121FD
:102F20000BF06FB90D09010824FB00082DE9FF41E2
:102F30000446002700680297036802A9DB689847E7
:102F4000F0B1029BE36104F104080025A369029E2D
:102F5000AB423DD83046FEF7B5F80546FDF798FE82
:102F600001463046FDF7DEFD2149FDF7E5FEFEF79F
:102F7000CFF8204A00902B461F4803210BF054F94C
:102F800060680397036803A9DB689847E8B1039B6F
:102F90002362271D0026A369039DB34220D828463B
:102FA000FEF790F80446FDF773FE01462846FDF74C
:102FB000B9FD0F49FDF7C0FEFEF7AAF80F4A0090D1
:102FC00023460D4803210BF02FF904B0BDE8F08132
:102FD00058F8040F036831469B6898470135B5E7F8
:102FE00057F8040F03682946DB6898470136D2E793
:102FF0000000C8423009010854FB000844090108D8
:10300000024AC0E90021002202817047E8FC000862
:103010002DE9F04385B0054600AF01F0F004002A29
:1030200053D144F0080444F00403BB706B680126DC
:10303000586BBE60BB1C4FF002097B6087F80C9098
:1030400083683246D3F80880391D2723C04780465D
:1030500030460CF05CF86B68FC70586B87F80C908D
:10306000FB1CC7E90136836832469C68391D27235B
:10307000A047044632200CF04AF858EA040320D056
:103080006B7AF3B9E9468AB06A461149516102F197
:10309000180027210AF048FC02F11C0041460AF002
:1030A00043FC214602F120000AF03EFC0521796034
:1030B00042F8101F07484FF4215101F0D9FBCD46CB
:1030C0006E721437BD46BDE8F08344F00904AAE7E8
:1030D0006709010804FB0008F0B5037A8BB00446C9
:1030E0000E461746D3B100250D22294606A80595A0
:1030F00006F078F83846FDF7A7FACDE90201304628
:10310000FDF7A2FA064ACDE90001112105A806F053
:10311000D9F805AA294620460AF05BFC0BB0F0BDA1
:10312000B209010870B5037A88B004460D46164608
:10313000B3B100210D2204A8039106F053F8094A07
:10314000094B002E18BF13460093084A11212B4645
:1031500003A806F0B7F803AA012120460AF039FCBB
:1031600008B070BDE6080108EA080108C3090108B3
:1031700038B5037A04460D4653B1064A00210AF0D9
:1031800028FC2A4620460121BDE838400AF021BC2F
:1031900038BD00BFD40901082DE9F04383B005789C
:1031A00000AF04460E46002D48D125493046FDF7B4
:1031B0007FFF00283DD04FF0010884F80080C4F85C
:1031C00004803046FDF77EFFE9468AB002466C4631
:1031D0001C4B7B60391D04F114000AF00EFC7A6070
:1031E00004F118000AF009FC1046FDF751FD0146F4
:1031F0003046FDF797FC1449FDF79EFDFDF788FF6B
:10320000391D786004F11C000AF0F7FB0E237B6087
:1032100004F1200022460AF0F0FB05237B6042F80F
:10322000103F0A482B464FF4215101F021FB45463F
:10323000CD4628460C37BD46BDE8F0830025F8E7AB
:1032400000006041EE0901080000C842E4FA0008ED
:103250002DE9F04383B0057800AF04460E46002DFB
:1032600048D125493046FDF723FF00283DD00223F1
:103270004FF0010884F8008063603046FDF722FFBC
:10328000E9468AB002466C461C4B7B60391D04F14E
:1032900014000AF0B2FB7A6004F118000AF0ADFBEA
:1032A0001046FDF7F5FC01463046FDF73BFC14499E
:1032B000FDF742FDFDF72CFF391D786004F11C007D
:1032C0000AF09BFB03237B6004F1200022460AF0F6
:1032D00094FB05237B6042F8103F0A482B464FF4CD
:1032E000215101F0C5FA4546CD4628460C37BD466A
:1032F000BDE8F0830025F8E700004040190A010806
:103300000000C842E4FA00082DE9F04F91B08407AC
:10331000009302F004030293C2F3C20303F101031A
:10332000DDF86890039205460E46059340F0BA8199
:10333000041D30B1072909D86FF01B0011B0BDE89A
:10334000F08F01F00706341DC6F10806009B4FF010
:103350000008591E4FF0040A4FF0FF330193CDF8D7
:1033600010804746C34653460DB1009A2260059827
:10337000002800F3E8809848009A824203D39748D7
:103380008242C0F0E080039AA4EB050E92074FEA58
:103390009E0000F103810F2F00F2B180002D00F09C
:1033A000058107F140020DEB020C019A0CF8200C8C
:1033B0000CF8102C049801300490E7E07A285DD8CE
:1033C0004B280ED8472859D829282DD8252852D03F
:1033D00054D820287AD02338D0F1000B4BEB000BC7
:1033E00074E04C382E2849D8DFE800F0704848488F
:1033F00048484848484848484B484848484848484A
:103400004859484B4B595959704B6D487048184BA7
:10341000184848827F4B48484B487F0000204FF0B7
:10342000000B4FF0040A38E02A38C0B2012202FA39
:1034300000F010EA0E0F49D110F0625C2FD110EAB3
:10344000020B43D06046013C5444B4FBFAF40AFB3F
:1034500004F4002D61D0A3EB050CA444B4453FF661
:103460006BAF002868D1042B47D159F8043B236087
:10347000043404232AE0019A013A01924FF0000B30
:1034800024E011F8010C6C2834D111F8023C002022
:103490006C2B8346C5D14FF0080A5346D3E709F198
:1034A000070929F007090734F9E802AB24F00704FB
:1034B00035B106982044B0423FF63EAFC4E900ABB8
:1034C00008344FF0000B4FF0080A534611F8010F73
:1034D000002878D0BBF1000F7FF470AF2528F5D11C
:1034E000019B013301934FF0010B4FF0040AECE70D
:1034F000584694E700208346A5E7082B02D06FF0DA
:1035000015001BE709F1070929F00709F9E802236B
:10351000C4E9002308340823D8E768B9042B02D192
:1035200009F10409A4E7082BE9D109F1070929F0F9
:10353000070909F10809EDE7059A013A059259F8DA
:10354000042B009210E7039A900720D5A4EB050EF8
:103550004FEA9E004FF0010CBEF5007FCFD20F2F37
:10356000CDD8F5B107F140020DEB020EC0B2019AC1
:103570000EF8200C0EF8102CBCF1000F3FF41AAF1F
:1035800060F07F000EF8200C08F101080137C5F14A
:103590000802043406924FF6DA7E97E74FF0000CEB
:1035A000DAE7BCF1000F01D00136EFE702980236EE
:1035B0000028EBD10098CDE90631FCF721FEDDE9CA
:1035C00006310644E2E7631BB3F5806F97D23DB93D
:1035D000A6F10804E018B1E63CF5000890170108D0
:1035E000029A28609B082B709DF81030C2B1EB70D6
:1035F00085F80280B8F1000F05D008A80022C5F1B7
:10360000010C97420ED1C5F101030DF120094FF0D5
:10361000000A01930DF1300B574512D1601B8DE666
:103620006B70E5E710F8013B190608D504EB0C0EAA
:10363000B64503F07F033FF67FAE04F8013B01324D
:10364000DFE7B8F1000F03D099F90020002A17DB5B
:10365000029BD3B11AF80B2004F8012B0022019B26
:1036600098182044B0423FF667AE99F8000004F87D
:10367000010B009903922046FDF70CFE039A1444B7
:103680000AF1010A09F10109C6E799F8002055F885
:1036900022300093029B45F822300098FCF7B0FDE1
:1036A000421CDCE76FF00D0048E600BF2DE9F04F4B
:1036B00097B000AF90F802A0D7F880B03B62CBF390
:1036C000C0030446FA62BB61894641B94578007877
:1036D0000AEB800020444D4517D8A0EB0409E3789D
:1036E000FB61BAF1000F02D01BF0010F16D1FB698C
:1036F00053BBFB6A1BB13A6A4946204698474D4680
:1037000028465C37BD46BDE8F08F461C3046FCF7C6
:1037100077FD0130304409F10109DCE72378626864
:103720007A62FA6A9900796104EB8301002A40F019
:1037300000814D460E4601EB0A094FF000084E4548
:103740004CD101EB0A0610E01BF0020FD1D0237818
:103750009A007A6162687A62FA6A04EB8301002A4D
:1037600077D14D4601EB0A0690461BF0050F0CBFC2
:1037700002230123FB62FB6906EB430A0BF0020301
:10378000BB625645BCD016F8021B16F8013C54F833
:103790002390AF4B994502D3AE4B994536D3BB69C5
:1037A000002B40D0786A0AF0C5F900283BD0E946E2
:1037B0008AB06A46A84B53617B6AC2E906314FF46E
:1037C00000731384A54B42F8103FA54800234FF423
:1037D000125101F04DF8023DCD46D2E716F8013BFB
:1037E000F96254F82300FCF70BFDD7F88430F96A2E
:1037F00001304BB1D7F8883098453EBFD7F88430B8
:1038000023F8180008F10108054498E7BB6923B1C3
:10381000786A0AF08FF90028C9D11BF0010F05D191
:10382000FB6AED1AADE7BB6A002BAAD04846FCF74D
:10383000E7FCD7F8843053B1D7F8883098453FBFBC
:10384000D7F88420431C22F8183008F101080544F9
:1038500097E7BAF1000F72D01BF0040672D0D04681
:10386000002607F1480052463B61B962FDF712FDA0
:10387000B96A3B6901EB0A02BA62FA69F969520056
:10388000FA60BA6A02EB41023A610BF00202BA60D6
:103890003A69B96A8A4257D162787A621BF0020F9C
:1038A00032440CBF4FEA580100211BF0010FD2B285
:1038B00040F09F801BF0040F14BF40460020BB6106
:1038C0006270A070E1703A6A7969FB6A2046984795
:1038D000051EFFF615AFBB6923707B6A6370FB6939
:1038E000E37041463A6AFB6A84F802A007F1480097
:1038F0009847B0F10008C0F2B5807B693A6AA9EB3D
:103900000A01C91AFB68C91AD7E90A0398470028AF
:10391000C0F2AA80A84408EB00054FF0000B07F1A5
:10392000380AB34567D300213A6AFB6A08469847CC
:10393000E6E656464FF0000807F1380093E7564692
:10394000D04697E7B04695E7BA6A12F8021BBA620A
:1039500012F8015C3E4A54F82500904202D33D4AD9
:1039600090421ED3BA6932B1786A7B600AF0E2F8FD
:103970007B6800288CD1BA6802BB08F1280207F1E5
:10398000300C08F10100944407F1580252FA80F01B
:1039900008F102080CF8101C5FFA88F800F8105CB7
:1039A00076E7BA693AB1786A7B600AF0C3F87B6857
:1039B00000287FF46DAF1BF0010F09D006F128023B
:1039C00007F13000711C161806F8205CCEB25FE7D4
:1039D0001BF0040F3FF45CAF08F1280207F1300040
:1039E00008F1010102EB000808F8105C5FFA81F8A9
:1039F0004EE7002063E71BF80A3087F8373054F8A9
:103A00002390D7F88430FBB133F81B803A6AFB6A05
:103A1000012107F137009847002825DB0544B8F15C
:103A2000000F06D14846FCF7EBFB00F101081FFA36
:103A300088F83A6AFB6A414648469847002813DBF3
:103A400005440BF1010B6CE7D7F88480DEE700BF7B
:103A50003CF5000890170108540A01080400000111
:103A6000D4FA000845464BE6054649E6014B186086
:103A7000704700BFE807002030B587B00025CDE9CA
:103A800003010446009503A90548059500F06EF86A
:103A9000DDE904309842B8BF255407B030BD00BFFF
:103AA00083DB0008F0B5094E016802460A270020B2
:103AB0000B4601311C78355D6D0701D41360F0BDF4
:103AC00007FB0043A3F13000F2E700BFB902010891
:103AD0002DE9F84F15469A46D378234A12F803B0D9
:103AE0006F2B81460F460BF0030B2BD026D8582B9B
:103AF0000CBF10260A26DDF82880324600234846EF
:103B00003946FDF725FB092A08F1FF38D4B21ED843
:103B10003034B145E4B277F1000788F8004001D3B2
:103B2000D04511D82B789B0605D5082E15D1AB783A
:103B300043F00803AB704046BDE8F88F03F0F7038D
:103B4000702BD5E70826D6E781460F46D5E7BBF1AF
:103B5000010F0CBF37345734DBE7102EEBD1AB78B5
:103B600043F01003E6E700BFB90201082DE9F04F6A
:103B700097B08A46039016461C460025307808B94F
:103B8000284656E325280AD0039B5146984700282B
:103B9000C0F24F83731C01350493049EEEE7182294
:103BA000002110A805F01EFB7378252B00F0A380E0
:103BB0000023711C98469E469C4618460F4611F8F5
:103BC000012B2B2A00F0C68000F2BD80202A00F0D5
:103BD000C480232A00F0C4802BB19DF8483043F004
:103BE00040038DF84830B8F1000F05D09DF84830FB
:103BF00043F020038DF84830BEF1000F05D09DF84A
:103C0000483043F010038DF84830BCF1000F05D068
:103C10009DF8483043F008038DF8483028B19DF8EE
:103C2000483043F004038DF848309DF8483003F0E5
:103C30004401442903D16FF386138DF848309DF871
:103C40004830099743F080032A2A8DF8483040F025
:103C50008C809DF8493043F001038DF849307B1C7E
:103C60001A782E2A9DF849200CBF0121002161F30A
:103C700041028DF849200CD15A1C09925A782A2AFF
:103C800040F083809DF8492042F004028DF84920DD
:103C900002331A786C2A00F0A48000F28680682A29
:103CA00000F08C806A2A00F0A5804C2A00F0AA80DF
:103CB0001A4612F8013B0492782B9DF849208DF8A2
:103CC0004B3000F217816D2B00F2A980692B00F2B6
:103CD0001181572B00F2BE80412B03D0453B022BB4
:103CE00000F208819DF84A30042262F302038DF845
:103CF0004A300123CAE08DF84B30B31C04939DF881
:103D00004930D90740F1FD8054F8048BB8F1000F19
:103D100007DA9DF8482042F004028DF84820C8F1E7
:103D200000085A0740F1F68054F804BBBBF1000FBD
:103D300080F2F5809DF849306FF341038DF84930EA
:103D40004FF0FF3BEBE02D2A0DD0302A7FF444AF3B
:103D5000012333E74FF0010C30E74FF0010E2DE760
:103D60004FF001082AE7012028E709A8FFF79AFE8B
:103D7000099BBB423FF474AF9DF848201390C00FDD
:103D800060F341028DF848206AE709A8FFF78AFE30
:103D90009DF848301490C3F3400242EAD07262F3B7
:103DA00041038DF84830099B73E7742A26D07A2A9C
:103DB0007FF47EAF9DF8492006210CE05A78682AEE
:103DC0009DF8492006D1012161F3C6028DF84920F2
:103DD00002336DE7022161F3C6028DF849200133F9
:103DE00066E75A786C2A9DF8492001D10421EBE757
:103DF0000321F0E79DF849200521ECE79DF84920D3
:103E00000721E8E7BDF8482022F4F04222F0020240
:103E100042F4804242F00202ADF84820DFE76E3BF8
:103E2000D9B201238B4040F282410B4238D113F0CA
:103E3000240F52D1DF075DD59DF84A30032161F38D
:103E400002038DF84A3002F07803A3F140004342A8
:103E500043411BE0A3F15801C9B2012000FA01F16E
:103E600011F4624F7FF43EAF40F6010739421DD195
:103E700011F4043F3ED09DF84A3060F3020302F093
:103E80007802402A8DF84A3034D000239DF848202B
:103E9000C2F340010B4363F341028DF848202EE743
:103EA0009DF84A30022161F30203E8E79DF84A10C9
:103EB000022002F0780260F30201402A8DF84A10D5
:103EC00002BF9DF8481041F001018DF84810632BA6
:103ED000DBD1131E18BF0123D8E79DF84A30032118
:103EE00061F3020312F0780F8DF84A3014BF0123FA
:103EF0000023CBE79DF8483043F001038DF84830AC
:103F0000C3E79DF94820002AB4BFDDF84C804FF08C
:103F1000FF3806E79F077FF513AFDDF850B09DF837
:103F200049100023CDE913339DF84A3003F007030D
:103F3000012BC1F3C30132D1CB1E042B04D8DFE81F
:103F400003F0204545202000236801294FEAE37251
:103F5000CDE910321BD19DF94030DA17CDE910328E
:103F600004349DF8483013F003074FD0049B0398A6
:103F70003246514609F03BFE0028C0F25A81054402
:103F80000BE654F8043BDA17CDE91032E9E70229D1
:103F9000E6D11AB243F3C033CDE91023E0E7022B98
:103FA00024D1CB1E042B04D8DFE803F0181010181E
:103FB0001800012954F8043B4FF0000214D00229E4
:103FC000CDE91032CDD19BB21093CAE7073424F06B
:103FD0000704F4E80223CDE91023C2E754F8043BB8
:103FE000109300231193BCE7DBB2CDE7042B08D17B
:103FF000073424F00704D4E900230834CDE9102362
:10400000AFE7032BADD154F8043BDDE79DF84B003F
:1040100078283FF6C2AD62281ED8252850D05828EF
:104020007FF4BBAD0DF13E030093DDE910010AAB57
:1040300012AAFFF74DFDBBF1000F814680F2C2804E
:10404000B9F1000F3FF4A9AD0DF13E06A6EB09034F
:10405000002F7BD0013379E0633815283FF69DAD02
:1040600001A252F820F000BF3B410008994100082E
:104070009B3B00089B3B00089B3B00089B3B0008C8
:10408000994100089B3B00089B3B00089B3B0008B4
:104090009B3B0008E7410008BF410008F9400008C9
:1040A0009B3B00089B3B0008D14000089B3B00085D
:1040B000BF4100089B3B00089B3B0008BF41000834
:1040C000039B514698470028C0F2B380013564E550
:1040D000BBF1000FDDF840900ADB5946484605F079
:1040E00035F9B9F1000F3FF458AD09EB000620E0B7
:1040F0004846FCF785F8F8E71098002800F087801C
:104100000DF13E060AAB009612AA0021FFF7E0FC73
:10411000BDF84A3003F0EF0343F4F04343F01003DB
:10412000BBF1000F8146ADF84A304ADA00283FF46F
:1041300034ADA6EB0903002708E0109B8DF828306A
:1041400000270DF129060DF1280901239DF84A10D9
:1041500011F01002069260D00233139A05921344B4
:104160004A0644BF14995B18B8F1000F6EDDA8EB46
:1041700003089DF848305807C3F3800B66D45906EE
:104180005AD53FB1039B514638469847002850DB2B
:1041900001355F46302350E01E075CBFC3F30013B8
:1041A0005F01DDE9102348BF2B27002BBFF63AAF94
:1041B000524263EB4303CDE910232D2732E700275A
:1041C00030E700279DF848100DF13E03A3EB0903EB
:1041D0006FF386119B458DF848107FF631AFABEB3E
:1041E000030313932CE7109B07293FF6D6ACDFE8B7
:1041F00001F00C04060C08080C0C1D70CDE41D80A9
:10420000CBE4EA17C3E90052C7E41D60C5E4314EB0
:104210000746A6F10509052398E7080748BF0133BB
:104220009BE7184607935146039B98470028079B36
:1042300004DA17B0BDE8F08F2023C34659460029A1
:104240000BF1FF3BEDDC45446D1AD84637B1039BBB
:104250005146384698470028EBDB01359DF84A3037
:10426000DA0601D41B0706D5039B51463020984738
:104270000028DEDB0135069B3BB19DF84B00039B1C
:10428000514698470028D4DB0135059F2F4406E0AE
:10429000039B5146302098470028CADB01357B1B21
:1042A000002BF5DC039833464A46514609F09FFC43
:1042B0000028BEDB0544A844A8EB0503002B7FF7CC
:1042C0006CAC039B5146202098470028B1DB013598
:1042D000F2E700BF0D0B0108034A536823F0020305
:1042E00053600020704700BF002004E0134B1A68A1
:1042F00042F400721A601A6842F480621A601A6806
:1043000042F480721A600E4B0E4A1A600E4A5368CD
:1043100043F0010353600D4B9A6D42F080529A6551
:104320009B6D0B4A82B003F080530193019B93680D
:10433000002043F48043936002B0704700200240A5
:10434000480800200024F400002004E0001002408F
:10435000007000402DE9F047DFF85880044607461A
:104360004FF0010914B93846BDE8F08794FAA4F576
:10437000B5FA85F509FA05F32E0108EB05156FEA84
:10438000030A24EA03042B7B002BEBD058F80630F9
:104390001B694BB94644042273682846196807EA2A
:1043A0000A0700F051FADDE7284698470028D9D1DE
:1043B000F0E700BF74FB000830B51049104889B021
:1043C00000220BF082F80F4D0F4900220023CDE9A7
:1043D000062300240E23CDE90334CDE901440B4B21
:1043E00000944FF44072284603F086FE08492846A0
:1043F0000AF03CFF204609B030BD00BF154400085C
:1044000028100020A00B002080220020F546000884
:104410000E0B0108014803F0A7BC00BF840A00206E
:104420002DE9F04780461E480F4609F05CFE06461F
:1044300078B300252846BDE8F087237B6BB123685D
:10444000DB680BB12046984723681B69CBB96368CA
:1044500004221968204600F0F7F9013610344C4563
:10446000EBD3B8F1000FE5D0002DE2D02846FFF7DE
:1044700071FF0546002FF7D00021642004F0EEF80C
:10448000F2E7204698470028E1D00AFA06F31D43D8
:10449000E3E7044CDFF8109005464FF0010ADEE731
:1044A000A813002074FB000884FB0008014B53F89C
:1044B0002000704714FD000808B5034608462BB1DC
:1044C000044A136000F06EFC002008BD6FF0150078
:1044D000FBE700BFEC07002010B5044C237813B9AC
:1044E000034803F041FC0123237010BDF0150020A8
:1044F000840A002010B50446084809F0F4FD5CB1B8
:10450000BFF35B8F064B53E8001F013943E80012ED
:10451000002AF8D1BFF35B8F10BD00BFA0130020AD
:10452000A41300200020064BBFF35B8F014653E825
:10453000000F43E80012002AF9D1BFF35B8F7047E8
:10454000A013002070B5FFF7EDFF084C084E05469C
:10455000B44200D370BD63685B792BB123685B689C
:1045600013B12946204698471034F1E774FB000840
:1045700084FB000810B5044C0449204609F048FCAF
:10458000034B1C6010BD00BF040A002000FD0008A2
:1045900098130020084A094808B500231370084AF8
:1045A0001360084A4FF47A711360FFF785FFBDE886
:1045B0000840FFF7DFBF00BFF115002001E1000850
:1045C000A0130020A413002001460022014800236C
:1045D00009F03FBC040A0020014809F0D5BC00BF27
:1045E000040A0020024B0146186809F021BD00BFF3
:1045F00098130020014809F056BD00BF040A0020AE
:1046000070B5254B1878002844D0FFF7E5FF054624
:1046100090B1BFF35B8F214B53E8001F013943E892
:104620000012002AF8D1BFF35B8F1D4C1D4EB4421F
:1046300026D32846FFF7D6FF1B4B1C4C1B68002BCC
:1046400012DD0AF040FF0A220023FCF781FDD4E9C5
:104650000032C01A40F2E93361EB0201984271F175
:10466000000101D3FFF76EFFD4E9003213F57A732E
:1046700042F10002C4E90032BDE87040FFF7BABF62
:1046800063685B7923B1236829461B6820469847F5
:104690001034CCE770BD00BFF0150020A41300203B
:1046A00074FB000884FB0008A013002020100020E9
:1046B00070B50D4D297861B90120FFF7B1FE0B4CA3
:1046C0000B4EB44206D3FFF79BFF0028FBD101231A
:1046D0002B7070BD63685B791BB1236820469B68B3
:1046E00098471034EDE700BFF115002074FB000877
:1046F00084FB000800212DE9F0470846FFF790FEF3
:10470000044648B34FF4FA784FF0000903F0C4FFB1
:104710001A4B186030B11A4B1B68092B02DD19487F
:1047200003F022FB184FDFF85CA0002544B12046BF
:10473000FFF710FE044618B94FF0FF384FF0FF396D
:10474000FFF75EFF064628B9B5B942464B465046CC
:1047500003F02EFB3546E9E74FF0FF384FF0FF3905
:10476000D4E72B689B691BB1002211462846984765
:104770001035BD42F5D3E8E7044DFAE79C1300205D
:10478000A4130020840A002084FB000874FB0008A6
:1047900013B5184809F0A7FC174B1B7873B1EFF35A
:1047A0001184102383F31288BFF36F8FFFF728FF64
:1047B00084F31188BFF36F8F02B010BD0F4B1B68DD
:1047C000002BF9D050B900220023CDE900230C487A
:1047D00042F21072002304F0C7F9EDE70928EBD18B
:1047E00007480AF07EFE074802B0BDE8104003F01B
:1047F000BBBA00BFA4130020F11500209C130020B9
:1048000028100020840A002010B5064B1B680446BF
:1048100098472146A060044809F097FBBDE8104086
:10482000FFF7B6BFEC070020040A0020044A054B3E
:104830009B1AB1EBD30F34BF52F831000020704700
:10484000CCFA000874FB0008084BC31A10B41B1103
:1048500044680133237143689A714368196043685F
:1048600001225A7110BCFFF737BE00BF74FB00086D
:104870002DE9F04F8FB004AFC1F34A28B8600D4660
:1048800091467B600C0DB8F1000F63D0002607F154
:1048900014034FF0040B4FF00A0AC7F80C80C7E965
:1048A00007667E620193CDF808B0CDF800A007F14D
:1048B0001C03F96832464846FEF7F8FEB0F5006F73
:1048C00003461CD36C468AB0D9F8041004AB2648C2
:1048D000C3E9050140F2FF71D9611A464FF4007136
:1048E0001984224B42F8103F214833464FF41251AD
:1048F000FFF7BEFFA5462C37BD46BDE8F08FC0F3DD
:104900000A0804F11700184420F0070080083B60F3
:10491000FFF75AFE68F35325044690B13B68154AE9
:10492000C7E9083600F1100107F11403F961CDE978
:1049300000A3CDF808B0F96807F11C034846FEF75C
:10494000B5FE68F353257B68B9682A46204609F00E
:1049500008FCD0E704F1170020F007008008FFF7FB
:1049600033FE0446EDE700BF230B010804000001FD
:104970000CFB000837E100082DE9F04F87B0DDE9B6
:104980001279DDE9105A0446039193469846BFB167
:10499000CDF800903B46524610210020CDF81490EF
:1049A000FEF7B2FCB0F5006F06460AD3184A194864
:1049B00040F2FF73022107B0BDE8F04F09F02ABCB6
:1049C0003E4605F11700304420F0070004F00704CC
:1049D0008008FFF7F9FD0BF0070BE40044EA8B14A5
:1049E00044EA462444EA0554054640B13FB1CDF8B7
:1049F00000903B46524631461030FEF785FC039945
:104A000043462246284607B0BDE8F04F09F0A9BB4F
:104A1000620B01080CFB0008406820B1034BC01A70
:104A200040F3CF0070474FF0FF307047CCFA0008DA
:104A30000EB403B503AB014653F8042B04480193AD
:104A400009F00CFC02B05DF804EB03B0704700BF46
:104A500085E20008CA0605D48B064CBF024903490B
:104A6000FFF7E6BF704700BF9B0B01089A0B0108D8
:104A70002DE9F04F89B09A46149B06939DF84CB0EF
:104A8000159B0593169B179E049304460D4690466E
:104A9000BBF1000F00F09D8006F48073079309F0CE
:104AA00048FB06F00209024600283ED09249204603
:104AB000FFF7BEFF0746B9F1000F08D016F0440F0C
:104AC00035D18E492A462046FFF7B2FF074406F04B
:104AD000010353B18A4B8B4953F82B208A4B204654
:104AE000002A08BF1A46FFF7A3FF06F48073002BC5
:104AF00049D006F00803002B63D1B8F1000F66D04F
:104B0000824942462046FFF793FF0546069B3D44F7
:104B1000002B6DD1049B002B73D1F30700F1E580CE
:104B200031462046FFF796FFD9E00746C3E7784BAA
:104B300018680028CAD0774B4FF47A791B68B5FB08
:104B4000F3F54FF46161B5FBF0F300FB135509FB7E
:104B500005F54FF03C0CB3FBF1F201FB1231B5FB54
:104B6000F0FEB1FBFCF300FB1E550CFB131109FB1F
:104B700005F50091B5FBF0F56749CDE901E5204663
:104B8000FFF756FFA2E706F00803EBB1634B644959
:104B900053F82B202046FFF74BFF0546B8F1000FD6
:104BA00005D05A4942462046FFF742FF0544BAF174
:104BB000000FABD05B4952462046FFF739FF054452
:104BC000A4E74FF0000AE1E706F00805E6E74546EE
:104BD0009CE7BAF1010F069B06D1002B65D1049B1F
:104BE000002B7CD000250CE0002BF8D04E485DE077
:104BF0004E48069B4E49224608F06BFF049B002B53
:104C000069D0DFF83081DFF83091049F3146102FF2
:104C1000204628BF1027FFF71DFF4FF0000A55451B
:104C200046DC059B49461A782046FFF701FF4FF006
:104C3000010A1AF0070F03D141462046FFF7F8FE9C
:104C400057453CD9059B494613F80A202046FFF7F3
:104C5000EFFE0AF1010ABAF1100FEAD137492046F6
:104C60004FF0000AFFF7E4FE5246059B9A5C344B76
:104C7000995C11F0970F08BF2E2232492046FFF7AA
:104C8000D7FE0AF1010ABAF1100F1DD01AF0070F72
:104C900003D141462046FFF7CBFE57455246E4D8A4
:104CA00041462046FFF7C4FEEBE720485D46A0E7FB
:104CB00041462046FFF7BCFE0AF1010AAFE7224950
:104CC0002046FFF7B5FEC4E7059B3B440593049BD4
:104CD000DB1B049399D1BBF1000F7FF41EAF20467C
:104CE00009B0BDE8F04F09F0C0BA074A05492046AF
:104CF000FFF79EFE14E700BFA20B0108A60B0108F8
:104D000024FD00080A0901089D0B0108CB0B0108CE
:104D1000B0130020AC130020AF0B010838FD0008D1
:104D2000CF0B0108D50B0108BBE2000885E20008A3
:104D30005DE20008E20B0108DA0B0108E40B010850
:104D4000B9020108E60B0108E00B010873B542F255
:104D50000F738B4228BF0B4605680F4A0446052196
:104D6000684608F02DFF63680C495B6806460B2215
:104D7000284609F065FA63683246694628465B684A
:104D800009F05EFA636806495B681B22284609F051
:104D900057FA02B070BD00BF86070108050C010874
:104DA000E90B0108074A00210123904206D8064A70
:104DB00001B901231360054B1860704740085B0080
:104DC0000121F2E740420F00AC130020B013002095
:104DD000F8B5074F0D4604464618B44201D128469F
:104DE000F8BD14F8011BBB6801485B689847F4E7FD
:104DF000DCF60008014B03600020704780FD0008CE
:104E00002DE9F047064600AF0C46002936D0E946AA
:104E10008AB0D1E90012A3686D462148A8464FF038
:104E2000050AC5E90501C5E9072348F810AF1D4883
:104E3000424600234FF42151FFF71AFDCD46D4E935
:104E400003126369AD461848C5F810A0C5E905010D
:104E5000C5E907231348002342464FF42151FFF7C9
:104E600007FDCD46E369114A0E48012109F0D2F948
:104E7000A3690F4A0B48012109F0CCF9012E07D193
:104E8000EFF305830B4A0748103B314609F0C2F99E
:104E90002146304602F0F8FCBD46BDE8F08700BF71
:104EA0004B0C010844FB00087A0C0108A90C01080E
:104EB000B80C0108E60C010808B5034B1B689847BD
:104EC000BDE8084000F006B8F807002030BFFFF743
:104ED000FDBF00BF074A936893F90E10002907DB56
:104EE000526993421FBF044A536843F08053536092
:104EF000704700BF8015002000ED00E070B5294C20
:104F000006460D462848294909F046FAA36AD904FD
:104F10003CD52548264909F03FFA1720A36A1A050F
:104F200004D52148234909F037FA18201D4CA36AFB
:104F30009B0512D51C48204909F02EFAA36BA26AE2
:104F4000100409D51D4A1848012109F063F91EB162
:104F5000A36A23F40043A3621920124CA36A5905E3
:104F600004D51148164909F017FA1A20A36ADA0580
:104F70000ED50D48134909F00FFA1B20094A936A10
:104F800043F47F43936200232B7070BD1620C5E766
:104F9000A36A9B04F2D504480B4909F0FDF91C20D3
:104FA000ECE700BF00ED00E044FB0008F90C01084D
:104FB0000F0D0108200D0108330D01084C0D0108EB
:104FC000610D01087C0D0108940D010810B5204CFD
:104FD0002049214809F0E0F9A36A990136D51E4815
:104FE0001E4909F0D9F91E20A36ADA0104D51A482E
:104FF0001B4909F0D1F91F20154CA36A1B0304D5E6
:105000001548184909F0C8F92120A36A590304D5A5
:105010001148154909F0C0F922200D4CA36A9A03E2
:1050200004D50D48114909F0B7F92320A36ADB0321
:1050300004D509480E4909F0AFF92420044A936ABF
:105040006FEA03436FEA1343936210BD1D20CBE761
:1050500000ED00E0C30D010844FB0008DB0D010872
:10506000EE0D0108080E0108260E01084B0E01087E
:10507000650E01082DE9F843364D804689463648CD
:105080003649174609F088F9AB6ADE0627D5344958
:10509000314809F081F91124AB6A1D0704D5314963
:1050A0002D4809F079F912242A4DAB6A980718D5D2
:1050B0002D49294809F070F96E6BAB6A190646D57F
:1050C0002A4A25483346012109F0A4F8B9F1000F16
:1050D00003D0AB6A23F08003AB62132403E01024F7
:1050E000DAE76FF015061B4DAB6ADA0704D52049E5
:1050F000194809F051F91424AB6A9B0604D51D49DF
:10510000154809F049F91524124B9A6AD50602D4BC
:105110009A6A90070AD55B68190507D5414630465B
:1051200000F01AFA10B180F309880224094B9A6A38
:10513000920642BF5A6A22F400525A629A6A42F0B8
:10514000FF029A6200233B702046BDE8F8836FF0AF
:105150001506C2E700ED00E044FB0008900E0108D0
:10516000A60E0108200D0108D90E0108F10E010854
:10517000070F0108940D01082DE9F041664B8AB034
:10518000D3F8048000AF0446C8F30805002686F370
:105190001188BFF36F8F02F07F43B3F17F4F07D1C8
:1051A00002F00C03082B12D15C495D4809F0F4F8B9
:1051B000002634460023FB71EB1E092B00F28A8087
:1051C000DFE803F00A80837D888888888886100756
:1051D0004CBF0C460126EDE7524951484E4D09F0AF
:1051E000DBF80023FB71EB6A9A0705D54E494C4862
:1051F00009F0D2F8002333E0EB6A002B01DA4B49C7
:10520000F5E7EB6A5B00F5D54949454809F0C4F874
:105210006B69A26943F480736B61BFF34F8FBFF377
:105220006F8F6B6932F8022C23F480736B61BFF3CC
:105230004F8FBFF36F8F4DF602739A4209D0AB6A5E
:10524000DBB27BB3FA1D01212046FFF713FF0346B3
:1052500006E02368374A3248012108F0DBFF236863
:10526000FA79DAB907F1080504F1200C20686168C1
:105270002A4603C2083464451546F7D17A6A002EDF
:1052800044D0C2F3080121B96FEA52226FEA4222E8
:105290007A6207F108011846FFF7B2FD2837BD46CC
:1052A000BDE8F081AB6A13F47F4F04D0F91D0120F3
:1052B000FFF724FECBE7AB6AB3F5803F9AD3FFF745
:1052C00085FEC4E7FA1D0021BEE7F91D0020EFE7C7
:1052D00019498CE7194A1A4B18F4F87FE8468AB046
:1052E00018BF13466A461749C2E905134FF4007305
:1052F0001384103D144BD56142F8103F0848002339
:105300004FF41151FFF7B4FAC54673E722F4FF7268
:1053100022F00102BCE700BF00ED00E0540F0108DD
:1053200044FB00087F0F0108960F0108B70F010822
:10533000C50F0108E40F0108001001083B0F010828
:10534000260F01082410010804000001024A5369D5
:1053500043F010035361704700ED00E0EFF3088065
:10536000EFF3098101B57246FFF706FF01BD00BFEB
:10537000102080F3118808484FF40461401880F32E
:105380000988EFF314800221084380F31488BFF3E7
:105390006F8F00F0A1F80000C0250020084B9B682B
:1053A00083420BD1EFF3058343B1064B5A6842F0B9
:1053B00080525A605A6A22F400425A620AF026B8B1
:1053C0008015002000ED00E0094A93686FF00A01A3
:1053D0009967084958674B6843F080534B60002336
:1053E00083F31188BFF36F8F9368986F704700BF86
:1053F0008015002000ED00E010B50446EFF31183A6
:10540000102383F31288BFF36F8F094B586998609C
:10541000084B4FF000625A600022436F426783F3EB
:105420001188BFF36F8F00F0FBF8204610BD00BF5E
:105430008015002000ED00E00B498A684FF0300035
:105440001044EFF3098C80E8F01F74467046FFF7B4
:10545000D3FFA64604498A6802F1300090E8F01FA5
:105460008CF3098870470000801500201EF0040F9F
:105470000CBFEFF30880EFF30980816911F8021C7B
:105480000229FFD001B508F083FF01BD40B200281A
:1054900007DB044A4109012300F01F00834042F862
:1054A0002130704700E100E040B20028A8BF00F1C1
:1054B000604001F10101B8BF064B4FEA0111ACBFDA
:1054C00000F5614000F00F00C9B2B4BF195480F874
:1054D0000013704714ED00E00F4A08B50F4B22F09F
:1054E0007F029A60BFF34F8FBFF36F8FD3F888208E
:1054F00022F47002C3F88820EFF3148323F004032E
:1055000083F31488BFF36F8F02F0AAFA03F062F9F5
:1055100000F05CF802F0E8FA0000000800ED00E09E
:1055200042F8203C009B42F81C3C0A49019B42F88F
:10553000183C029B42F8143C21F001014FF08073AB
:1055400042F8043C42F8081C0023203A02654367F5
:10555000704700BFDBDB0008094A0346906870B162
:1055600013F1160F406E05D0A0F140029A4205D803
:10557000834203D2814228BF002070470020704739
:105580008015002008B50B4B0E461546986000F0BC
:1055900047F82C4686F309884FF00000064B9847E1
:1055A00020464FF000014FF000024FF00003034C83
:1055B000204700BF80150020A9E30008DBDB0008BE
:1055C000014B10221A61704700ED00E004480023EF
:1055D0001021C2180133662B82F80013F9D17047ED
:1055E00000E100E008B5EFF30583064A103B02EB4B
:1055F000C30152F8330049688847BDE80840FFF707
:1056000069BC00BF90F70008024B034A0348012120
:1056100000F08AB8000002200000002080FD000891
:10562000426E054B403A1A60044A4021C3E9011218
:105630001846012100F082B8D813002000000B1595
:1056400008B503461048D0F89020C2F30722013A6B
:10565000934207D90D480E4A012108F0DBFD6FF097
:10566000150008BDC0F898300A6822F01F021A43DE
:1056700042F01002C0F89C208A6842F00102C0F893
:10568000A0201846EDE700BF00ED00E03CFB00085D
:105690003B100108F0B50E4685B01F4604460025B4
:1056A000B5420DDA606810B397B1431E18420AD0B4
:1056B000104A11482B46012108F0ACFD6FF015028D
:1056C000104605B0F0BD1F28F2D921680B42EFD17A
:1056D0002368019308F07CFEA36801A90343D0B2BC
:1056E0000393FFF7ADFF10F1160FE7D0421C013511
:1056F0000C34D5E7611001083CFB0008044B05227F
:10570000C3F89420BFF34F8FBFF36F8F704700BF74
:1057100000ED00E0BFF35F8F024B0022C3F894203E
:10572000704700BF00ED00E010B5034C0123227864
:10573000FFF7B0FF207010BDF315002008B50B4A2D
:1057400000231278FFF7A6FF10F1160F07D0084AC2
:105750000021D2F89030C3F30723984200DB08BD44
:10576000C2F89800C2F8A0100130F2E7F31500204B
:1057700000ED00E02DE9F04357485849D0F890304B
:105780000D68C3F307239D4285B000F2A180FFF7A7
:10579000C1FF49680022954201F10C011AD1504C19
:1057A000504F25706846FFF725FBDFF83C81DFF896
:1057B0003C9106460025AE421FD123784649002081
:1057C000D1F89020C2F3072293427BDBFFF796FFCC
:1057D00000204CE0C0F8982051F80C3C23F01F0347
:1057E000134343F01003C0F89C3051F8043C43F0DD
:1057F0000103C0F8A0300132CDE7009800EB05119D
:105800004FEA051CCB683B40B3F5000F44D00AD8E3
:10581000B3F5001F2ED0B3F5800F34D0B3F5801F41
:1058200010D00135C7E7B3F1807F3ED0B3F1007FE0
:10583000F7D150F80C3088684A6808F0C9FD40F488
:10584000802009E050F80C3088684A6808F0C0FDF4
:1058500040F0885040F43020039001A92078CDE931
:105860000123FFF7EDFE002828DA6FF0150005B0E0
:10587000BDE8F08350F80C3088684A6808F0A8FD4D
:1058800040EA0800E8E750F80C3088684A6808F0F9
:105890009FFD40EA0900DFE750F80C3088684A684D
:1058A00008F096FD40F08270D6E750F80C3088681A
:1058B0004A6808F08DFD40F08870CDE72378013309
:1058C0002370AEE7C1F89830C1F8A000013377E744
:1058D0004FF0FF30CBE700BF00ED00E08CFD00088B
:1058E000F31500200000F0FF00000811000002077F
:1058F000014B1860704700BF00080020F8B5084F42
:1059000006460D460024AC4208DA3B6898470A2850
:10591000305504F1010401D00D28F4D12046F8BD22
:10592000FC070020F8B50A4F0D46461EC0F10104E1
:10593000A3199D4201DC2846F8BD73780A2B02D1D9
:105940003B680D2098473B6816F8010F9847EFE732
:105950000008002010B5074C2368C2180648C0F1A3
:10596000005101F500318A423ABF2260C0184FF061
:10597000FF3010BDE41300200040002008B50548AA
:1059800008F011F9002383F31188BFF36F8F04230C
:10599000184602DF931001082DE9F0410F4E104F19
:1059A000054600244FF001082B7853FA84F01F2895
:1059B0000DDC726908FA00F333EA020207D1736161
:1059C00057F830301BB107EBC002516898476A782E
:1059D0000134E3B29A42E7D2BDE8F081000401400D
:1059E000E8130020044B184400230133994200F8C7
:1059F000012BFADC704700BFCC09002010B4064B25
:105A0000064902460C6818560123934023430B6055
:105A100010BCFFF73BBD00BFCC09002000040140D3
:105A20001F2806DC034901220B68824023EA020397
:105A30000B6070470004014003292AD8DFE801F019
:105A4000020E141F134B01229968824021EA0201C1
:105A50009960D96821EA0202DA6070470D4B012291
:105A6000996882401143F3E70A4B0122D9688240CA
:105A70001143D960996821EA02029A6070470123B4
:105A800003FA00F0034B9A6802439A60DA68104305
:105A9000D86070470004014030B50A4B53F83040DD
:105AA0008C4204D103EBC0056D68954205D034B932
:105AB00043F8301003EBC0035A60002030BD6FF094
:105AC0000F00FBE7E8130020034B002243F83020CF
:105AD00003EBC0035A607047E8130020F8B50C7957
:105AE00014F0200206D02D492D4808F007FD6FF074
:105AF0001500F8BD0B78082B01D02A49F4E74B7844
:105B0000042B01D02849EFE74D88406804F01F04BA
:105B10000168ADB143F6FF739D421BD0234F00F1E6
:105B2000160636F8023F3B439BB29D4209D0013234
:105B3000082AF6D11E491A4808F0E0FC1D49D3E7AF
:105B40002A4690F928303BB1013BDBB2012B22D928
:105B50001949F0E70722F4E7012304EB4400092C7C
:105B600003FA04F343EA846385BF1E3843EA005313
:105B700043EA005343F00073D80D00F0040001F134
:105B80001404C3F30453215807259D4021EA05015D
:105B90009A400A4322500020ABE700BFC81001081A
:105BA000CCFA0008F01001080511010800C0FFFF41
:105BB0001F110108781101084211010808B50448B5
:105BC00008F0C6FCBDE80840024808F0C1BC00BFB0
:105BD00018F7000804F7000837B543681D68044645
:105BE000284608F029FD63681A68936823F040434B
:105BF00023F03F0343F0004393609368002BFCDBEA
:105C000063680D4899688368DB687BB90B490C4869
:105C100008F074FC019B1BB90A49094808F06EFCA6
:105C2000284603B0BDE8304008F0EDBC01AA984713
:105C30000028EFDAEAE700BF14F600088E11010829
:105C4000CCFA0008A81101082DE9F347D0F8048028
:105C50000769D8F800600546DFF8D490484609F097
:105C600065FA48B93349344808F048FC6FF012042B
:105C7000204602B0BDE8F0874FF6FF73A7F8A630C4
:105C8000C7F890506C68D9F80830A1681B68D4F840
:105C900000A04846984770B9BAF1A04F22D02749D2
:105CA000274B284A8A4508BF13469A68216922F47F
:105CB0007C120A439A60D8F8140001AA002109F066
:105CC0005FF8041E07DB019B00221979186800F0B9
:105CD0009BFD041E08DA1C4A17482346012108F0E0
:105CE00099FAC5E7174BE0E7B36823F0204323F0A8
:105CF0003F03B360B36823F0104323F03F0343F046
:105D00008053B360142009F002FAD8F8043003B1CC
:105D100098472846FFF760FFF36823F47E63F3603B
:105D2000BB6C1BB907F1400002F01EF800249FE78E
:105D300014F60008BC110108CCFA0008000100505C
:105D40000007005000030050DB1101082DE9F04F5F
:105D5000036987B0403307460E4603934FF0FF3286
:105D60004FF0FF33039802F023F87B683C691D680D
:105D7000B368C4F89430D6F80490C4F8A0904846AC
:105D8000FBF760FB002384F8A40084F8A530B9F188
:105D9000000F04D19649974808F0B0FB07E010289F
:105DA0000EDD954A93481023012108F033FA6FF075
:105DB0001504039801F0D8FF204607B0BDE8F08F26
:105DC0007A68106892F92AC02832634502DB13D141
:105DD0008A49E0E752F8041F96F810E0BEEBD14F75
:105DE0002AD15FFA81F9B9F1FF0FC1F30428C1F399
:105DF000423BC1F3024A21D17B680493D3F800E00F
:105E00003B69D3F8A0004FF000090EF1300870BBD9
:105E100094F8A4203368520013B19B8903FB02223B
:105E2000F368934266D2734800920121744A08F0E5
:105E3000FBF96FF00B04BCE70133C6E750F80930FB
:105E400023FA08F30BEA03039A45D5D008F0F4FBD4
:105E50007B68196851F809300BFA08FB23EA0B0339
:105E60000AFA08FA43EA0A0341F80930C4E790FA4B
:105E7000A0F2B2FA82F2012303FA02FB092A4BEAEA
:105E8000826302EB4201049A88BF1E3992F92920ED
:105E90008ABF43EA015343EA015343F00073012AE6
:105EA000059322D1574A5FFA89FA52F82A104FEA2D
:105EB000911C0CF00C0C01F01F0158F80C2013463B
:105EC0001F228A4023EA0202059BC3F384638B40AE
:105ED0001A4348F80C204C4ADEF8303052F82A2099
:105EE00023F00F031343CEF8303020EA0B0009F102
:105EF00001098CE7727C002A4FD12B6923F480635F
:105F000023F003032B61B37C13B13846FFF764FE23
:105F1000284608F078FB10232B606B6843F00403DD
:105F20006B6037460FCF04F164050FC53B682B60EB
:105F3000002727663368002B56D00FCB04F1780575
:105F400085E80F006566A4F8887000284CD0BFF380
:105F50005B8F54E8003F44E80072002AF9D1BFF398
:105F60005B8FA06F633047F1000164220023FBF7D1
:105F7000EFF80022CDE90001002304F1080002F04F
:105F8000F3FD4FF0FF324FF0FF3304F1500001F00A
:105F90000FFF00B12066246E0BE7082A22D82B6978
:105FA00023F4806323F0030343F001032B61174BB9
:105FB00053F82290164B53F822A02B6903F01C03D0
:105FC0009A4504D12B6903F4F07399459BD0284678
:105FD00008F032FB2B6949EA0A0923F4FE7343EA0D
:105FE00009038FE70B49D6E6204608F08BFAC8E78D
:105FF000F9110108CCFA00080E1201083712010845
:106000004A120108F8FE0008B8FE000894FE0008D5
:1060100070FE00086F12010810B5214B18680B685C
:10602000082B144616D00B2B0BD89BB1013B0A2B27
:1060300010D8DFE803F017162E163331160F1A2585
:106040002500582B0ED008D84C2B0BD0502B09D044
:10605000482B07D06FF0850006E05C2B02D0602B48
:10606000F7E700202060002010BD00F0C1F80623F3
:10607000B0FBF3F0552358430723B0FBF3F0F1E7EF
:1060800000F0B6F80623B0FBF3F055235843400860
:10609000E8E74FF4FA40E5E70248E3E70248E1E7C2
:1060A0004808002000366E01006CDC02F8B54C4F49
:1060B0004C4C00F0BBF8384608F066FB01F028F9BC
:1060C000A368494AC3F303131578D35C05F01F0591
:1060D00003F01F0320FA03F647FA05F5AE4202D299
:1060E000284601F053FB236823F4802323602368B0
:1060F00043F48033236023689A03FCD5D4F89430AA
:1061000043F00103C4F89430D4F894309B07FBD5D6
:10611000D4F8983043F00103C4F89830D4F898309C
:106120009807FBD5A36803F00C030C2B18D1236848
:10613000590506D4236843F48073236023685A0505
:10614000FCD5A36823F0030343F00103A360A36815
:1061500003F00C03042BFAD1A36823F0F003A3602F
:10616000236823F080732360E36823F0605323F4F3
:10617000003343F06053E360E36843F48033E3604B
:10618000E36823F4C003E360E36843F48013E3604F
:1061900000F032F8236843F08073236023689B018A
:1061A000FCD5A36823F0F003A360A36843F00303C6
:1061B000A360A36803F00C030C2BFAD1AE4202D308
:1061C000284601F0E3FA094B1F60A36823F4E0635B
:1061D000A360A36823F46053A3600020F8BD00BF50
:1061E00080FE210A001002407C16010848080020A9
:1061F0000048704700366E010A4AD2F8803023F416
:106200008073C2F8803002F5D032074BD1680B4062
:1062100043F4AA4343F05303D360D36843F080733D
:10622000D3607047007000400C80FFF9064B9A6DF8
:1062300042F080529A659B6D82B003F080530193C7
:10624000019B02B0704700BF0010024008B507482C
:1062500008F06CFF38B10648FFF74AFB0448FDF729
:1062600005FC002008BD6FF01200FBE7DCF600081B
:10627000756200080A2838B5074D044604D1AB689A
:106280000D215B6828469847AB6803485B68E1B21C
:106290009847204638BD00BFDCF6000838B50369D2
:1062A00004465860084D284608F040FF40B1616838
:1062B000AB680C311B682846984700EAE07038BD8F
:1062C0006FF01200FBE700BF14F6000873B50C4630
:1062D0001146B1F5001F456802691E4628D104F039
:1062E000030304339B000F229A4042EA940202F017
:1062F00003030233374951F82310130C93FAA3F325
:10630000B3FA83F301EA124203F01F0322FA03F304
:10631000AA689A4209D12046FFF782FB2046FFF780
:10632000D3FB00212046FFF787FB002002B070BDA1
:10633000B1F5800F44D028492046FFF7ADFB002877
:1063400041D1B6F1806F37D0B6F1C06F36D0B6F11B
:10635000007F3BD10226214AAD6892E803006B46DC
:1063600083E803001E488268194612689047D8B92E
:1063700004F0030304339B000F21994041EA940188
:1063800001F003039B0003F1804303F580330A0C03
:10639000986892FAA2F2B2FA82F202F01F0220EAA0
:1063A000114195400D439D6020463146FFF744FB67
:1063B0002046FFF723FBB8E70126CCE70326CAE710
:1063C0006FF08500B2E76FF00F00AFE76FF01500D8
:1063D000ACE700BF0000014095E9000888FB000819
:1063E00014F6000830B504694068C0684568ED01DE
:1063F00007D543684A6823F47F0343EA02434360B6
:1064000030BD246A1D4D14F0010F44682AD044F4B5
:106410000064446044682C40234343600B7A9C072B
:1064200028D43AB313785B0724D4436843F08073CD
:1064300043604368039A23F000734360436823F486
:1064400080631343436043684A6823F47F0343EA4D
:1064500002434360036843F001030360436843F46D
:106460000053CCE724F40064446044682C4044EAC0
:106470004303D2E7436823F08073D9E700FCFFFFB2
:106480002DE9F84F4768D0F81090D7F80C80484AAB
:10649000484B0C460025F969A9420FD8D9F820309D
:1064A000C3F34203012B45D0022B72D0424A43482A
:1064B000012107F0A6FE6FF0150028E0D7F818B00C
:1064C0003F480C266E430BEB060ADAF804108142B3
:1064D00026D01ED83B48814224D03B48814223D05D
:1064E0000121364807F08DFE314A324B0021D9F8A0
:1064F0002000C0F34200B0EB510F19D15BF8061039
:10650000A14215D1DAF80830C8F810300020BDE8F3
:10651000F88F2E48814209D09942E1D10A21E6E75D
:106520000621E4E70221E2E70421E0E70821DEE7B3
:106530000135B0E741F25C2C4FF47A6740F2E24655
:106540004FF4FA75224B02214A1EB4FBF2F2B3FB60
:10655000F2F2B7FBF2F00138FF2823D8BCFBF2FEC1
:106560000EF1FF3EBEF1FF0F1CD8B5FBF2F9B9F1F9
:106570000F0F17D8B6FBF2F2013A0F2A12D80239E0
:106580004EEA094343EA017343EA025343EA002314
:10659000BAE740F2145C4FF416774FF4FA7640F203
:1065A0007715CFE701311129CED10A4A7FE700BF25
:1065B0001B130108404B4C0036130108FCFA00087D
:1065C00040420F00A0860100801A060040E133001F
:1065D00000CA9A3BB113010808B5044A04480121D6
:1065E00007F00FFE6FF0040008BD00BFE4130108C0
:1065F000F4FA000898B542680369D26883F84E102F
:1066000000AF29B9136823F440131360BD4698BD49
:106610006C468AB003686A460848D161C2E905033E
:106620004FF400731384064B42F8103F05480023D3
:106630004FF41151FEF71CF9A546E7E702140108D3
:1066400004000001F4FA0008F7B50446436806693F
:106650001C48DD680F4659688368DB680022019298
:106660004BB9194A1948012107F0CBFD6FF004041A
:10667000204603B0F0BD01AA98470028F1DB37623D
:1066800006F110074FF0FF324FF0FF33384601F0AC
:106690008FFB2B6823F001032B60204696F84E10E9
:1066A000FFF7A8FF20460199FFF7EAFE96F84D3064
:1066B00004461BB12B6843F001032B60384601F000
:1066C00053FBD5E714F6000816140108F4FA000885
:1066D0002DE9F7430446476805694FF0FF32002172
:1066E000284608F073FD4FF000093B6820469847A4
:1066F00085F84C9085F84E900122114605F1100066
:1067000008F064FD354E304608F010FD50B9344AAB
:106710003448012107F075FD6FF01204204603B0E4
:10672000BDE8F083D4F8048001AAD8F814004946E3
:1067300008F026FB031E07DB019B4A4619791868FF
:1067400000F062F8031E22DA274A2648012107F0EA
:1067500061FD3B69254A934232D026D8244A9342B0
:1067600030D0244A93422FD00121234A1D4807F0FC
:1067700048FD0021204641F01001FFF765FF041E8F
:1067800026DA1E4A1748012107F03BFDC6E7B36829
:10679000D8F804101B68304698470028D9D0184A0A
:1067A0001048012107F02DFDD3E7164A93420DD082
:1067B00002F5C31202F520629342D5D10A21D9E72E
:1067C0000621D7E70221D5E70421D3E70821D1E745
:1067D000012385F84C300024A0E700BF14F6000820
:1067E000BC110108F4FA00084414010840420F00EB
:1067F000A0860100801A06001B1301087E14010800
:106800006214010840E133002DE9F0471E4F0446B1
:1068100000EBC1060025B44201D1002014E020683D
:10682000C30600F01F0911D4656845F02005C0F3C8
:10683000481AC0F344200F2823D857F82080B8F115
:10684000000F0DD16FF01200BDE8F087B9F1100F05
:1068500004D0B9F1110FEAD16568E8E73025E6E721
:10686000404608F063FC0028ECD04B462A460AF06C
:106870000F01404608F0A5F8002804F10804CADA20
:10688000E2E76FF01500DFE7AC000108B1F5807FAB
:1068900028D016D8102927D00FD8012926D00429AE
:1068A00008BF012318BF09231349026AC85C0223E9
:1068B0008340134023FA00F07047402908BF0323A8
:1068C000F0E7B1F5804F13D007D8B1F5806F11D044
:1068D000B1F5805F08BF0623E4E7B1F5803F08BF4C
:1068E0000823DFE70423DFE70223DDE70023DBE7FC
:1068F0000723D9E70523D7E7AE1501082DE9F047AF
:1069000001F1FF3C88B0BCF1050FBDF8407045684F
:10691000164698460AD98D4A0B468D48012107F044
:1069200079FC6FF0150008B0BDE8F0872B68B3F173
:10693000804F06D0874A934203D0B6F5803F00F2DD
:106940000181854A042952F82C4007F4807A0BD93A
:10695000BAF1000F11D12046D146AEB91A6A22EA27
:1069600000021A620020DEE77C4A52F82C90BAF14D
:10697000000F05D0B9F1000F04D1794A0B46CCE7DE
:106980002046EAE74846E8E7AA6862BB013E1A6A81
:1069900007F0010730EA02024FEA47074AD1B0F593
:1069A000807F00F0C58032D8102800F0C3802AD83C
:1069B000012800F0C180042808BF012218BF092265
:1069C0006848196A805C0222824021EA02028740FC
:1069D00017431F62644B286853F82C304146984790
:1069E0002B68DE62BEE7102A02D108F1FF38CDE73E
:1069F00022F04001202902D0402A40F0A3804FEA33
:106A000058087608C3E7402808BF0322D6E7B0F548
:106A1000804F00F0938008D8B0F5806F00F0908030
:106A2000B0F5805F08BF0622C8E7B0F5803F08BF19
:106A30000822C3E7684608F060FB60230093012347
:106A4000BAF1000F1ED0029305972B681B6A34EA37
:106A500003030CBF01230023019328682146FFF79D
:106A600015FF0490CDF80C8028686A46214600F096
:106A7000E1FCD0B136483D4A012107F0C2FB6FF07E
:106A8000040050E701930497B9F1000FEAD02B6896
:106A90001B6A39EA03030CBF012300230293286811
:106AA0004946FFF7F3FE0590DCE72A68136843F0D8
:106AB00080031360B4F5807F2A6831D01FD8102C72
:106AC00030D018D8012C04D0042C08BF012018BFE6
:106AD0000920274B195C274B1832185C545808239F
:106AE0008340234353502B68DE622A68536943F086
:106AF0000103536136E7402C08BF0320E7E7B4F5F4
:106B0000804F11D007D8B4F5806F0FD0B4F5805FF7
:106B100008BF0620DBE7B4F5803F08BF0820D6E7B2
:106B20000420D6E70220D4E70720D2E70520D0E7EB
:106B3000042245E7022243E7002241E707223FE71C
:106B400005223DE76FF08500EDE600BFBF140108A8
:106B50004CFB0008000C0040B4010108A40101082E
:106B6000D4140108AE1501088C010108FB140108BA
:106B7000C2150108B81501082DE9F04387B007696F
:106B80004568434E304608F0D1FA50B9414A424870
:106B9000012107F036FB6FF01204204607B0BDE874
:106BA000F083D6F8089005F10C08D9F8003041467A
:106BB00030469847041E06DA384A234636480121F3
:106BC00007F028FBE9E7D9F80C30F3B101AA4146F8
:106BD00030469847041E1ADB019B3B60D7E9010150
:106BE0008368DB68B3B9686901AA002108F0C8F8B6
:106BF000041E07DB019B002219791868FFF704FEC9
:106C0000041E09DA264A2346D8E76FF05704254ABE
:106C10002346D3E79847E6E701A808F065FA6B68D2
:106C2000ADF80430AB6802930023CDE9033301A92A
:106C3000286800F0A3FB38B11B4A1748012107F070
:106C4000E0FA6FF00404A8E72B68184A934213D0C7
:106C500002F5006293420FD002F5406293420BD0DE
:106C600002F58062934207D002F58062934203D01E
:106C700002F50062934203D15A6C42F400425A6416
:106C80002A68136843F001031360002485E700BFFE
:106C900014F60008BC1101084CFB0008251501087A
:106CA000671501084515010885150108002C0140EC
:106CB000012912D0022907D089B90068094BC01AEE
:106CC00018BF0120000370470068064B984214BFAC
:106CD0004FF440504FF400507047002070474FF47D
:106CE000005070470080004070B51D46094B0026DB
:106CF00033F812203346FAF72BFA090241EA106101
:106D00006C08000220182A46334641F10001FAF7C8
:106D10001FFA70BD700501082DE9F04383B00269C8
:106D20004368064610681D680C46D9688368DB68AE
:106D300000AF43B9334A3448012107F062FA0C37F7
:106D4000BD46BDE8F0833A1D98470028F2DB2F4B83
:106D50009D4248D1D7F80480DFF8B490002523463F
:106D6000AAB240460021FFF7BFFFA0F5407048459A
:106D700018D901350C2DF2D16D468AB033686A46B8
:106D80002449D461C2E905134FF400731384224BE4
:106D900042F8103F1C4800234FF41151FDF768FDE5
:106DA000AD46CCE7194EF36A23F00F032B43F36291
:106DB000002CC4D0194B33F8152000231946404647
:106DC000FAF7C6F9090241EA106163080002C01827
:106DD00022464FF0000341F10001FAF7B9F9C0F380
:106DE0001300F060ABE72B6823F400432B607B6853
:106DF000002CA4D003EB5403B3FBF4F39BB2EB6081
:106E00009DE700BF1614010864FB000800800040E5
:106E1000FFFC0F00DD1501080400000170050108EA
:106E20002DE9F84306460A794068336904685F68CB
:106E3000012A0D4658D0931ED3F1000848EB0308F1
:106E40004FEA88286979FFF733FF95F80690B9F182
:106E5000020F03464BD0B9F1040F4CD0002A54D096
:106E6000033A012A49D94FF48050B3F5805F4ED0E0
:106E7000B3F5405F4DD0002B0CBF01230323994293
:106E80003BD1414607F0DFFF814536D1EB79C3B1F5
:106E9000012B40D1214B9C4213D0A3F574439C425B
:106EA0000FD003F580639C420BD003F580639C42B6
:106EB00007D003F580639C4203D003F540539C4206
:106EC0001BD1236823F0010323602946304608F0D4
:106ED00070F8236843F00103236095E8030087E816
:106EE00003000020BDE8F8834FF4C068AAE73AB970
:106EF0004FF08050B9E7002AB5D06FF08500F1E778
:106F0000033A012AF9D90020AFE71046ADE7002384
:106F1000B5E70223B3E7032BBCD0EEE7003801400E
:106F20002DE9F04182B00469456806466348206057
:106F300000AF08F0FBF838B9614A6248012107F058
:106F400060F96FF012040DE02068E96883681B683F
:106F50009847044658B9286A3A1D002107F010FFE7
:106F6000041E0CDA20460837BD46BDE8F081564ABB
:106F70005448012107F045F9002CF3DBEBE77B686F
:106F8000002219791868FFF73FFC041EEADB7568D8
:106F900033692C68D3F80480236823F0010323604D
:106FA000686808F0C3F808B9484AC6E7D5E901019E
:106FB0008368DB6803B1984754E8003F43F00C0353
:106FC00044E80032002AF7D14146304607F0F1FF8D
:106FD0002B7D1BB1A36843F00803A3606B7D1BB13D
:106FE000636843F400436360AB7D1BB1636843F4A3
:106FF00080336360EB7D1BB1636843F400336360EF
:107000002B7E002B47D0324B9C422AD0A3F57443F1
:107010009C4226D003F580639C4222D003F5806316
:107020009C421ED003F580639C421AD003F5405366
:107030009C4216D06C4688B033686A462549C2E93E
:1070400005134FF400739383234B42F8103F1D4800
:1070500000234FF4E251FDF70BFCA5466FF0150439
:1070600080E773681A68936843F4804393602368E9
:107070006A7E23F0787343EA425323602368AA7E32
:1070800023F4F81343EA02432360EB7E1BB1A368A9
:1070900043F40043A3602B7F1BB1236843F00053EC
:1070A0002360236843F001032360E3699A02FCD55F
:1070B000E3695B02FCD5002454E700BF14F6000826
:1070C000BC11010864FB0008F4150108141601083E
:1070D000003801402F1601080300000110B54FF0E1
:1070E000E0230F499C691A6908689B690D4902F4FD
:1070F000803234B993B903464AB90A681044C01AB9
:1071000010BD002B08BF03460AB9A342F5D90A688F
:1071100002440A604FF0E0221269EEE70446F3E70A
:107120007C150020781500200A4B102283F82320BC
:10713000094B44F268221A60084B002018604FF097
:10714000E02344F267225A6198611A6942F007020B
:107150001A61704700ED00E07C15002078150020D2
:1071600010B5FFF7BBFF104B1049D3E90042086888
:10717000001942F10002C3E900020D4A00230B602E
:10718000D2E9004144F26823001BB0FBF3F0434313
:107190001B1941F10001C2E9003101F0F5FBBDE826
:1071A0001040FDF797BE00BF681000207815002042
:1071B000601000202DE9F041DFF8DC8099B1421C1D
:1071C0000BD14FF0E022136923F0010313614FF05C
:1071D0007F43C8F80030BDE8F081D8F8006001288E
:1071E00007DC00270BE0431CD8F80060F7D140F221
:1071F000D93040F2DA339842A8BF1846471EEFF361
:107200001185102383F31288BFF36F8FFFF766FF9A
:10721000224C4FF0E0239969D4E90023801843F110
:107220000003C4E900031E4B00221A601D4B1A68BC
:10723000831A2ED444F2682C0CFB073303F58443E5
:107240006733B3FBFCF7131A0CFB073340F22642FB
:10725000934238BF1346144A934228BF13464FF057
:10726000E022C8F80030013B90695361002393612C
:107270008142A1EB0003D4E9001238BF9B195B18CF
:1072800042F10002C4E9003285F31188BFF36F8F29
:10729000A1E740F22643E2E77C15002068100020B9
:1072A00078150020601000202882FF0038B5EFF329
:1072B0001185102383F31288BFF36F8F084B1C686E
:1072C000084B1B68E41AFFF709FF85F31188BFF329
:1072D0006F8F44F268232044B0FBF3F038BD00BF49
:1072E000681000206010002038B5EFF311851023DE
:1072F00083F31288BFF36F8F044B1C68FFF7EEFE19
:1073000085F31188BFF36F8F204438BD68100020CB
:10731000174B9A6802F00C02042A23D09A6802F0F4
:107320000C02082A20D09A6802F00C020C2A1DD107
:10733000D968DA68D868DB6801F00301C3F34163F8
:107340000329C2F30312C0F3062003F101030CBFAB
:10735000084909495B000132B1FBF2F25043B0FB2E
:10736000F3F07047044870470248704700207047A8
:107370000010024000366E010024F4002C4A03681D
:10738000904245D0B0F1804F42D0A2F59432904265
:107390003ED002F5806290423AD002F5806290427F
:1073A00036D002F59432904232D002F5E05290424B
:1073B0002ED0A2F58052904207D002F58062904212
:1073C00003D002F58062904227D1CA6823F440734B
:1073D000134303608B68C3620B888362144B98422B
:1073E00013D003F5006398420FD003F54063984231
:1073F0000BD003F58063984207D003F58063984271
:1074000003D003F5006398420CD10B69036309E0D4
:107410004A6823F070031343D7E703608B68C362A5
:107420000B888362436943F0010343610020704786
:10743000002C0140B1F5805F30B500F021810AD801
:10744000102900F08E80B1F5807F00F0D2800129F4
:1074500041D0012030BDB1F5803F00F05B81B1F536
:10746000801FF6D1036A23F480130362036A016D5F
:10747000146821F0807121F4E04141EA042411698B
:1074800023F4001343EA0153516823F4801343EAC1
:1074900001539F49884213D001F5006188420FD003
:1074A00001F5406188420BD001F58061884207D028
:1074B00001F58061884203D001F50061884206D160
:1074C0004168956921F4802141EA85214160046584
:1074D000D268C26442E0036A23F001030362036AD4
:1074E00041688469156824F4803424F073042C43C3
:1074F000156923F002032B43556823F001032B4346
:10750000834DA84213D005F50065A8420FD005F5BC
:107510004065A8420BD005F58065A84207D005F567
:107520008065A84203D005F50065A84212D15569CF
:1075300023F0080343EA8503956823F0040343EA34
:107540008503956921F480712943D56921F400717F
:1075500041EA450141608461D268426303620020D0
:1075600078E7036A23F010030362036A41688469C1
:10757000156824F0807424F4E64444EA052415696F
:1075800023F0200343EA0513556823F0100343EA70
:1075900005135F4DA84213D005F50065A8420FD032
:1075A00005F54065A8420BD005F58065A84207D0D7
:1075B00005F58065A84203D005F50065A84213D102
:1075C000556923F0800343EA8513956823F040034F
:1075D00043EA8513956921F4806141EA8501D56903
:1075E00021F4006141EAC50141608461D26882638F
:1075F000B4E7036A23F480730362036A4168C469D1
:10760000156824F4803424F073042C43156923F4A2
:10761000007343EA0523556823F4807343EA052386
:107620003B4DA84213D005F50065A8420FD005F5E3
:107630004065A8420BD005F58065A84207D005F546
:107640008065A84203D005F50065A84213D15569AD
:1076500023F4006343EA8523956823F4806343EAB7
:107660008523956921F4805141EA0511D56921F4FA
:10767000005141EA45114160C461D268C2636DE7BF
:10768000036A23F480530362036A4168C46915687E
:1076900024F0807424F4E64444EA0524156923F4B4
:1076A000005343EA0533556823F4805343EA053316
:1076B000174DA84213D005F50065A8420FD005F577
:1076C0004065A8420BD005F58065A84207D005F5B6
:1076D0008065A84203D005F50065A84213D155691D
:1076E00023F4004343EA8533956823F4804343EA57
:1076F0008533956921F4804141EA8511D56921F4EA
:10770000004141EAC5114160C461D268026425E7C5
:10771000002C0140036A23F480330362036A016D85
:10772000146821F4803121F070010C43116923F4B5
:10773000003343EA0143516823F4803343EA0143B1
:107740001149884213D001F5006188420FD001F53C
:10775000406188420BD001F58061884207D001F575
:107760008061884203D001F50061884206D14168FA
:10777000956921F4803141EA052141600465D268B0
:10778000816C8264EAE600BF002C0140294A13683C
:10779000D2F8802012F4807F03F4C063264A00F1FF
:1077A000FF3124D1914242D8B3F5007F2FD1234B32
:1077B000984234D8224B984233D8224B984234D83E
:1077C000214B984294BF00200120204A136823F0E7
:1077D0000F0303431360136803F00F0398421CBFA9
:1077E000136803F00F03C01A18BF012070479142BD
:1077F0001DD8B3F5007F0AD1154B98420FD8154B11
:1078000098420ED8144B98420FD8144BD9E7B3F5D1
:10781000806F08D1124B984207D8124BD1E7042051
:10782000D3E70320D1E70020CFE70220CDE70120F6
:10783000704700BF007000407FFE210A00321B0825
:107840008065140600990D0480CC060200200240D9
:10785000000E2707804A5D050087930380C3C90196
:1078600000366E01001BB70010B50446FCF720FF80
:107870000348044A012106F0C4FC204607F061FCDD
:1078800044FB00088C1601082DE9F843044600AFBC
:107890000D46EFF31188102383F31288BFF36F8F27
:1078A0000428294A98BF294B9668117C94BF53F845
:1078B0002030274BE9468AB06A462648C2E907319C
:1078C00040F201339384244BC2E9050442F8103F8F
:1078D000224800234FF43151FCF7CAFFCD4645B191
:1078E000EB69C3F3080323B11D4A1C48012106F0CC
:1078F00088FC2EB1304607F0BCFC08B1037803B910
:107900001848E9468AB06A46174BD061C2E9053685
:1079100040F201331384154B42F8103F00230F4807
:107920004FF41151FCF7A4FF2946CD462046FFF73E
:107930009BFF88F31188BFF36F8F3046FDF72EFD54
:10794000BD46BDE8F88300BF801500208C02010809
:107950009B160108B11601080500000144FB000850
:10796000D9160108A9160108FA1601080400000139
:1079700038B5094B53F82040013053F82050A54248
:1079800000D838BD636823B1204607F0E2FB083415
:10799000F5E723689847FAE7A002010870B52B4B7A
:1079A0002B4C2C4D012286B003201A70FFF7E0FF0C
:1079B00001F01AF907F0E9FB0420FFF7D9FF26468A
:1079C000AE4204F1300410D300F08AFD204C224E68
:1079D000AC4226D300F098FDFAF730FE1F4A137B25
:1079E00023F00103137306B070BD54F80C3C0593EB
:1079F00054F8103C049354F8143C039354F8183C86
:107A0000029354F81C3C019354F8203C009354E931
:107A10000A2354E90C0100F031FB54F8303C5E6558
:107A2000CDE7D4E90A23B3F1FF3F08BFB2F1FF3F2E
:107A300005D052EA0301206803D107F01CFC303462
:107A4000C6E73146183000F025FFF8E7F4150020AE
:107A5000C0FA0008C0FA0008A3F30008F0100020E4
:107A600008B50348034A0021121A07F08AFB08BD33
:107A7000980A0020FC15002070B5002386B0012272
:107A8000CDE90423134E144D01930F22CDE90232A8
:107A90001249142303FB005506EBC01604464FF4AD
:107AA000C07000FB04110E4B00954FF4A0723046DD
:107AB00000F0E4FA737B0B4AEE6023F00403737367
:107AC0004FF4046304FB033313442C746B6006B05F
:107AD00070BD00BF7010002080150020002E002017
:107AE00099F10008C0250020BFB50020FFF740FF36
:107AF0002D4B83F308882D4D2D4E6B692D4F43F48C
:107B000000736B610024F02385F82230EC772C762B
:107B10006C76AC7685F820406B6A43F4E0236B62A8
:107B2000FDF714FCFDF74CFD4FF0FF33AB62EB6249
:107B3000214DFDF71FFEFDF767FDFCF72BFD40F221
:107B400001132846AB81C5E9194401F047F8B56037
:107B500007F0EBFA0120FFF70BFF0220174DFFF7AC
:107B600007FF00F0F1FC164B7561059301231549E1
:107B70000094CDE903434FF400623B46CDE9014454
:107B8000284600F07BFA6A7B064622F0040228466B
:107B90006A7307F0ACFB2046FFF76EFF3A463146AA
:107BA0002846FDF7EFFC00BF002E002000ED00E0AE
:107BB000801500209D79000870110020F010002031
:107BC0006B060108802F002038B5054C256804EBB2
:107BD000850405B938BD54F80439013D9847F8E7E4
:107BE000C0FA000838B5044C044DAC4200D338BD8F
:107BF00054F8043B9847F8E7CCFA0008CCFA0008A0
:107C00002DE9F341044617461E46EFF31188102371
:107C100083F31288BFF36F8FC368334A7BB18068E8
:107C20009168884219D057EA060318D188F3118861
:107C3000BFF36F8F6FF00F0002B0BDE8F081916865
:107C400091F90E1021610133E3609368A36088F31A
:107C50001188BFF36F8F0020EEE72169F2E791F9F9
:107C60000E1090F90E309942A8BF19466FF07E02AF
:107C70009142B8BF11468B422DDD07F098FA0546B8
:107C8000CDE9007619482246414600F075FB0028F0
:107C9000E1D0EFF31186102383F31288BFF36F8FC7
:107CA000A068D0B1236821699C420AD04BB193F9F6
:107CB0000E309942A8BF19466FF07E039942B8BFB3
:107CC000194607F074FA40B10848314600F0C4FB89
:107CD0006FF00A00B0E70025D2E7002DF4D186F35B
:107CE0001188BFF36F8FF3E780150020F515002092
:107CF00038B58368044663B3194A926893422BD11E
:107D0000C368012B03D9013BC360002038BDEFF3EA
:107D10001185102383F31288BFF36F8F0169806888
:107D200007F045FA204607F056FBA06058B190F9DD
:107D30000E2022610022826707F0D9FA09482946FD
:107D400000F08AFBE1E7E06085F31188BFF36F8FF5
:107D5000DBE76FF01500D9E74FF0FF30D6E700BF43
:107D600080150020F515002038B50446EFF3118585
:107D7000102383F31288BFF36F8F07F02CFB48B1F9
:107D80000022826707F0B3FA29460848BDE8384068
:107D900000F062BBD4E902329A4218BF0133A360FB
:107DA00085F31188BFF36F8F38BD00BFF615002033
:107DB00013B5EFF31181102484F31288BFF36F8F92
:107DC000846844B1013C846081F31188BFF36F8FF4
:107DD000002002B010BD52EA030406D181F31188DD
:107DE000BFF36F8F6FF00F00F3E7CDE9002302467A
:107DF000014800F0C1FAECE7F61500202DE9F04348
:107E0000DFF8348185B005464FF0FF364FF0FF377D
:107E1000EFF31189102383F31288BFF36F8FD5F826
:107E200080408CB9022105F1980007F0DBF90028A9
:107E300060D10023CDE90067029305F1880249462D
:107E40003E4800F02FFCE3E7D5F884202368C5F80E
:107E50008030944208BFC5F88430D5F8983043F09C
:107E60000203C5F89830E36823F0040343F00103EC
:107E7000E360636889F31188BFF36F8F20469847EA
:107E8000EFF31189102383F31288BFF36F8FE36838
:107E9000D90623F0010237D4E260E3689A071AD5C5
:107EA000D8F8000023F00203E360A0B102680021CB
:107EB00088B143689C4237D1036869BBD8F8042075
:107EC000C8F80030824201D1C8F80430002340F8DD
:107ED000083BFFF749FFD5F8983023F00203C5F8B7
:107EE000983089F31188BFF36F8FDB0590D400F0D1
:107EF00033FB8DE705F1900400220121204607F0B5
:107F0000A7FA0028F8D194E723F01103E36004F105
:107F10001000FFF729FFC0E70B60D8F80430834258
:107F200008BFC8F80410D1E722B113680146104613
:107F30001A46BDE71346F9E7A0150020F715002003
:107F4000F8B5C3689A0704460F46C3F340062CD41D
:107F50005B071AD40B680BB983680B60E368DD0715
:107F600044BFA3683B603D684CBF02260126002D3C
:107F70003AD01F4B9B68AB420AD0D5F89830D8074F
:107F8000C3F3800214D46FF0120600233B6025E097
:107F900007F066F9D5F898300028F0D1D907C3F377
:107FA000C002F0D552B15B0708D46FF00F06ECE7C2
:107FB000002AFAD1C3F3C003002BF6D100232360BB
:107FC000D5F8843063B9C5E92044284607F015F98F
:107FD000E36843F00403E3603B68A3603046F8BD08
:107FE0001C60C5F88440F0E76FF01506CDE700BFD0
:107FF000801500200146014807F022B91012002028
:10800000F0B589B004460020C4E920000E9D04F1BB
:108010008800C4E9220004F19000C4E924004DB3B3
:108020002879002840F2011008BF0120C4F8980008
:1080300000204FF0FF364FF0FF37CDE90330CDE998
:108040000100CDE906670C4B0094204600F054F87F
:1080500055B1296811B1204607F008F96B791BB1B9
:10806000237B43F001032373204609B0BDE8F040B1
:1080700007F001B90120D9E7FD7D0008F0B507320E
:1080800085B022F0070204467F320E9D0D9E2573B7
:10809000583022F03F02C4E91600042500203F2A90
:1080A000A673C4E90600A0606573E07301F14007A0
:1080B000A2F1400605D880F31188BFF36F8F2846E0
:1080C00002DFC4E919768D1800260C9AE666029242
:1080D0000B9A01920A9A009220462A46FDF720FA4E
:1080E000044B66659B6803B11B6F2367284605B088
:1080F000F0BD00BF80150020F0B587B000250595C4
:10810000109D04950F9D03950E9D0295DDE9127655
:108110000D9D01950C9D00950446FFF7AFFFB6F14C
:10812000FF3F08BFB7F1FF3F05D056EA070305D16F
:10813000204600F0A3F9204607B0F0BD03493A46B7
:10814000334604F1180000F0A5FBF4E7A3F30008A0
:1081500038B50D4D2B4653F8184F9C4200D004B94A
:10816000EC68AB6838B95A7BD20604D1A26912B95F
:10817000DA897F2A05D89C4202D0204600F0D2FA44
:1081800023466B6138BD00BF8015002008B590F90B
:108190000D20437B002A014604DA03F07F0343737A
:1081A00007F06BF8044B9868431A58425841BDE8F1
:1081B0000840FFF7CDBF00BF8015002070B490F9D4
:1081C0000D30427B002B29DBD30627D183692BBBE3
:1081D000134962F07F0242730A4652F8184F9442E4
:1081E00018BF2346CC6923B9C0E900242060C861C8
:1081F0000CE090F90E5093F90E60B5420AD0AE42F1
:1082000008DD5A68C0E900321060586070BC002078
:10821000FFF79EBF9C42E7D01B68E4E770BC704745
:10822000801500202DE9F041002A427B0E460CBF4C
:1082300010210821114204460FD141EA0203D2095C
:1082400018D1437308291BD00120FFF781FFBFF32A
:108250005F8F637B23F060036373284B9B68A342AB
:1082600045D1EFF30583002B41D13046BDE8F04105
:10827000FDF7AAB803F07F03437306F0FEFFE1E7C2
:10828000A36813B1204607F000F804F1180007F0C6
:1082900001F9A56D04F15807AF4211D04FF0000865
:1082A00075B1284606F0F1FF05F1180007F0F2F865
:1082B000C5F878802846FFF781FFA56DAF42EFD162
:1082C0000E4FBB689C42BFD1EFF30583002BBBD0A0
:1082D0000B4D0120FFF73CFF40F20113AB81284614
:1082E0000023C5E9193300F079FCBD60AFE786F3E0
:1082F0001188BFF36F8FBDE8F08100BF80150020AB
:108300007011002070B590F90D20437B002A0146C2
:1083100004DA03F07F03437306F0AFFF4B7B154A8B
:1083200063F07F0310464B7350F8183FD4698342C3
:1083300008BF002323B9C1E900042160D1610CE02A
:1083400091F90E5093F90E60B5420ED0AE420CDD9D
:108350005868C1E90030016059609068431A58427A
:10836000BDE870405841FFF7F3BE9C42E3D01B6864
:10837000E0E700BF80150020F8B5124B0C4611460F
:10838000114A98681060DDE90676EFF31182102239
:1083900082F31288BFF36F8F9D68284606F07FFF37
:1083A000B6F1FF3F08BFB7F1FF3F06D007493A4695
:1083B000334605F1180000F06DFA2046BDE8F8409C
:1083C000FDF702B880150020A8150020A3F30008CF
:1083D000F8B50446EFF31186102383F31288BFF338
:1083E0006F8F437BDA0649B219D18569BDB903F0B5
:1083F0007F03437306F041FF437B164A817363F0AA
:108400007F034373134653F8180F984218BF05466D
:10841000D0695DB9C4E900300460D46111E0A17392
:10842000002086F31188BFF36F8FF8BD95F90E70A9
:10843000B9420BD08F4209DD6B68C4E900531C6060
:108440006C600120FFF784FE0120EAE7A842E1D03A
:108450002D68DEE78015002049B9EFF3058030B9BB
:10846000054B5A699B689A4201D0FCF7ADBF81F376
:108470001188BFF36F8F70478015002010B5EFF3A0
:108480001184102282F31288BFF36F8F427B510751
:1084900004D484F31188BFF36F8F10BD22F004025F
:1084A0004273FFF78BFE21460248BDE81040FFF7FC
:1084B000D3BF00BFF8150020034648B9EFF305828B
:1084C00032B9064A51699268914201D0FCF77CBFEB
:1084D00083F31188BFF36F8F704700BF80150020B2
:1084E000EFF31181102383F31288BFF36F8F054BD5
:1084F0009A68D37B013BD37381F31188BFF36F8FED
:10850000704700BF8015002038B5EFF311851024A7
:1085100084F31288BFF36F8F0A4B9A68D37B0133C1
:10852000D3730020FFF714FE85F31188BFF36F8F1C
:10853000EFF3118084F31288BFF36F8FBDE83840EA
:10854000FFF7BABF80150020024B03F11802C3E900
:108550000622704780150020F8B5EFF3118510232F
:1085600083F31288BFF36F8F19498868437B03F048
:108570007F03437306F081FE8B685A7B084662F0E6
:108580007F025A7350F8182FCC69824208BF00222C
:1085900022B9C3E900042360CB610CE093F90E60BB
:1085A00092F90E70BE420ED0B7420CDD5168C3E99D
:1085B00000210B6053600120FFF7CAFD2846BDE88B
:1085C000F840FCF701BFA242E3D01268E0E700BF29
:1085D0008015002050EA01032DE9F04105460E46C2
:1085E00003D1FFF7B9FF00202BE0831C71F1FF33AB
:1085F00029DB06F064FF2C18EFF31188102383F3B6
:108600001288BFF36F8F124F124BB8681860FFF7D4
:10861000BDFDB86810492A463346183000F03AF9D3
:10862000BA68537B43F0100353734046FCF7CCFE0B
:1086300006F045FF201A63EB0303012873F10003E2
:10864000D1DBBDE8F0816FF00104241AD4E700BF4C
:1086500080150020A8150020A3F30008B1F1FF3F0A
:1086600008BFB0F1FF3F08B506D10A4B986806F085
:108670004DFE4FF0FF3008BDFFF7ACFFC1170930CA
:108680004FF00A024FF0000341F10001F8F760FDDE
:10869000F1E700BF80150020014B9868704700BFCC
:1086A00080150020D3B5DDE90667089CCDE9006799
:1086B000FFF762FE1CB1034B9B685B69236002B04D
:1086C000D0BD00BF80150020044BC01A044BC01061
:1086D0005843044B01221A54704700BFF011002088
:1086E000ABAAAAAAF9150020C3897F2B12D80A4B7E
:1086F0001B6863B1094B90F90E201B689A4209DB95
:10870000437BDB0606D1064BC31A18BF012303F0D7
:10871000010070470023FAE7B0150020AC150020D7
:108720007010002070B50E4B0E4C1E7C06EB4603FD
:1087300004EBC3040546204606F0ACFE0A4B0022BB
:1087400028469A55FFF7D0FF48B1084B08491A68E8
:10875000013A2046D317BDE8704000F09BB870BDC9
:1087600080150020F0110020F9150020B015002020
:10877000C986000838B5EFF31185102383F31288FA
:10878000BFF36F8F104B114A9C681068A04206D14E
:10879000FFF7C8FF85F31188BFF36F8F38BD002145
:1087A0001B7C11600A4AD35C002BF3D02046FFF7F4
:1087B0009BFF0028EED0637BDB0602D12046FFF74B
:1087C000A1FD2046E4E700BF80150020A815002089
:1087D000F915002008B50648064A0749121A06F09E
:1087E000D2FCBDE80840054A0549064806F0CBBC66
:1087F00000000020940A00209017010800000000EB
:108800009017010800000020034B1B680BB9FEF70E
:108810004DBD0020704700BFB415002030B570B1C9
:108820000B4B5B6898420AD0036843B1D3E904213B
:10883000D0E90445121941EB0501C3E90421D0E94F
:10884000003213605A600023C0E9003330BD00BF1E
:108850004C08002010B50E4B1C689C4204D1FFF759
:10886000D3FF6FF0004010BDFFF7CEFF002CF8D013
:10887000D4E904321B1A62EBE072B3F1004F72F1DB
:108880000001EEDA002AACBF18460020EBE700BF7B
:108890004C080020B3F1FF3F08BFB2F1FF3FF8B52D
:1088A00004461D4616465ED08160EFF31187102303
:1088B00083F31288BFF36F8F013275F1FF3324DA2F
:1088C0002E49D1E900206FF001039B1A4FF0FF32CF
:1088D00062EB00009E1B60EB0500012E70F10003AF
:1088E00001DA01260020C4E90460254ED6F800C054
:1088F0007568B44508BF4FF0000CBCF1000F0DD1F6
:10890000C4E900652C6074601CE0FFF77DFF013650
:1089100045F10005361845EBE070E4E7DCE904209A
:10892000D4E90431934271EB000E1DDAD21ADCF85F
:10893000043060EB0100CCE90420C4E900C31C60F2
:10894000CCF804403368B34209D09C4207D10D4BA8
:108950001C6824B9FFF77EFF2146FEF72BFC87F346
:108960001188BFF36F8FF8BD9B1A61EB0001AC4516
:10897000C4E90431C4D0DCF800C0BEE7081200200E
:108980004C080020B41500202DE9F84FEFF3118CAE
:10899000102383F31288BFF36F8FDFF8B0A0DFF8E6
:1089A000B0902C4FC9F80000DAF8000000245045C0
:1089B00008BF00200025D7E90021D9F80030E046A3
:1089C00078B3D0E9046C4FEAE37EB3427EEB0C0B44
:1089D00005DAF61A6CEB0E04C0E9046421E0B21863
:1089E00041EBE671C0E90445C7E90021FFF716FF36
:1089F00088F31188BFF36F8F83689847EFF311886E
:108A0000102383F31288BFF36F8FD9F80030DAF8A0
:108A100000009B1B5045C446C9F80030CBD1D7E9B4
:108A200000219A1841EBE3730024C7E90023C9F839
:108A30000040FFF70FFF2146FEF7BCFB88F31188CB
:108A4000BFF36F8FBDE8F84FFFF794BE4C080020CE
:108A5000B41500200812002010B5EFF31184102384
:108A600083F31288BFF36F8FFFF7CEFE054A0346EC
:108A7000D2E90001181841EBE37184F31188BFF3C8
:108A80006F8F10BD08120020F8B50446EFF3118770
:108A9000102383F31288BFF36F8F026822B187F32C
:108AA0001188BFF36F8FF8BDD0E90A36581C46F124
:108AB0000001022871F1000127D3012B76F100019A
:108AC000BCBF012316465D1E46F1FF3606F0FBFCD7
:108AD000013041F10001401946EB0101012871F11B
:108AE000000139DB06F0EFFC013041F100016FF0CD
:108AF0000102401946EB0103121A4FF0FF3161EBFE
:108B0000030318492046FFF7C5FE236B0133236397
:108B1000236A6BB187F31188BFF36F8F236A2046F6
:108B20009847EFF31187102383F31288BFF36F8FF9
:108B300054F8185FA542B2D0002DB0D0284606F0F8
:108B4000FEFB0023AB6787F31188BFF36F8F2846C6
:108B5000BDE8F84006F0CBBB6FF001024FF0FF33E9
:108B6000CFE700BF898A00082DE9F04105461C4681
:108B700090461F46EFF31186102383F31288BFF34C
:108B80006F8FB4F1FF3F08BFB2F1FF3F05D186F30D
:108B90001188BFF36F8FBDE8F081531C74F1FF3370
:108BA00009DB012A74F10003BCBF0122002412F189
:108BB000FF3844F1FF37284606F06CFCDDE906017A
:108BC0000023C5E90A012B63034942463B46284678
:108BD000FFF760FEDBE700BF898A0008014B0367EF
:108BE000704700BF440A0020014804F0DCBF00BF0A
:108BF0005F17010838B5064C064DAC4201D3002082
:108C000038BDD4E90112204606F087FC1834F4E799
:108C1000440A00205C0A00201FB5094A92E80300BC
:108C200002AB83E803004FF48062009305490648D5
:108C30004FF0FF33FFF7E4F9002005B05DF804FBC7
:108C400090FB0008C037002010120020024B0146A4
:108C5000186800F00BB800BF5C080020024B01460A
:108C6000186802F073B900BF5C0800202DE9F04FCE
:108C700001F10B05162D83B0064624D8102900F209
:108C8000B08000F001FB102518224FF0020CBC4F01
:108C90003A44A2F1080354689C4200F00B816368D7
:108CA000E268A16823F003032344CA6091605A6814
:108CB00042F0010230465A60083400F0EBFA2046D8
:108CC00003B0BDE8F08F35F0070500F18A80A942B6
:108CD00000F2878000F0D8FAB5F5FC7FC0F058812B
:108CE0006B0A00F08280042B00F20B81AB0903F1C8
:108CF000390C03F138044FEACC03A14F3B44A3F1F4
:108D000008005B68984206D10CE0002980F2C08020
:108D1000DB68984206D05A6822F00302511B0F29E3
:108D2000F3DDA446DFF85C823C69444500F09D8099
:108D3000636823F00309A9EB05030F2B00F32D81D2
:108D4000002BC7E9048880F20E81B9F5007FD7F8BF
:108D500004E080F0B6804FEAD90101314FEA591999
:108D6000012303FA09F357F83120A2604EEA030EFB
:108D700007EBC103083BE360C7F804E047F8314064
:108D8000D4604FEAAC0301209840704533D810EA14
:108D90000E0F07D12CF0030C400010EA0E0F0CF15F
:108DA000040CF9D007EBCC0A5346E146D9680EE033
:108DB0004A6822F00302A2EB050EBEF10F0F0C462B
:108DC000C96800F3AC80BEF1000F80F2BF808B4217
:108DD000EED109F1010919F0030F03F10803E5D100
:108DE00023E10C233360002469E74FF400734FF054
:108DF000400C3F2481E7BC68636823F00308A84562
:108E000003D3A8EB05030F2B32DC5F4B1A685F4BD3
:108E1000196801312A4404EB080A00F06B8102F55D
:108E200080520F3222F47F6222F00F021146304648
:108E3000009200F035FAB0F1FF3F009A534B8146A3
:108E400005D0824540F2C480BC4200F00481BC6879
:108E5000626822F00302AA42A2EB050301D30F2BA2
:108E600006DC304600F016FABDE7D7F804E088E7E4
:108E7000621943F0010345F0010565603046BA60B0
:108E8000536000F007FA0834204603B0BDE8F08FC5
:108E9000D3E902411A44E1608C60516841F001015C
:108EA0003046516003F1080400F0F4F9204603B0A5
:108EB000BDE8F08FD468A2427FF4F1AE0CF1020C51
:108EC00030E7B9F5206F4FEA59227AD3142A00F21D
:108ED0002D8102F15C03DB005B32F918FB58083985
:108EE000994203D108E19B68994204D05A6822F064
:108EF00003024A45F7D8D968C4E902318C60DC60C6
:108F00003FE7142B40F28580542B00F218812B0B85
:108F100003F16F0C03F16E044FEACC03EDE630462B
:108F2000A668631945F001056560F1608E604EF03A
:108F30000101C7E90433C3F80880C3F80C80596005
:108F400044F802E000F0A6F90834B8E622443046BE
:108F5000536843F00103536054F8083FD9608B60B5
:108F600000F098F9ABE6A1443046D9F8043043F05C
:108F70000103C9F80430083400F08CF99FE600BF03
:108F80005001002058010020E8150020540800205E
:108F90004FEAD50C05F1080279E6621943F00101A8
:108FA00045F0010565603046C7E90422C2F8088033
:108FB000C2F80C80516044F8093000F06BF90834B5
:108FC0007DE64FEA991202F13903DB00383284E77B
:108FD000DFF804B2DBF800101144CBF800100846AB
:108FE00040D1C9F30B0CBCF1000F3BD1D7F808906E
:108FF000424442F00102C9F80420784B18688842C4
:1090000038BF1960764B1868884238BF19604C46E3
:109010001FE703F15C0C03F15B044FEACC036CE641
:109020005AF80839534540F0D5801CF0030F0CF175
:10903000FF3CF5D17B6823EA00037B604000984247
:109040003FF6D9AE18B9D6E6400009F10409184236
:10905000FAD0CC46A6E6DFF880B1DBF80000104479
:10906000CBF80000196801311BBFA9EB0A031B18DC
:10907000C3F80090CBF8003019F0070345D0C3F1D6
:1090800008018944C3F580514A440831891AC1F363
:109090000B0A514630460193009200F001F9421C40
:1090A000DDE900237AD0A0EB090000EB0A02DBF82F
:1090B0000030C7F8089042F001020AEB0301BC42FD
:1090C000C9F80420CBF8001097D0B8F10F0F41D9A0
:1090D0006268A8F10C0323F0070302F001021A43AF
:1090E0006260E21805200F2B506090604CD8D9F8D0
:1090F000042082E7103299E69210012000FA02F271
:109100004EEA020EC7F804E0F6E609EB0201494216
:10911000C1F30B0A514630460193009200F0C0F8AB
:10912000431CDDE90023BED19A46C0E7542A15D876
:109130004FEA193202F16F03DB006E32CDE6B3F570
:10914000AA7F15D8EB0B03F1780C03F177044FEAF3
:10915000CC03D2E50123C9F8043082E6B2F5AA7F38
:1091600023D84FEAD93202F17803DB007732B4E634
:1091700040F25452934223D8AB0C03F17D0C03F11F
:109180007C044FEACC03B8E504F10801304601F055
:10919000DDFED7F80890DBF80010A8E7083B1A447A
:1091A000A2EB09024FF0000A81E740F254539A42C1
:1091B0000CD84FEA994202F17D03DB007C328CE649
:1091C0004FF47E734FF07F0C7E2496E54FF47E7350
:1091D0007E2282E67B6831E7B8150020E415002086
:1091E000E0150020830730B547D0541E002A3ED03A
:1091F000CAB2034601E0013C39D303F8012B9D07B5
:10920000F9D1032C2CD9CDB205EB05250F2C05EB9C
:10921000054535D9A4F1100222F00F0C03F1100E10
:10922000E6444FEA121C1A46156055609560D560F9
:1092300010327245F8D10CF1010214F00C0F03EB5F
:10924000021204F00F0C13D0ACF1040323F003035B
:109250000433134442F8045B9A42FBD10CF003043C
:109260002CB1C9B21C4403F8011B9C42FBD130BD98
:1092700064461346002CF4D1F9E703461446C0E7D0
:109280001A46A446E0E700BF014805F0DBB800BF7E
:109290005C0A0020014805F0DBB800BF5C0A002032
:1092A00038B5074D0022044608462A60FCF752FBF9
:1092B000431C00D038BD2B68002BFBD0236038BD89
:1092C000EC1500200CB410B51F4B00291C689CB095
:1092D00035DB4FF40273ADF81430029006901FABEB
:1092E00018D001394FF6FF7204910791ADF816209E
:1092F00002A91E9A0193204600F03AF8421C01DAB6
:109300008B232360029B00221A701CB0BDE8104022
:1093100002B070474FF6FF7204910791ADF8162026
:1093200002A91E9A0193204600F022F8431C01DA9C
:109330008B2323601CB0BDE8104002B070478B2324
:1093400023604FF0FF30F5E75C08002071B1034661
:1093500000EB010C01E0634506D01A460133117899
:109360000029F8D1101A7047181A7047084670473C
:109370002DE9F04FD9B00C46CDE90C0192460F9380
:1093800001F0E2FE036817931846F6F739FFA38948
:1093900016901D0603D52369002B00F0818700235A
:1093A000CDE92D33CDE91933CDE91B331293189351
:1093B0000B9300240023CDF820A0CDE91434089BA2
:1093C0001B782FAA2C929346002B00F0E481DDF845
:1093D00020A004E01AF8013F002B00F01C81252B8F
:1093E000F8D1089BBAEB030540F01A819AF80030D7
:1093F000002B00F0D08100239AF801508DF89330B3
:109400000A930AF1010A4FF0FF3907930AF1010AA2
:10941000A5F120035A2B00F23481DFE813F09B0200
:109420003201320194023201320132016A0032010A
:1094300032015C026E02320167027B023201740269
:109440005B005B005B005B005B005B005B005B0044
:109450005B0032013201320132013201320132014C
:10946000C80132012A028700C801C801C8013201BF
:10947000320132013201B80232013201B50032014B
:109480003201320134023201A60232013201F80601
:109490003201320132013201320132013201320134
:1094A000C80132012A028B00C801C801C801E802C4
:1094B0008B0080003201DE023201D002B900BF020F
:1094C0008000320134027D001C07320132011F0787
:1094D00032017D00A5F1300300221AF8015B02EB96
:1094E000820203EB4202A5F13003092BF5D90A925F
:1094F0008EE70C9D284601F027FE43681B93184613
:10950000F6F77EFE1C900446284601F01DFE836897
:109510001993002C40F06B869AF8005076E7079B71
:109520009AF8005043F0200307936FE7079B43F03E
:1095300010030793079B9C0640F18A810F9B07331A
:1095400023F007031A46596852F8083B0F920A465F
:109550000029C0F2B185B9F1FF3F00F0EB87079910
:1095600021F0800653EA020100F050850A2B72F1C7
:10957000000180F0738730338DF85F310DF25F1397
:1095800007960893012634E0079B43F010030793E6
:10959000079B13F0200200F04A810F9B073323F052
:1095A000070319465A6851F8083B0F91079921F4AF
:1095B000806600210020B9F1FF3F8DF8930000F094
:1095C000898226F08000079053EA020040F08182F1
:1095D000B9F1000F40F0B787002940F01C8516F064
:1095E00001061BBF30238DF85F3158AB0DF25F13BE
:1095F00008930023B145CDE9103349469DF89320E7
:109600000E93B8BF314609911393002A4BD0099BA2
:109610000133099347E0089BBAEB030500F0BB80D8
:10962000089B2E9FCBE900352D9B01332F44072B40
:109630002E972D9305DC0BF1080B0B9B2B440B9302
:10964000D4E6DDE90C012CAA02F0A6F980B90DF1EF
:10965000BC0BF2E7DDE90C012CAA02F09DF9002811
:1096600000F088800E9B1BB10E990C9801F06EFCE7
:109670000D9B9B89590601F1D8820B9859B0BDE822
:10968000F08F002D00F0878000228DF8FC508DF8BF
:1096900093200123CDE9102209931E463FAB0E9281
:1096A000914613920893079B13F0020302D0099985
:1096B00002310991079911F0840405D1DDE909010E
:1096C0000F1A002F00F33E832E9F8AB12D9A0DF1C1
:1096D000930101320137CBF80010072A4FF0010146
:1096E0002E972D92CBF8041000F384830BF1080B16
:1096F00083B12D9B25AA01330237CBF80020072B1D
:109700004FF002022E972D93CBF8042000F38083B4
:109710000BF1080B802C00F0F981A9EB0608B8F1D9
:10972000000F00F33F82079BDA0500F16A81089B76
:10973000CBF800302D9BCBF804600133F519072BD3
:109740002E952D9300F3A7820BF1080B079B58076A
:1097500005D5DDE909239C1A002C00F36B83DDE9B4
:109760000A2309998A42ACBF9B185B180B93002D02
:109770007FF470AF00232D930E9B1BB10E990C98B4
:1097800001F0E4FB0DF1BC0BCDF820A0089B1B7889
:10979000002B7FF41CAE2E9B002B3FF469AF0D9C79
:1097A0000C982CAA214602F0F7F8A38962E70F9BD8
:1097B000073323F00703F3E802670F9327F0004312
:1097C0001F931E96DDE91E01AE4B4FF0FF32CDE92F
:1097D0001467F7F7F9FD002840F0A084DDE91E01C9
:1097E000A84B4FF0FF32F7F737FD002840F0968482
:1097F0000022002330463946F7F724FD002840F0C8
:109800005B879DF89320079B9F4C23F08003079371
:109810009E4B472DC8BF1C4603210023CDE91033C2
:1098200008940E9309910E4699461393EDE60F990D
:1098300051F8043B0F91079911F010017FF4B6AE77
:10984000079A12F0400000F019879BB20A46ADE675
:109850000F9A52F8043B0F92079AD00600F15584F4
:10986000079A510640F14D8443F3C03211461BB2B2
:109870006EE60F9B002253F8041B8DF893208DF8A1
:10988000FC100F9305E70F9F57F8043B0893002641
:109890008DF89360002B00F09E86B9F1FF3F00F039
:1098A0000E8508984A463146F6F71AFD0E900028B4
:1098B00001F01D810E9B089A0F97B1469E1A26EA69
:1098C000E673CDE910999DF893200993CDF838906F
:1098D000CDF84C9099E60F9B53F8042B0A92002A7E
:1098E00080F20A840A9A0F9352420A92079B9AF8CE
:1098F000005043F00403079388E52B239AF80050A7
:109900008DF8933082E5079B9AF8005043F080036E
:1099100007937BE5524612F8015B2A2D01F0118274
:10992000A5F13003092B92464FF000093FF670ADC8
:109930001AF8015B09EB890903EB4909A5F130032A
:10994000092BF5D964E5079B9AF8005043F0010311
:1099500007935BE59DF893309AF80050002B7FF455
:1099600055AD20238DF8933050E5079B43F010064A
:1099700016F0200200F089830F9B073323F00703C2
:1099800019465A6851F8083B0F91012112E6079BCE
:109990009AF8005043F00803079337E50F9A079BA6
:1099A00043F0020652F8043B0F9247F63002ADF83E
:1099B0009420374A1892022100227825FAE5079B65
:1099C0009E0640F102840F9B0B9A1B681A60D21707
:1099D0005A600F9B04330F93D6E69AF80050079B0A
:1099E0006C2D00F0548443F0100307930EE59AF8B1
:1099F0000050079B682D00F0418443F0400307931B
:109A000004E5652D40F35381DDE9140100220023B4
:109A1000F7F70EFC002800F049822D9B1D4ACBF879
:109A20000020013301370122072B2E972D93CBF80D
:109A3000042000F38E850BF1080B269B129A9342AB
:109A400004DB079BDB0701D43D467FE6169B179A94
:109A5000DD19CBE900232D9B2E950133072B2D9388
:109A600000F3FF830BF1080B129B5C1E002C7FF7A9
:109A70006DAE102C2D9B084F40F37885DDE90C89E5
:109A8000102611E0FFFFEF7FBC030108C0030108AF
:109A9000CC030108FC030108000401080BF1080BCA
:109AA000103C102C40F3628501331035072BCBE9B5
:109AB0000076CDE92D35F1DD2CAA4946404601F06E
:109AC0006BFF00287FF4CEADDDE92D350DF1BC0B29
:109AD000E6E7079E01293FF449AD022900F07681AF
:109AE00058AC03F00701DB0843EA4273D208303177
:109AF00053EA0207204604F8011DF2D1F707089443
:109B000000F1768258AB07961E1B72E5DDE909234A
:109B1000A3EB0208B8F1000F7FF7FFADB8F1100F0B
:109B20003A462D9BC04F29DD1D9520961024DDE976
:109B30000C65194606E0A8F11008B8F1100F0BF1FA
:109B4000080B18DD013110320729CBE90074CDE98B
:109B50002D12F0DD2CAA294630460DF1BC0B01F088
:109B60001BFF00287FF47EADA8F11008B8F1100F9C
:109B7000DDE92D12E6DC1D9D209E0B460133CBF85E
:109B80000070072B08EB0207CDE92D37CBF80480D6
:109B900000F30E85A9EB0608B8F1000F0BF1080BD6
:109BA0007FF7C1ADB8F1100F3A462D9B9E4F2EDDC9
:109BB00059460C9CC3464FF01009B84637462E460E
:109BC0000D9D06E0ABF1100BBBF1100F01F1080188
:109BD00018DD013394481032072BC1E90009CDE9A3
:109BE0002D32EFDD2CAA2946204601F0D5FE0028B3
:109BF0007FF438ADABF1100BBBF1100FDDE92D3266
:109C00002FA9E6DC35463E464746D8468B4601330B
:109C1000CBF80070072B08EB0207CDE92D37CBF806
:109C2000048000F325820BF1080B7CE52D9B7F4916
:109C3000CBF8001001337D1C0121072B2E952D93AD
:109C4000CBF8041000F34A850BF1080B002A40F012
:109C5000E084079B129A03F0010313433FF476ADAF
:109C6000169B179A5919CBE900232D9B2E9101338E
:109C7000072B2D9300F3EF850BF1080B089ACBF817
:109C80000020129ACBF8042001335518072BCDE998
:109C90002D357FF759ADDDE90C012CAA01F07CFED2
:109CA00000287FF4DFAC2E9D0DF1BC0B4EE5129B1E
:109CB000012B0BF1080640F37A81089BCBF80030AA
:109CC0002D9B013301370122072B2E972D93CBF8C3
:109CD000042000F3F981169A03F10108179BD519A6
:109CE000B8F1070FC6E90032CDE92D8500F3F88100
:109CF0000836129BDDE9140103F1FF39002200232D
:109D0000F7F796FA002840F08B81089CC6F804907B
:109D100008F1010801344D44B8F1070FCDE92D8554
:109D2000346000F3598108361A9A726008F1010311
:109D30001544072B28AACDE92D353260ABDC06F19E
:109D4000080B03E5102FDDE92D21DFF8E4802DDD80
:109D50001D934346CDE92045B046DDE90C451E463E
:109D600004E0103F102F0BF1080B19DD0132103108
:109D70001023072ACDE92D21CBF80060CBF8043061
:109D8000EFDD2CAA294620460DF1BC0B01F004FEA4
:109D900000287FF467AC103F102FDDE92D21E5DCB2
:109DA000DDE9204530461D9B464680460132394458
:109DB000072ACBF80080CBF804702E912D9200F387
:109DC000A9839DF893200BF1080B7DE4189C58A9FA
:109DD00003F00F001B09205C01F8010D43EA027338
:109DE000120953EA0200F3D158ABCDE907615E1ABC
:109DF000FFF7FFBBDDE90C012CAA1D9301F0CCFDA0
:109E000000287FF42FAC2E9F1D9B0DF1BC0B6FE43F
:109E1000DDE90C012CAA01F0BFFD00287FF422AC83
:109E20002E9F0DF1BC0B75E400040108FC03010832
:109E300010040108102C2D9BDFF8D88223DD474643
:109E4000DDF83490DDF83080102604E0103C102C52
:109E50000BF1080B16DD01331035072BCBE900762B
:109E6000CDE92D35F2DD2CAA494640460DF1BC0B5B
:109E700001F092FD00287FF4F5AB103C102CDDE9D9
:109E80002D35E8DCB84601332544072BCBE90084A7
:109E9000CDE92D357FF763ACDDE90C012CAA01F08B
:109EA0007BFD00287FF4DEAB2E9D58E4269A002A25
:109EB0007FF7BCAE109E129A089B9642A8BF16462A
:109EC000002E1A441D920BDDCBE900362D9B013389
:109ED0003744072B2E972D9300F39B850BF1080B2E
:109EE000109D002EA8BFAD1B002D00F3F081109B2C
:109EF000DDF820909944079B5E0500F10D82269CB9
:109F0000129B9C4203DB079AD50740F18E84169B77
:109F1000179ADD19CBE900232D9B2E950133072BD2
:109F20002D9300F3D6850BF1080B129B1C1B1D9B78
:109F3000A3EB0906A642A8BF2646002E0DDD2D9BE9
:109F4000CBF8009001333544072BCBF804602E95F5
:109F50002D9300F3D8850BF1080B002EA8BFA41B8E
:109F6000002C7FF7F3AB102C2D9B6B4F40F3FE8240
:109F7000DDE90C89102605E00BF1080B103C102CD4
:109F800040F3F48201331035072BCBE90076CDE99D
:109F90002D35F1DD2CAA4946404601F0FDFC002894
:109FA0007FF460ABDDE92D350DF1BC0BE6E7079BD7
:109FB000DC073FF582AE089BCBF800302D9B03F108
:109FC00001087D1C0123B8F1070F2E95CDF8B48050
:109FD000CBF804307FF7A8AEDDE90C012CAA01F024
:109FE000DBFC00287FF43EABDDE92D852FAE9BE640
:109FF000302900F0C882089A07963023023802F808
:10A00000013C58AB1E1A0890FFF7F3BAB9F1000FE4
:10A010007FF4B1AA079658AB4E460893FFF7E9BA0A
:10A02000129B012B7FF780AE112B3B4F40F3E48254
:10A0300043461024DDE90C8B06E00836A9F110092F
:10A04000B9F1100F40F3D78201331035072BC6E961
:10A050000074CDE92D35F0DD2CAA5946404601F0BB
:10A060009BFC00287FF4FEAADDE92D352FAEE5E745
:10A07000DDE90C012CAA01F08FFC00287FF4F2AA84
:10A080002E9F0DF1BC0BFFF74EBB0F9951F8043B0F
:10A090000F9116F010010CD116F0400004D00A46C2
:10A0A0009BB20121FFF786BA16F400721CBFDBB227
:10A0B00002460121FFF77EBA5B42079E62EB420235
:10A0C0002D200121FFF777BADDE90C012CAA01F060
:10A0D00063FC00287FF4C6AADDE92D372FAEFAE530
:10A0E000DDE90C012CAA01F057FC00287FF4BAAA84
:10A0F000DDE92D852FAEFCE59AF800500F93FFF7B0
:10A1000085B9079A920500F1A083DA171146FFF787
:10A110001FBA00BF1004010800040108DDE91401A2
:10A1200002460B46F7F750F9002840F0BF85612D35
:10A1300000F08C84412D00F0F684B9F1FF3F00F06F
:10A14000A58325F02003472B04D1B9F1000F08BFE8
:10A150004FF00109DDE91412079C002A44F48070D5
:10A160000990C0F2AA84CDE9221200231D930E9318
:10A17000A5F14103252B00F2BF82DFE813F0910324
:10A18000BD02BD02BD028A038E03BD02BD02BD0237
:10A19000BD02BD02BD02BD02BD02BD02BD02BD02C7
:10A1A000BD02BD02BD02BD02BD02BD02BD02BD02B7
:10A1B000BD02BD02BD02BD02BD02BD02BD02BD02A7
:10A1C000BD02BD02BD028A038E03079BDD0600F1BE
:10A1D000FC81079B5C0600F13283079B980540F1E8
:10A1E000F4810F9B0B9A1B681A70FFF7F2BB199B47
:10A1F0009AF80050002B3FF409A91B78002B3FF47C
:10A2000005A9079B43F480630793FFF7FFB8BD4B95
:10A210001893079B13F0200200F002810F9B073375
:10A2200023F0070319465A6851F8083B0F91079825
:10A23000C1070AD553EA020107D040F00201079195
:10A2400030218DF895508DF89410079921F480668F
:10A250000221FFF7AFB9079EFFF78ABBAA4B1893FD
:10A26000D7E7DDE90C012CAA01F096FB00287FF46A
:10A27000F9A92E9D0DF1BC0BFFF7F6BB43F400735B
:10A280009AF8015007930AF1010AFFF7BFB843F0AB
:10A2900020039AF8015007930AF1010AFFF7B6B8B4
:10A2A0000C984021FEF7E2FC0D9B18601861002815
:10A2B00000F0B8840D9A40235361FFF770B80898F6
:10A2C0000F97F5F79DFFB1460646FFF7F8BA102D38
:10A2D0003A462D9B8D4F40F3E081DDE90C48102676
:10A2E00005E00BF1080B103D102D40F3D681013332
:10A2F0001032072BCBE90076CDE92D32F1DD2CAA07
:10A300004146204601F048FB00287FF4ABA9DDE977
:10A310002D320DF1BC0BE6E71199CDF880A05A461D
:10A3200038467A4EDDF864A01C9BDDF834B04F4609
:10A330004FF01008DDF84C9081B3B9F1000F00F038
:10A34000FC8009F1FF391B99C2E900132D990131F5
:10A35000184407292E902D9173DC08321D9C9AF821
:10A360000010E51B8D42A8BF0D46002D0CDD2D9978
:10A37000013128440729C2E900752E902D9100F380
:10A3800008819AF800100832002DACBF4C1B0C4617
:10A39000002C12DC0F4411990029CED1B9F1000F25
:10A3A000CFD11D9BCDF864A0B9469945DDF880A0BA
:10A3B0009346074628BF9946A1E5102C2D9940F3F6
:10A3C00087840C9D0893109604E0103C102C02F139
:10A3D000080215DD013110300729C2E90068CDE916
:10A3E0002D10F2DD2CAA5946284601F0D5FA002896
:10A3F0007FF438A9103C102CDDE92D102FAAE9DCE0
:10A40000089B109D1560013120440729CDE92D10CE
:10A41000546000F30B839AF8001008320F44BAE737
:10A420000F9951F8043B0F91079911F010017FF437
:10A43000FEAE079A12F0400000F028819BB20A4657
:10A44000F5E60C9808932CAA594601F0A5FA0028C5
:10A450007FF408A92E98089B2FAA7FE706F480674F
:10A460000996CDE907A5DFF8A880199E4FF0000CEA
:10A4700058AC05E00A2B72F1000235D353462A4648
:10A48000991841F10001A8FB010525F0030000EB3C
:10A490009500091A581A4FF0CC3562F1000E05FBF1
:10A4A00000F508FB0E55A0FB08A005440AF0010EBC
:10A4B0000520AEFB000E40184FEA5A0A303004F86F
:10A4C000010C4AEAC57A0CF1010C013C6D08002F21
:10A4D000D0D031788C45CDD1BCF1FF0FCAD00A2B3A
:10A4E00072F1000280F0ED801996DDE9085658AB54
:10A4F000DDF81CA0CDF848C0CDE907641E1BFFF7AE
:10A5000078B800BFE0030108CC030108000401088B
:10A51000CDCCCCCCDDE90C012CAA1D9301F03CFA8A
:10A5200000287FF49FA89DF893201D9B0DF1BC0B84
:10A53000FFF7CAB8079EFFF719B8119901390AF158
:10A54000FF3A1191FFE60129079E7FF4C6AAFFF7A3
:10A5500012B8DDE90C012CAA01F01EFA00287FF4E4
:10A5600081A82E9F0DF1BC0BFFF767BA013325447C
:10A57000072BCBF80070CBF80440CDE92D357FF7E1
:10A58000E3A8FFF788BB089A079658AB9E1AFFF717
:10A5900030B80C9808932CAA594601F0FDF9002810
:10A5A0007FF460A89AF800102E98089B2FAAEBE67B
:10A5B000DDE90C012CAA01F0EFF900287FF452A884
:10A5C0002E9F0DF1BC0BFFF7A8B80F9B0B9A1B68D1
:10A5D0001A60FFF7FEB94E46062E1A4628BF062619
:10A5E00099460E93BF4B0996CDE910220F97089319
:10A5F0001392FFF70AB8984608F101084D44B8F1E4
:10A60000070FCDE92D853760C6F804907FF78BAB37
:10A61000E2E4169B17985919CBE900032D9B2E9164
:10A620000133072B2D9300F316810BF1080B002A41
:10A63000BFF624AB56421032AB4F80F2CB82DDE93D
:10A640000C48102505E00BF1080B103E102E40F3CE
:10A65000C18201331031072BCBE90075CDE92D31D3
:10A66000F1DD2CAA4146204601F096F900287EF43F
:10A67000F9AFDDE92D310DF1BC0BE6E7079A12F4D5
:10A6800000721CBFDBB20246FEF790BF079A12F4BD
:10A6900000721CBFDBB20246C9E50133CBF8007083
:10A6A000072B05EB0207CDE92D37CBF8045000F35B
:10A6B000E0800BF1080B1AE42D228DF89320FFF7B0
:10A6C000A2B81C9B1B99E41A1A46204601F030F9E7
:10A6D000737803B101364FF0000CCFE6DDE90C01D1
:10A6E0002CAA01F059F900287EF4BCAF269A2E9DC1
:10A6F0000DF1BC0BFFF7AABA4F460223CDE9003794
:10A700002AAB049327AB039326AB02930C98DDE9A5
:10A710002223F7F749F8672D089000F00682472DAD
:10A7200000F09582089B25F02008B8F1460F03EB56
:10A73000070605D11B78302B00F0DC82269F3E44B3
:10A74000DDE9220100220023F6F772FD002800F067
:10A750003C813346089A9B1A1293269A1092B8F1BC
:10A76000470F00F02081B8F1460F00F0F681531E2C
:10A77000612D269300F0D682412D40F01C8150219E
:10A780000120002BB6BFC2F101032B222D22092B81
:10A790008DF8A0108DF8A12040F335820DF1AF06A1
:10A7A000524F32461046A7FB0312D20802EB820139
:10A7B000A3EB4101303100F8011C1946632913460F
:10A7C00000F1FF32EEDC303302F8013C831EB3426D
:10A7D00080F0B4820DF1A10213F8011B02F8011FF1
:10A7E000B342F9D158AB181AA0F1AD031A93129BDA
:10A7F0001A9A012B03EB020640F32582169B1E4496
:10A8000024F4806343F4807307930023CDE910336D
:10A8100026EAE672139309921D9B002B40F0CE802E
:10A820009DF893209946FEF7F0BE1D9A1C1BA2EBE3
:10A830000906A6423D46A8BF2646FFF78EBB0F9BE2
:10A840000B9A1B681A80FFF7C4B843F3C012114675
:10A850005BB2FEF77DBEDDE90C012CAA01F09CF88D
:10A8600000287EF4FFAEDDE92D31269A0DF1BC0BF8
:10A87000DDE6DDE90C012CAA01F08EF800287EF45B
:10A88000F1AE2E9F0DF1BC0BFFF731BB4FF0060967
:10A8900060E409F10107022330E74F4603232DE767
:10A8A00026AADDE9220101F00BF800224FF07F53C8
:10A8B000F5F722FF0022002306460F46F6F7B8FC04
:10A8C000002840F0B7810A4B079309F1FF33CDE927
:10A8D000209B1195CDE9124ADDF82080DDF81CB0EF
:10A8E0001D460DE0F403010800040108CDCCCCCCDA
:10A8F000E003010800220023F6F79AFCF0B94D4668
:10A90000AB4B002230463946F5F7F6FE0F460646B9
:10A91000F6F770FD0446F5F785FE0B46024639460C
:10A920003046F5F731FD1BF80430C24608F8013B0C
:10A930006B1C05F1FF3906460F46DBD19D4B109588
:10A94000002230463946119D1194DDE9209B129C6E
:10A95000CDF848A0DDF84CA0F6F792FC002840F0B6
:10A960000A81944B304639460022F6F761FC18B153
:10A97000119BDF0700F1FF80109B002BC0F21681B6
:10A98000109B01334344302208F8012B4345FBD18F
:10A99000089A9B1A129325F02008DEE6089A2A9B53
:10A9A0009B1A269A1293D31C109201DB914518DA58
:10A9B000531E023D2693E9B20020E2E62D228DF8D7
:10A9C00093204FF00009FEF722BE2A9BB342BFF44A
:10A9D000C1AE30215A1C2A9219702A9B9E42F9D886
:10A9E000B8E6129B934200F3A780E30740F15C8135
:10A9F000169BD618670502D5002A00F32F81099B04
:10AA0000079326EAE67309936725002313931193AE
:10AA100002E7DDE90C012CAA00F0BEFF00287EF45D
:10AA200021AE2E9F0DF1BC0BFFF75ABA0C9808937C
:10AA30002CAA594600F0B0FF00287EF413AE9AF815
:10AA400000102E98089B2FAA0F44A4E478238DF8B9
:10AA5000953030238DF89430079BB9F1630F43F0A4
:10AA6000020400F3AB8000230E933FAB0893079BD7
:10AA700043F481730993159B002B21DB00231D9365
:10AA8000DDE91423CDE92223612D7FF471AB26AAE1
:10AA9000DDE9220100F014FF00224FF07F53F5F7AB
:10AAA0002BFE0022002306460F46F6F7C1FB0028C6
:10AAB00040F0C080404B079307E70023079C0E93AC
:10AAC000DDE9142303F1004323932D2322921D93E8
:10AAD000DAE7DDE90C012CAA00F05EFF00287EF425
:10AAE000C1AD269C2E9D0DF1BC0BFFF71EBA4E4644
:10AAF000CDF82490CDE910009DF893200F97814662
:10AB00001390FEF782BDDDE90C012CAA00F044FF92
:10AB100000287EF4A7AD269C129B2E9D1C1B0DF1D8
:10AB2000BC0BFFF71ABA582391E7E6077FF536AF5B
:10AB3000C6194FF0470803E6129B169A9E18109B01
:10AB4000002B40F3C8806725620500F18880099BCF
:10AB5000079326EAE673099357E7109A04F0010376
:10AB6000002A43EA090340F3D580002B40F0BD8062
:10AB7000109E6625E8E7129B079A2A93D17B18F866
:10AB8000013C8B42424609D1302002F8010C2A9A3E
:10AB9000531E2A9312F8013C9942F6D0392B0BBF71
:10ABA000079B01339B7ADBB202F8013C4346EFE698
:10ABB000000030400000E03FCC0301080C9809F190
:10ABC0000101FEF753F80890002800F0C980089BA7
:10ABD0000E934CE701333144072BCDE92D31CBF8EF
:10ABE0000070CBF804607FF747A8DDE90C012CAAC0
:10ABF00000F0D2FE00287EF435ADDDE92D310DF1F7
:10AC0000BC0BFFF73BB8002840F0818030228DF864
:10AC1000A2200DF1A302303302F8013B28ABD31A76
:10AC20001A93E4E50C9A0C2313604FF0FF330B9357
:10AC3000FEF723BD4E4B4F4A612D18BF1A46012324
:10AC40000792269341E6E2077FF5DAADD6E5E10704
:10AC50007FF5A4AE089BA846DE1971E56725199912
:10AC60000B78FF2B78D00024109A204603E00130A7
:10AC70000131FF2B08D0934206DAD21A4B78002B11
:10AC8000F5D10B780134F4E71991119013941092D7
:10AC9000099B119A0793139B13441C9A02FB0366AA
:10ACA00026EAE6730993B7E51646A3E6159B324CF0
:10ACB000002B079BA8BF9DF8932023F08003B8BF0B
:10ACC0002D220793B8BF8DF893202C4BFEF7A1BD22
:10ACD0002B4DFFF797BBC3F101031E44099A07925E
:10ACE00026EAE673099367258FE6169BD6184E442D
:10ACF000662529E7DDE9220100220023F6F798FA0C
:10AD000000287FF41BADC7F10107269717E50DF169
:10AD1000A20280E743B9099B0793012309936625A3
:10AD20001E4672E670212BE5099B0793169B5E1C5D
:10AD30004E4426EAE6730993662566E602231A93D3
:10AD400055E50F9B9AF80150924653F8042B0F9348
:10AD500042EAE279FEF75ABB00231393119397E777
:10AD60000D998B8943F0400213468A81FEF782BC1D
:10AD7000E0030108CC030108C4030108C80301086B
:10AD8000000401082DE9F04F03690C69A34283B068
:10AD9000C0F28A80013C01F1140500F1140855F855
:10ADA000243058F8242001339A428E4681464FEAD7
:10ADB000840105EB840708EB840AB2FBF3F63AD36F
:10ADC000CDE900150022AC46404613465CF8041B52
:10ADD00005681FFA81FB06FB0B22090C4FEA124B98
:10ADE00006FB01BB92B2A9B2891A19441FFA8BF370
:10ADF000C3EB214303EB154389B241EA03416745A5
:10AE000040F8041B4FEA1B424FEA2343DED2DDE940
:10AE1000001558F8013073B9AAF1040AD04504D3DB
:10AE200007E0D04504F1FF3403D25AF80439002B6F
:10AE3000F7D0C9F810407146484600F011FC0028D0
:10AE40002EDB4146002255F8040BD1F800C01FFA52
:10AE500080FE1FFA8CF3A3EB0E031344020CC2EB2B
:10AE6000234202EB1C429BB243EA0243AF4241F849
:10AE7000043B4FEA2242E6D258F8242008EB840330
:10AE80006AB9043B984504D307E0984504F1FF34C0
:10AE900003D253F80429002AF7D0C9F8104001362C
:10AEA000304603B0BDE8F08F002003B0BDE8F08F5E
:10AEB000F8B5234F0C460646FEF7E6F9BB685D6819
:10AEC00025F0030505F6EF73191B21F47F6121F0CE
:10AED0000F01A1F58054B4F5805F07DB00213046F7
:10AEE000FEF7DEF9BB682B44984204D03046FEF7EB
:10AEF000D1F90020F8BD61423046FEF7D1F90130AA
:10AF00000DD0104ABB682D1B45F001055D6013682C
:10AF100030461B1B1360FEF7BDF90120F8BD002170
:10AF20003046FEF7BDF9BA68831A0F2BDEDD43F019
:10AF300001035360044B03491B68C01A0860D5E73E
:10AF400050010020B81500205408002000297CD0B2
:10AF5000F8B50C460646FEF797F954F8043C774FCF
:10AF6000A4F1080523F001016818D7F808C0426869
:10AF7000844522F0030200F08380DB07426000EB8F
:10AF8000020C33D454F8084CDCF804302D1B214457
:10AF9000AC6807F1080C644503F0010364D0D5F8F0
:10AFA0000CE0C4F80CE0CEF80840002B00F08180E3
:10AFB00041F001036B600160B1F5007F22D2786837
:10AFC000CB080122490901338A40024357F8331064
:10AFD0007A6007EBC302083AC5E9021247F833501A
:10AFE000CD603046BDE8F840FEF754B9DCF80430D7
:10AFF000DB072BD541F00103B1F5007F44F8043C99
:10B000000160DCD3B1F5206F4FEA512353D28B0995
:10B0100003F1390003F13802C300F818FB5808386F
:10B02000984203D163E09B68984204D05A6822F0AA
:10B0300003028A42F7D8D868C5E902308560DD602E
:10B040003046BDE8F840FEF725B97047114407F1D6
:10B05000080C836863453FD0C268DA60936041F0B2
:10B0600001036B606950A7E7002B61D10A44D0E966
:10B070000213CB60996042F001036B60AA50B0E705
:10B080000A44D90707D454F8083CED1A1A44D5E904
:10B090000213CB60996042F001036B60284BBD60E6
:10B0A0001B6893429DD8274B30461968FFF700FF75
:10B0B00097E71144CDE7142B08D9542B1FD80B0B5D
:10B0C00003F16F0003F16E02C300A6E703F15C0019
:10B0D00003F15B02C300A0E741F001033D617D6124
:10B0E000C5F808C0C5F80CC06B60695079E779688D
:10B0F0009210012404FA02F20A437A609CE7B3F545
:10B10000AA7F06D8CB0B03F1780003F17702C300C6
:10B1100083E740F25452934206D88B0C03F17D0032
:10B1200003F17C02C30078E74FF47E737E2274E75C
:10B1300041F001036B60016053E700BF5001002044
:10B1400058080020E81500200048704750090020EA
:10B15000C36C70B505460C464BB153F8240080B162
:10B16000026843F824200023C360036170BD2122DC
:10B17000042100F0B5FC0346E8640028EDD100206E
:10B1800070BD012101FA04F6721D9200284600F0FC
:10B19000A7FC0028F3D0C0E90146E4E731B1C36C55
:10B1A0004A6853F82200086043F82210704700BF35
:10B1B0002DE9F0410D6907460E461C4601F1140EBB
:10B1C0000020DEF800108BB202FB03434FEA134C61
:10B1D000090C02FB01CC01309BB203EB0C4385420E
:10B1E0004EF8043B4FEA1C44EBDC3CB1B368AB4285
:10B1F00007DD06EB850301355C6135613046BDE84E
:10B20000F081716838460131FFF7A2FF8046A8B18E
:10B210003269023206F10C0192000C30F6F73AF86E
:10B22000FB6C726853F82210316043F82260464686
:10B2300006EB850301355C613561DFE7024B0348AE
:10B240004246B52100F02CFC300401089C040108A2
:10B25000B0F5803F034636BF030400201020B3F151
:10B26000807F3CBF1B020830B3F1805F3CBF1B01F5
:10B270000430B3F1804F03D3002B06DB013070475D
:10B280009B0003D45B0003D420207047023070473A
:10B2900003307047036813F00702014607D0DA074E
:10B2A0001FD4980721D55B080B600120704798B226
:10B2B000A0B11046DAB20AB908301B0A1A0704BF57
:10B2C0001B0904309A0704BF9B080230DA0703D435
:10B2D0005B0800F1010006D00B6070471B0C1020CA
:10B2E000E8E700207047202070479B080B60022091
:10B2F000704700BF38B5C36C04460D464BB1586863
:10B30000B0B102685A60002201234561C260036146
:10B3100038BD2122042100F0E3FB0346E06400284D
:10B32000EDD1094B094800224FF4A07100F0B8FBA1
:10B330001C220121204600F0D3FB0028F1D001227D
:10B34000022342608360DEE7300401089C040108A8
:10B350002DE9F04FD1F810801569A84585B00E464B
:10B36000924605DB2A46534645468A4690461E4687
:10B37000DAF80830DAF8041005EB0804A342B8BF85
:10B380000131FFF7E5FE8446002800F08B8000F1D4
:10B39000140707EB840E774505D23B46002243F89D
:10B3A000042B9E45FBD8143606EB88080AF11409D5
:10B3B000464509EB850566D2A5EB0A03153B23F04C
:10B3C00003030AF1150A043355452CBF9B464FF081
:10B3D000040BCDF808E00394AE46E24605E0090C04
:10B3E0002AD1B04507F104074AD956F8041B8DB29B
:10B3F000002DF4D0CC463C46002301965CF8040BAB
:10B40000216886B28AB2000C05FB0622090C1A4498
:10B4100005FB001101EB124192B242EA0142E645FE
:10B4200044F8042B4FEA1143E8D8019E47F80B304B
:10B4300056F8041C090CD4D03B68002248461D462F
:10B440003C469446028801FB02C202EB15429BB2C5
:10B4500043EA024344F8043B50F8043B25684FEAB2
:10B46000134CABB201FB0C3303EB124386454FEA9E
:10B47000134CE7D8B04547F80B3007F10407B4D8B0
:10B48000DDE902E4D446002C02DC05E0013C03D0F7
:10B490005EF8043D002BF9D06046CCF8104005B0B2
:10B4A000BDE8F08F034B0448624640F25D1100F0A6
:10B4B000F7FA00BF300401089C04010812F00303EE
:10B4C0002DE9F041144607462CD10D46A4101CD09E
:10B4D000BE6C86B3E3074FF0000806D4641014D0A6
:10B4E0003068A8B10646E307F8D532462946384603
:10B4F000FFF72EFF35B1FB6C696853F821202A60F5
:10B5000043F8215064100546EAD12846BDE8F08191
:10B51000324631463846FFF71BFF3060C0F80080E6
:10B520000646E0E7013B0F4A52F823200023FFF7CD
:10B530003FFE0546CAE701213846FFF709FE0646E9
:10B5400040B1012340F27122C0E904320023B86403
:10B550000360BFE7044B054832464FF4A07100F08A
:10B560009FFA00BFF4040108300401089C0401089C
:10B570002DE9F0470C4690462769A368496807EB18
:10B5800062177D1C9D4206464FEA621904DD5B008E
:10B590009D4201F10101FADC3046FFF7D9FD8446F6
:10B5A000002851D0B9F1000F00F114000EDD09F1AF
:10B5B00005024FEA820E03460CEB8202002143F89B
:10B5C000041B9342FBD1AEF114031844216904F12A
:10B5D000140318F01F0803EB81012DD0C8F12009D6
:10B5E00086464FF0000A1A6802FA08F242EA0A0296
:10B5F0004EF8042B53F8042B994222FA09FAF2D898
:10B600000B1B153B23F00303043304F11502914295
:10B6100038BF042340F803A0BAF1000F00D13D4623
:10B62000F36C6268CCF8105053F822102160604629
:10B6300043F82240BDE8F087043853F8042B40F863
:10B64000042F9942F9D8EAE7034B0448624640F2D6
:10B65000D91100F025FA00BF300401089C0401084C
:10B660000B6984460069C01A15D10CF1140C143111
:10B670000CEB830210B401EB830301E0944508D284
:10B6800052F8044D53F8041D8C42F7D004D24FF009
:10B69000FF3010BC70477047012010BC704700BFDE
:10B6A0002DE9F04F13690F69FF1A002F83B00D4683
:10B6B000904615D101F11406143202EB830206EB19
:10B6C000830301E09E4276D253F8044D52F8041DE4
:10B6D0008C42F7D006D22B4601274546984601E01A
:10B6E000F9DB00276968FFF733FD8146002876D033
:10B6F0002E69C760D8F8100005F1140B08F1140E7C
:10B7000009F1140A05F110010EEB80000BEB860223
:10B7100057464FF0000CCDF804B05EF8044B51F8DA
:10B72000045F1FFA84FBABB2A3EB0B03240C63444E
:10B73000C4EB154404EB23449BB243EA0443704535
:10B7400047F8043B4FEA244CE7D8A0EB0801153931
:10B7500089084C1CDDF804B008F11508A400404528
:10B7600038BF04240BEB0405AA42544430D92746C1
:10B77000284650F8043B1CFA83FE190C634401EB85
:10B780002E419BB243EA0143824247F8043B4FEA11
:10B79000214CEED8013A521B22F00302144423B983
:10B7A00054F8043D013E002BFAD04846C9F8106019
:10B7B00003B0BDE8F08F0021FFF7CAFC8146A8B1B5
:10B7C00001220023C0E90423484603B0BDE8F08FFE
:10B7D0008900404538BF00210AEB0104DFE7074B31
:10B7E00007484A464FF4107100F05AF9034B0448D9
:10B7F0004A4640F2322100F053F900BF30040108FC
:10B800009C040108F0B5012183B016461F46FFF7DE
:10B810009FFC0546002847D0C7F30A54C7F313031B
:10B820000CB143F48013002E019314D101A8FFF74B
:10B8300031FD019B6B61012220302A6114B3089B0A
:10B84000A4F2334404441C60099BC0F13500186025
:10B85000284603B0F0BD68460096FFF71BFD019B2C
:10B8600000B30099C0F1200203FA02F2C340019331
:10B870000A43002BC5E905230CBF012202222A61DD
:10B88000002CDCD105EB8201A0F232430869089953
:10B890000B60FFF7DDFC099BC0EB421018602846E7
:10B8A00003B0F0BD009AE4E7034B04482A4640F297
:10B8B0000A3100F0F5F800BF300401089C040108CB
:10B8C000DFF860C0F8B521F0004300276345044667
:10B8D0000D461646176022D8844653EA0C0C1ED03B
:10B8E000DFF844C001EA0C0C0A46BCF1000F09D194
:10B8F0000E4B0022F4F700FF6FF0350704460A46AE
:10B9000021F0004322F0FF421B1522F4E002A3F2D3
:10B91000FE3342F07F553B4445F40015336020462A
:10B920002946F8BDFFFFEF7F0000F07F0000504385
:10B9300040EA01039B0710B501D1032A17D88446BA
:10B9400001F1FF3E07E01EF8011F03F8011B541E22
:10B9500029B19C4622466346002AF4D110BD944486
:10B96000002CFBD003F8011B6345FBD110BD8E46B4
:10B970008446DEF80040A4F1013323EA040313F007
:10B98000803F71460EF1040EDAD1043A032A4CF8D6
:10B99000044BEED87146D3E72DE9F04F9368176852
:10B9A00083B09246002B74D04FF0000B8B680A686E
:10B9B00081460C465D4645E0B4F90C3013F4906FB7
:10B9C0002CD0D4E90401161A01EB410202EBD27229
:10B9D000711C52102944914292BF904688460A46F3
:10B9E0005B0539D511464846FDF740F9019000281E
:10B9F0003DD032462169F5F74DFCA289019B22F426
:10BA0000906242F08002A2819819A8EB0606A66017
:10BA1000C4F8148023612060A8462E463246594659
:10BA200000F0B8F8DAF80810A3682268A3EB08035E
:10BA30003244491BA3602260CAF8081049B3D7E911
:10BA400000B5083798461046002DF8D09D421E4696
:10BA5000B2D2A8462E46E1E70146484600F01AF960
:10BA600003460028D0D121694846FFF76FFAA38921
:10BA70000C2243F04003C9F800204FF0FF30A381AF
:10BA800000220023CAF80820CAF8043003B0BDE839
:10BA9000F08F00200023CAF8043003B0BDE8F08F17
:10BAA00000B50B4C25681446EE681A4685B003466F
:10BAB0000D464CB107490095CDE9011430460649C1
:10BAC00000F03EF8F9F75AFF04490C46F3E700BFCF
:10BAD0005C08002000050108100501080C0501089C
:10BAE00010B502FB01F1FDF7C1F8044668B150F84A
:10BAF000042C22F00302043A242A18D8132A06D868
:10BB000002460023136053609360204610BD00235B
:10BB10001B2A036043600FD9242A8360C36011BFCE
:10BB200000F1100200F1180203614361E9E700210E
:10BB3000FDF758FB204610BD00F10802E1E700BF09
:10BB40000EB410B583B005AB064C53F8042B01932B
:10BB50000146206800F040FA03B0BDE8104003B091
:10BB6000704700BF5C08002082B049B15AB16BB188
:10BB700013780B601278101E18BF012002B07047B6
:10BB800001A9002AF3D1104602B070476FF00100FE
:10BB9000F4E700BF88420ED98B1883420BD900EB23
:10BBA000020C002A6ED0624613F801CD02F801CDD6
:10BBB0009942F9D170470F2A0FD8034602F1FF3C92
:10BBC000002A5FD00CF1010C013B8C4411F8012BD1
:10BBD00003F8012F6145F9D1704740EA01039B0743
:10BBE00051D1A2F1100370B501F1200C23F00F0523
:10BBF00001F1100E00F11004AC441B095EF8105C5A
:10BC000044F8105C5EF80C5C44F80C5C5EF8085C70
:10BC100044F8085C5EF8045C44F8045C0EF1100E15
:10BC2000E64504F11004E9D1013312F00C0F01EBE9
:10BC3000031102F00F0400EB031328D0043C24F09E
:10BC400003064FEA940C1E441C1F8E465EF8045BEC
:10BC500044F8045FB442F9D10CF1010402F003028C
:10BC600003EB840301EB840102F1FF3C4AB10CF1C8
:10BC7000010C013B8C4411F8012B03F8012F6145A5
:10BC8000F9D170BD704702F1FF3C03469AE72246A6
:10BC9000EAE700BF2DE9F84F1646002900F096802C
:10BCA0000C46804606F10B05FDF7EEFA54F8041C2D
:10BCB000162DA4F1080921F0030758D81025AE422B
:10BCC00058D8AF4260DABE4B9A6809EB070C624560
:10BCD000DCF8040000F0908020F0010363445B680E
:10BCE000DA0768D420F003003B189D4247DDCB07FC
:10BCF00012D454F8083CA9EB030BDBF8043023F012
:10BD00000302104400EB070A554540F3F68007EBA9
:10BD1000020A554540F3CC8031464046FCF7A6FF69
:10BD20000646002800F0208154F8043C23F001036B
:10BD30004B44A0F10802934200F0B4803A1F242A39
:10BD400000F2D780132A00F2A2800346224611682F
:10BD500019605168596092689A6021464046FFF721
:10BD6000F5F84046FDF796FA3046BDE8F88F35F015
:10BD70000705A4D50C23C8F80030002618E01F469C
:10BD8000DCE90223D3609A60D9F804307A1B0F2AC9
:10BD900003F0010309EB07001DD83B43C9F8043049
:10BDA000436843F0010343604046FDF773FA2646BB
:10BDB0003046BDE8F88FC907AED454F8083CA9EB6B
:10BDC000030BDBF8043023F00302A0E7BDE8F84FD3
:10BDD0001146FCF74BBF09EB05012B4342F0010272
:10BDE000C9F804304A60436843F0010343600831F6
:10BDF0004046FFF7ABF8D7E720F00300C21905F182
:10BE0000100C624580F29180CA0785D454F8082C42
:10BE1000A9EB020BDBF8042022F00302104400EB34
:10BE2000070AD4453FF773AF5E46DBF80C1056F8AF
:10BE3000080F3A1F242AC160886000F2AE80132ADE
:10BE400040F2A9802168CBF808106168CBF80C108B
:10BE50001B2A00F2A88008340BF11002216811603F
:10BE600061685160A16891600BEB0501AAEB0502C6
:10BE700042F0010299604A60DBF8043003F00103EC
:10BE80002B434046CBF80430FDF704FA90E72368D3
:10BE90000360636843601B2A3CD804F1080200F188
:10BEA000080354E750F8043C23F003031F446BE7F6
:10BEB0003A1F5E46DBF80C3056F8081F242ACB6088
:10BEC000996022D8132A1ED92368CBF808306368FA
:10BED000CBF80C301B2A3BD808340BF11003226836
:10BEE0001A6062685A60A2689A6034465746D9461A
:10BEF0004AE72146FFF74EFE2FE7DCE902133A1F1F
:10BF0000CB609960D5E73346E9E721463046FFF735
:10BF100041FEEAE7A3688360E368C360242A27D070
:10BF200004F1100200F1100311E709EB050199601B
:10BF3000531B43F001034B6054F8043C03F001032E
:10BF40002B43404644F8043CFDF7A4F926462FE76E
:10BF5000A368CBF81030E368CBF81430242A10D053
:10BF600010340BF11803BAE74046FDF793F904E7E4
:10BF7000236903616169416104F1180200F118034A
:10BF8000E5E62369CBF818306369CBF81C30183428
:10BF90000BF12003A3E7324660E721463046FFF766
:10BFA000F9FD074B60E7A168CBF81010E168CBF80A
:10BFB0001410242A06D010340BF118024EE700BFEB
:10BFC000500100202269CBF818206269CBF81C20B0
:10BFD00018340BF1200241E72DE9F04FBDB0CDE957
:10BFE00006031C460491914618B1836B002B00F0A8
:10BFF0003582049A536EB2F90C20D80702D4910509
:10C0000040F1B085130740F1EE80049B1B69002BC3
:10C0100000F0E98002F01A030A2B00F0F38013AB62
:10C0200010930023CDE91133CDE90B3309930DF1C2
:10C030004C0A0A93039399F80030002B00F0C38157
:10C040004C4604E014F8013F002B00F0F980252B4A
:10C05000F8D1B4EB090540F0F7802378002B00F00D
:10C06000B2814FF000034FF0000B62788DF83B3047
:10C07000CDF808B004F101094FF0FF3809F10109CA
:10C08000A2F120035A2B00F20C81DFE813F0EF023B
:10C090000A010A01EA020A010A010A016A000A0108
:10C0A0000A01DF02D9020A01D400C0020A01BB0260
:10C0B0005B005B005B005B005B005B005B005B00A8
:10C0C0005B000A010A010A010A010A010A010A01C8
:10C0D0000A010A01D90185000A010A010A010A01BF
:10C0E0000A010A010A010A010A010A0147020A01BA
:10C0F0000A010A01BC010A0111020A010A017305C1
:10C100000A010A010A010A010A010A010A010A01D7
:10C110000A010A01D90187000A010A010A01AE02D7
:10C12000870080000A01A1020A0193026905FA0250
:10C1300080000A01BC017D0067050A010A01910522
:10C140000A017D00A2F13003002119F8012B01EB57
:10C15000810103EB4101A2F13003092BF5D90291D2
:10C160008EE7069D2846FEF7EFFF43680B931846BF
:10C17000F4F746F80C9004462846FEF7E5FF83687E
:10C180000A93002C40F0CB8499F8002076E799F8C8
:10C1900000204BF0200B71E74BF0100B1BF0200F31
:10C1A00000F02281079B073323F0070319465A68E2
:10C1B00051F8083B07911146002AC0F25B81B8F1A3
:10C1C000FF3F00F0628153EA01022BF0800B40F048
:10C1D0005C81B8F1000F40F07C85CDF80480CDF88B
:10C1E00014803CAC91E1049D0698294600F00EFEB7
:10C1F000002840F09385B5F90C2002F01A030A2BB1
:10C200007FF40DAF0499B1F90E30002BFFF607AFA4
:10C210004B6EDD0702D4900540F15E8504990698C7
:10C2200023464A463DB0BDE8F04F00F0A1BD029A5A
:10C2300007935242029299F800204BF0040B1DE73D
:10C24000B4EB090500F0BF80119B129A01332A4418
:10C25000072BCAE900951292119305DC0AF1080A2E
:10C26000039B2B440393F8E61AB911920DF14C0A83
:10C27000F6E70499069810AA00F06CFF0023CDE9B8
:10C2800011330028F2D0049B5A6EB3F90C30D10759
:10C2900040F1A0805B0600F14D8503983DB0BDE8FC
:10C2A000F08F002A00F08F8000238DF83B300123AF
:10C2B0008DF88C200193059323AC4FF000081BF000
:10C2C000020602D0019B02330193DDE911201BF02D
:10C2D000840302F1010C6146089305D1DDE90153A5
:10C2E0005D1B002D00F336839DF83B50002D00F0C0
:10C2F000FB810DF13B020130CAF8002007294FF005
:10C300000102CDE91110CAF8042040F3E98148B1D7
:10C3100010AA0499069800F01DFF0022CDE9112211
:10C320000028B0D1002E00F0F28102200FAB149053
:10C33000139301210DF14C0A0A460AF1080A013152
:10C34000089B802B00F0ED81059BA8EB0307002FD5
:10C3500000F33082059BCAF8004018440729CDE954
:10C360001110CAF8043040F37482002840F0CF82E4
:10C3700011901BF0040F00F0AC82DDE901239C1A40
:10C38000002C12980DF14C0A00F36F82DDE90223B4
:10C3900001998A42ACBF9B185B18039350B1049972
:10C3A000069810AA00F0D6FE0023CDE9113300282C
:10C3B0007FF469AF0023119399F800300DF14C0A16
:10C3C000002B7FF43DAE129B002B40F094840023A1
:10C3D000119358E79A053FF55DAF049CA06D02F0FC
:10C3E00037F8B4F90C3055E7079A1BF0100F52F8E4
:10C3F000043B079239D11BF0400F32D043F3C031D8
:10C400000A461BB2D8E6079D55F8044B00268DF866
:10C410003B60002C00F03584B8F1FF3F00F0FD8355
:10C42000424631462046F3F75BFF002800F059846E
:10C43000031B059323EAE3730795B046019364E079
:10C44000079B00228DF83B2053F8042B0793012310
:10C450008DF88C200193059323AC2EE700F0F4FDBA
:10C46000C7E51BF4007F40F02984D9170A46002A4B
:10C47000BFF6A5AE5B4261EB41012D22B8F1FF3F53
:10C480008DF83B2001D02BF0800B0A2B71F10002BC
:10C4900080F0E3823033DBB28DF8EF304346012B7E
:10C4A000B8BF01230193012305930DF1EF042CE0A4
:10C4B0004BF0100212F0200100F0C082079B0733FE
:10C4C00023F007031846596850F8083B07900020EE
:10C4D000B8F1FF3F8DF83B0000F0CC8353EA010038
:10C4E00022F0800BD1D10120B8F1000F38D1002803
:10C4F0007FF473AE12F00102059200F0FD8230234A
:10C500008DF8EF3001920DF1EF049DF83B30002BD8
:10C510003FF4D5AE019B01330193D0E64BF01002FE
:10C5200012F0200100F07B82079B073323F0070302
:10C530001846596850F8083B07900020B8F1FF3FB3
:10C540008DF83B0022F4806B12D022F4906453EA01
:10C55000010240F08D835A46A346B8F1000FC6D0C1
:10C56000012800F0B68300230228194600F0DC8180
:10C570003CAC03F00702DB0843EA4173C9083032E0
:10C5800053EA0105204604F8012DF2D11BF0010FFA
:10C5900000F0D881302A00F0D5813023023804F829
:10C5A000013C3CAB1B1A43450593B8BF43460446C8
:10C5B0000193AAE71BF0200F00F0BF82079B039AAC
:10C5C0001B681A60D2175A60079B0433079332E541
:10C5D00099F800206C2A03BF99F801204BF0200B3A
:10C5E00009F101094BF0100B48E599F80020682A81
:10C5F00003BF99F801204BF4007B09F101094BF0CE
:10C60000400B3BE599F800204BF0800B36E549469E
:10C6100011F8012B2A2A00F09F83A2F13003092B85
:10C6200089464FF000083FF62BAD19F8012B08EBB7
:10C63000880803EB4808A2F13003092BF5D91FE560
:10C640002B2399F800208DF83B3017E5079B53F812
:10C65000042B0292002AFFF6EAAD99F80020079316
:10C660000CE599F800204BF0010B07E59DF83B30F5
:10C6700099F80020002B7FF401AD20238DF83B308A
:10C68000FCE4079A52F8043B079247F63002ADF8F3
:10C690003C20B74A09924BF0020B00214FF00002F8
:10C6A000B8F1FF3F8DF83B2000F03E8153EA0102D4
:10C6B0002BF0800040F037815A468346022013E772
:10C6C000002840F08B829DF83B200121002A00F0D9
:10C6D00081820DF13B02149113920DF14C0A084630
:10C6E0000A460AF1080A0131002E3FF429AE0FABC9
:10C6F0000230CAF8003007294FF00203CDE91110CB
:10C70000CAF804307FF718AE002840F07C81089BFF
:10C710000022802B4FF0010110460DF14C0A7FF4EE
:10C7200013AEDDE901535F1B002F7FF70DAE102F15
:10C7300040F3F182D6468F4DCA460026C146A04638
:10C74000069C07E0103F102F02F1020C0EF1080EBC
:10C750000A4617DD511C103010230729CDE91110AE
:10C76000CEF80050CEF80430ECDD10AA002840F0DE
:10C77000B980103F0022102F4FF0010C10460DF130
:10C780004C0EE7DC4446C846D146F2463844BCF17C
:10C79000070FCAE90057CDE911C000F3B181059B2D
:10C7A000A8EB0307002F0AF1080A0CF10101624609
:10C7B0007FF7D0AD6F4D102F2ADD2B46D44625468E
:10C7C000069EDDF810A04FF010081C4607E0103F51
:10C7D000102F02F102010CF1080C1A4614DD531C53
:10C7E0001030072BCCE90048CDE91130EFDD10AA5D
:10C7F000002840F08180103F0022102F4FF00101EF
:10C8000010460DF14C0CEADC2346E2462C461D4650
:10C8100038440729CDE91110CAF80050CAF804704D
:10C8200003DC0AF1080A013194E550B10499069835
:10C8300010AA00F08FFC0023CDE9113300287FF40B
:10C8400022AD0598139401231490129011930DF1C9
:10C850004C0A1BF0040F3FF499ADDDE901239C1A4B
:10C86000002C0AF1080A7FF791AD102C119A40F3C1
:10C870004F82414F069EDDF810B010254FF00008A2
:10C8800007E0103C102C02F102010AF1080A1A46D6
:10C8900014DD531C1030072BCAE90075CDE91130A7
:10C8A000EFDD10AA002840F0A480103C0022102CDC
:10C8B0004FF0010110460DF14C0AEADC2044072933
:10C8C000CAE90074CDE911107FF760AD002840F08F
:10C8D0009781DDE9022301998A42ACBF9B185B185E
:10C8E000039367E50499204600F034FCCDE9116616
:10C8F00000283FF43EAFC6E45146304600F02AFC23
:10C900000023CDE9113300283FF475AFBBE404994F
:10C91000069810AA00F01EFC0023CDE91133002870
:10C920003FF427ADAFE4834609983CAC03F00F0217
:10C930001B09825C04F8012D43EA0173090953EADB
:10C940000102F3D13CAB1B1B43450593B8BF4346E3
:10C950000193DAE5102D40F3CB810D96D446064FB6
:10C96000049ECA461023C146A046089C0FE000BFA3
:10C97000CC0301085005010860050108103D102D89
:10C9800002F1020E0CF1080C0A4613DD511C1030A6
:10C990000729CCE90073CDE91110EFDD10AA31466B
:10C9A000F0B9103D0022102D4FF0010E10460DF190
:10C9B0004C0CEBDC0D9E4446C846D146E24628446A
:10C9C000BEF1070FCDE911E0CAF80070CAF80450B3
:10C9D0003FF776AE0AF1080A0EF10101724683E4D0
:10C9E000069800F0B7FBCDE9114410230028D8D0F9
:10C9F00049E45946304600F0ADFBCDE911880028E6
:10CA00003FF453AF3FE40499069810AA00F0A2FB4C
:10CA10000023CDE9113300283FF479AE33E40798C1
:10CA200050F8043B079012F010007FF486AD12F02E
:10CA3000400400F036819BB201467EE5079850F82D
:10CA4000043B079012F010007FF441AD12F0400457
:10CA500000F02D819BB2014639E5CDF81480B84F26
:10CA6000DDF82880CDF804B00BF480664FF0000CA0
:10CA70003CAC05E00A2B71F1000136D35B46294638
:10CA80005A1842F10002A7FB020525F0030000EB53
:10CA90009500121A981A4FF0CC3561F1000E05FB83
:10CAA00000F507FB0E55A0FB07B005440BF0010E87
:10CAB0000520AEFB000E80184FEA5B0B303004F807
:10CAC000010C4BEAC57B0CF1010C013C6D08002EFA
:10CAD000D0D098F800206245CCD1BCF1FF0FC9D06E
:10CAE0000A2B71F1000180F0B480CDF82880DDF8C8
:10CAF00004B0DDF8148025E7CDF804803CAC04E5F3
:10CB0000002840F09480059BA8EB0307002F7FF7D7
:10CB100098AE0020024601210DF14C0A4BE60A9B1B
:10CB200099F80020002B3FF4A9AA1B78002B3FF4B2
:10CB3000A5AA4BF4806BFFF7A1BA1BF0100F40F0D1
:10CB40009B801BF0400F40F0BF801BF4007F00F083
:10CB50009380079B039A1B681A7035E55A46A9E42F
:10CB60005A46DDE4049DA86D01F06CFCB5F90C207B
:10CB7000FFF748BA734B09931BF020011DD0079BA8
:10CB8000073323F007031846596850F8083B07900D
:10CB90001BF0010F09D053EA010006D08DF83D20AB
:10CBA00030224BF0020B8DF83C202BF4806B75E5A6
:10CBB000654B09931BF02001E1D1079850F8043B25
:10CBC00007901BF01000E3D11BF0400463D09BB230
:10CBD0000146DDE710460DF14C0A85E510AA0499DF
:10CBE000069800F0B7FA0022CDE9112200287FF460
:10CBF0004AAB9DF83B200121002A7FF46AADE9E7AA
:10CC00000499069810AA00F0A5FA0023CDE9113383
:10CC100000283FF45EAEFFF736BB20460795F3F7DA
:10CC2000EFFA20EAE073B046059001936DE40499B1
:10CC3000069810AA00F08EFA0023CDE911330028DF
:10CC40007FF421AB059BA8EB0307002F7FF7F9AD1D
:10CC50005FE70C9B0B99E41A1A462046FEF768FE24
:10CC600098F801300BB108F101084FF0000C05E70E
:10CC7000A3467DE4934608E4079B039A1B681A6069
:10CC8000A2E44346062B28BF0623304C05930795A4
:10CC90000193FFF712BB1BF400711CBFDBB22146EE
:10CCA00076E712F400711CBFDBB2214645E412F4B2
:10CCB00000713FF40CACDBB2214608E443F3C01131
:10CCC0000A465BB2FFF778BA079B039A1B681A8083
:10CCD0007AE43023FFF7E0BB886D01F0B9FBFFF782
:10CCE0009DBACDF80480CDF81480079580460CE4F9
:10CCF000174FE64663E60499069810AA00F02AFA50
:10CD00000023CDE9113300283FF461ABFFF7BBBA34
:10CD10000F4F511CD2E50F4D8C4637E5049B5B6EDF
:10CD2000DF0707D4049B9B899E0503D4049B986D61
:10CD300001F08EFB4FF0FF330393FFF7AEBA00BF55
:10CD4000CDCCCCCCE0030108CC030108F4030108EE
:10CD50006005010850050108079B99F801208946E4
:10CD600053F8041B079341EAE178FFF787B900BF46
:10CD7000F0B51F468B89ADF26C4D23F00203ADF880
:10CD80000C304B6E1993CB89ADF80E30CB690793FD
:10CD90004B6A09931AAB009304934FF480631546D2
:10CDA00006460293059316A800230C46069301F04D
:10CDB0003DFB2A463B4669463046FFF70DF9051E06
:10CDC00007DB6946304600F00BF9002818BF4FF02A
:10CDD000FF35BDF80C305B0603D5A38943F0400353
:10CDE000A381169801F02CFB28460DF26C4DF0BD86
:10CDF00049B1FF2A02D80A70012070478A230360D4
:10CE00004FF0FF3070470846704700BF38B52F4BD2
:10CE10001B6805460C460BB19A6B02B3B4F90C3093
:10CE2000180723D522695AB313F0010107D06169AD
:10CE300000204942A060A1613AB1002038BD9807A6
:10CE400058BF6169A160002AF7D1190658BF104682
:10CE5000F4D543F04003A3814FF0FF3038BD1846AE
:10CE600000F0F2F8B4F90C301807DBD4D90628D555
:10CE70005A0712D4226943F00803A381002AD3D1B0
:10CE800003F42071B1F5007FCED02146284600F092
:10CE900001FBB4F90C302269C6E7216B51B104F1F2
:10CEA0004002914204D02846FEF750F8B4F90C3005
:10CEB0000022226322690021C4E9002123F0240317
:10CEC000D9E709222A6043F04003C4E75C08002048
:10CED000F8B5B1F90C30074618070C4639D44A6842
:10CEE000002A53DDA56A002D31D000223E683A6049
:10CEF00013F48052E16955D101233846A847411CFB
:10CF000002465ED0B4F90C30A56AE1695B0705D52D
:10CF10006368D21A236B0BB1E36BD21A0023384635
:10CF2000A847451C40D00023636023692360A38980
:10CF3000D90400D52065216B3E6041B104F1400366
:10CF4000994202D03846FEF701F8002323630020FF
:10CF5000F8BD0E69002EFAD09B070D6808BF4B691B
:10CF60000E6018BF0023AD1B8B600CE0D4F824C00A
:10CF7000E1692B4632463846E047B0F1000CA5EB9C
:10CF80000C05664406DD002DF0DCE0E7CA6B002AE4
:10CF9000A8DCDCE7B4F90C3043F04003A3814FF088
:10CFA000FF30F8BD226DB1E73A68B4F90C308AB1B0
:10CFB0001D2A01D0162AEFD123690022C4E90032CC
:10CFC000B9E73B68002B9DD01D2B01D0162BE1D17A
:10CFD0003E60BCE7626022692260DA04AAD4AAE754
:10CFE00038B50C46054608B1836BA3B1B4F90C0003
:10CFF000B8B1636EDB0701D4810515D528462146FB
:10D00000FFF766FF636EDA07054602D4A3899B0526
:10D010000ED5284638BD00F017F8B4F90C000028EA
:10D02000E7D10546284638BDA06D01F00BFAE5E7CB
:10D03000A06D01F00DFA284638BD00BF014900F08F
:10D0400005BA00BFE1CF00082DE9F0478246394814
:10D0500001F0F8F9DAF83840002C66D1DAF804501B
:10D06000354ACAF83C200323CAE95343DFF8CC9081
:10D07000DFF8CC80334F344E04230AF5AC72CAF883
:10D0800054212146EB60C5E90044C5E90444AC6085
:10D090006C660822AC6105F15C00FCF7A3F8C5E9F9
:10D0A0000759C5E90987EE6205F1580001F0BEF99C
:10D0B000DAF80850254BEB602146C5E90044C5E984
:10D0C0000444AC606C66AC61082205F15C00FCF7BE
:10D0D00089F8C5E90759C5E90987EE6205F15800E5
:10D0E00001F0A4F9DAF80C50194BEB602146C5E9C0
:10D0F0000044C5E90444AC606C66AC61082205F1EB
:10D100005C00FCF76FF805F15800C5E90759C5E95F
:10D110000A76C5F8248001F089F90123CAF838306D
:10D120000448BDE8F04701F093B9BDE8F047014875
:10D1300001F08EB9700A00203DD0000859D50008D2
:10D140007DD50008BDD50008E1D500080900010023
:10D15000120002009368002B00F0F6802DE9F04FDA
:10D16000B1F90CC01CF0080F83B0904681460C4604
:10D1700031D00B697BB31CF00207D8F8006038D0BF
:10D180000027D4F824B0E169DFF8BCA23D4655453C
:10D190002B463A4628BF53464846C5B1D8470028D3
:10D1A00040F3C880D8F808301B1A07442D1AC8F875
:10D1B0000830002B00F0B48055452B46D4F824B03D
:10D1C000E16928BF53463A464846002DE6D1D6E9E4
:10D1D00000750836DBE721464846FFF717FE0028B2
:10D1E00040F0AD80B4F90CC0D8F800601CF0020724
:10D1F000C6D11CF0010A63D12368A16857461846BE
:10D200008B46002F58D01CF4007F00F0B180B9424B
:10D210000A4600F2DD801CF4906F2FD0216962690C
:10D220005D1A02EB420202EBD2726B1C52103B44BD
:10D23000934292BF93469B461A461CF4806F00F0BF
:10D24000E68011464846FBF711FD002800F0F58006
:10D250002A4621690190F4F71DF8A289019B22F466
:10D26000906242F08002A2815819ABEB0505C4F828
:10D2700014B02361A5602060BB463A465146019236
:10D28000FEF788FCA1682368019AA1EB0B011A4400
:10D290003D46A16022600027D8F808305B1BAA44F5
:10D2A000C8F80830002B3BD02368A168B4F90CC043
:10D2B00018468B46002FA6D1D6E900A708369EE770
:10D2C0003846BB463D46002D40D0002845D03A4662
:10D2D000D4E904C32068A168AA4228BF2A46604551
:10D2E00004D901EB030A524500F38280934272DCB9
:10D2F000E169D4F824C05A464846E047B0F1000A34
:10D3000018DDB7EB0A070FD00120D8F80830A3EBDF
:10D310000A03D344A5EB0A05C8F80830002BD2D184
:10D32000002003B0BDE8F08F21464846FFF758FEC5
:10D330000028EAD0B4F90C3043F04003A3814FF049
:10D34000FF3003B0BDE8F08F0020704775683346AA
:10D350000836002DFAD0D3F800B02A460A215846E4
:10D36000F2F7BEFF002865D00130A0EB0B07AEE757
:10D3700022699A4214D36269BA4211D86FF000430D
:10D38000BB4228BF3B46656A93FBF2F3E16902FBAF
:10D3900003F348465246A847051ECBDD7F1B7BE7BB
:10D3A000B94228BF39460D4618460A465146FEF78F
:10D3B000F1FBA1682368491B2B44A160236000296D
:10D3C000ECD121464846FFF70BFE0028E6D0B1E736
:10D3D000BB463A4652E759460192FEF7DBFB019AFB
:10D3E000A3689B1AA360236813442360924688E7CE
:10D3F00059465246FEF7CEFB23685344236021462C
:10D400004846FFF7EDFD00283FF47BAF92E7484622
:10D41000FEF740FC034600287FF426AF216948460A
:10D42000FDF794FDB4F90C300C2223F08003C9F809
:10D43000002081E76A1C17464AE70C22B4F90C3039
:10D44000C9F8002078E700BF00FCFF7F2DE9F84312
:10D450000746884600F5A6764FF00009D6E9015444
:10D46000013D11D4A389012B05F1FF3508D9B4F989
:10D470000E300133214603D03846C04749EA00093F
:10D480006B1C04F16804EDD13668002EE6D14846E5
:10D49000BDE8F883F0B5B1F90C300C46990797B0A8
:10D4A00007D504F143030122C4E90432236017B015
:10D4B000F0BDB4F90E10002905462EDB6A4600F0D7
:10D4C000BBF8002827DB019E06F470464FF4806706
:10D4D000A6F50056B6FA86F6394628467609FBF7D1
:10D4E000C5FB38B3A3891B4AEA6343F08003C4E950
:10D4F0000407A3812060002ED9D0B4F90E1028466D
:10D5000000F0B0F80028D2D0A38923F0030343F041
:10D510000103A381CBE7B4F90C3013F0800F0CBFEB
:10D520004FF480674027394628460026FBF79EFBCC
:10D530000028D7D1B4F90C309A05B8D423F00303EE
:10D5400004F1430243F002030121C4E90421A38151
:10D550002260ACE73DD0000810B50C46B1F90E10C2
:10D5600000F0A8F8002803DB236D0344236510BDF9
:10D57000A38923F48053A38110BD00BF2DE9F0419E
:10D580000C46B1F90C101F46CB05054616460BD4C8
:10D5900021F48051A1813B46B4F90E103246284651
:10D5A000BDE8F04100F020B8B4F90E1002230022CB
:10D5B00000F06AF8B4F90C10EAE700BF10B50C46A9
:10D5C000B1F90E1000F060F8B4F90C30421C0EBF37
:10D5D00023F4805343F480532065A38110BD00BF22
:10D5E000B1F90E1000F016B838B50C46084D844657
:10D5F000114620461A4600232B60644600F003FFC4
:10D60000431C00D038BD2B68002BFBD0236038BDF5
:10D61000EC15002038B5074D0022044608462A6064
:10D6200000F0F5FE431C00D038BD2B68002BFBD06A
:10D63000236038BDEC15002070B50C46084D03463C
:10D640000026204611461C462E6000F0EAFE431CD0
:10D6500000D070BD2B68002BFBD0236070BD00BFD5
:10D66000EC15002038B5074D0022044608462A6014
:10D6700000F0D2FE431C00D038BD2B68002BFBD03D
:10D68000236038BDEC15002038B50C46084D8446A3
:10D69000114620461A4600232B60644600F0BAFE6D
:10D6A000431C00D038BD2B68002BFBD0236038BD55
:10D6B000EC15002038B50C46084D8446114620462E
:10D6C0001A4600232B60644600F099FE431C00D0EC
:10D6D00038BD2B68002BFBD0236038BDEC15002033
:10D6E0007047704710B51421044601F01EFF204614
:10D6F00010BD10B4027C8160034632B940680268F4
:10D70000D468DA68234610BC184710BC704710B4C0
:10D710000A46C160017C034631B940680168CC68A3
:10D720009968234610BC184710BC704701F0FEBC36
:10D73000F0B403460A461979DB8800681343DC021B
:10D740008768066906D513F4402F03D0DA0748BF6F
:10D7500083F44023346801258D4023F48012DB07D5
:10D760004CBF2C43AC4334603B68F0BC1847704757
:10D7700010B50C21044601F0D8FE204610BD10B5AE
:10D7800043680446186B01F0D1FC20B92046BDE87F
:10D790001040F5F793B90123237210BD0B680360A5
:10D7A0007047704710B50C21044601F0BEFE2046BC
:10D7B00010BD10B543680446D86A01F0B7FC20B923
:10D7C0002046BDE81040F5F73DBA0123237210BD95
:10D7D0000B680360704703460A4600681979012305
:10D7E00003FA01F103691B68194218BF82F00102B4
:10D7F00012B18368DB68184783681B69FBE7002266
:10D80000C0E90222016002710282704738B50479D2
:10D810004CF250335C436423B4FBF3F48368054655
:10D820008BB1012B4FF0000200D014462B68012170
:10D830001868F3F76DFF2B68224618680321BDE8CE
:10D840003840F3F765BF22461C46EFE738B505467A
:10D8500000680C46143049B90121FFF7BCFF286865
:10D860001C302146BDE83840FFF7B5BF0021FFF767
:10D87000B2FF286801241C30F3E710B504460068A5
:10D8800001210430FFF7A7FF20680121BDE8104007
:10D890000C30FFF7A0BF10B504460068002104302B
:10D8A000FFF799FF20680021BDE810400C30FFF71A
:10D8B00092BF38B504460025FFF7EDFF0021204652
:10D8C000FFF7C4FF20462571FFF7A0FFE560258222
:10D8D000012038BD10B50446C0E900121022002115
:10D8E0000830FBF77FFC0023A3610023E361236280
:10D8F000204610BD8369032B9FBF00EB8303996013
:10D90000836901339ABF836101200020704770470B
:10D9100010B50C21044601F008FE204610BD0A2176
:10D9200080FB0101FAF79ABE0160704770B50C46A2
:10D9300001F0F00105461646F5F76AFB2101324673
:10D94000284601F0F001BDE87040F5F761BB10B565
:10D9500004463220FFF7E3FF002230212046F5F78E
:10D9600057FB0520FFF7DBFF002230212046F5F7AB
:10D970004FFB962001F0CBFB204600223021F5F72B
:10D9800047FB204600222021F5F742FB20460022DB
:10D990002821FFF7CBFF204600220C21FFF7C6FF0E
:10D9A000002201212046FFF7C1FF0220FFF7B7FF49
:10D9B000204600220621FFF7B9FF0120207210BD8A
:10D9C000002914BFC02180211144C9B20022FFF7F1
:10D9D000ADBF70B5144600220646FFF7F1FF651E85
:10D9E0000F3415F8011F002908BF202101223046FD
:10D9F000FFF79CFFA542F4D170BD0B680360704730
:10DA000000EBC100408840087047F8B50346FFF7B7
:10DA1000F7FFB0FA80F0C0F11F0003EB800CCA00E2
:10DA2000DCF81060171D0C4606328DB256B9012184
:10DA300001FA00F0D9680143D960CCF81040DD53F9
:10DA40009D52F8BDF1000431585AD85303EBC00081
:10DA50009E52C5805D52F4E7043A2DE9F041CC1D99
:10DA6000114424F0070421F007010E1BF708B7FA50
:10DA700087F2C2F12405AD004FF000080735C2F16E
:10DA80002002ED0804604146A760C4F80C809200B3
:10DA900004F11000FBF7A6FB6B0043F00103638069
:10DAA00004EBC5027B1B5900A4F800805180A21929
:10DAB00024F83550A2F80280A35304EBC70329468B
:10DAC0005A8842F001025A802046BDE8F041FFF733
:10DAD0009CBF2DE9F04706460D46174698462BB3E6
:10DAE00098F8004093F80190DB78A40004EB43041D
:10DAF00098F802301C4444444FF0000ACA4509D348
:10DB0000D8F8042008F1080339463046AC46BDE891
:10DB1000F047604714F8013B48F823402046F2F7ED
:10DB20006FFB013004440AF1010AE7E76FF01500CA
:10DB3000BDE8F08770B5002502462846144614F863
:10DB4000013B0BB9184609E098B18D4207D1702B03
:10DB500004D0A3F140023A2A0BD8002070BDA3F1F3
:10DB600040063A2E05D853780135941C002BE9D095
:10DB70000020252B08BF80F001002246DEE70020B0
:10DB8000704730B50C688B6814B14A689A4202DC61
:10DB900001338B6030BD013A9A4214BF054600251F
:10DBA000E5548B68F4E70FB407B504A951F8040BEA
:10DBB000019100F0ADFA03B05DF804EB04B07047DA
:10DBC0000CB407B504AB53F8042B0193F5F754FFDD
:10DBD00003B05DF804EB02B07047044608B5084690
:10DBE00011461A46A047FAF757FDF7F7D7FB2DE97C
:10DBF000F0410746884615461E461446B44205D3F2
:10DC00000EB1601B08E02378002BFAD014F8010B4A
:10DC10004146B8470028F1DABDE8F08110B5036944
:10DC2000024613F0080009D11368D4689C4297BFDC
:10DC3000526AE31AD31A01200B6010BD0023184664
:10DC4000FAE713B501A90446FFF7E8FF20B1019BED
:10DC5000E268013B13440193606A019BC01A0138DA
:10DC600002B010BD10B5044650182269636AD2078D
:10DC700002D5013B184010BD984228BFC01AFAE7F0
:10DC800010B504460A46C168FFF7ECFF2369E0605F
:10DC900023F00803236110BD38B50D46026A8B00DE
:10DCA000016843F0020342F82130044601682A4625
:10DCB000FFF7D8FFE36861682060984202BF2369DC
:10DCC00043F0080323612A462046FFF7CBFF60603C
:10DCD00038BD2DE9F74FC768066A9B4616F827300E
:10DCE00003F00303022B04468846914606EB870A9D
:10DCF0004FF0000309D01360CBF800302369990777
:10DD000010D4002003B0BDE8F08F56F82710136040
:10DD10008908CBF80030F1D0FFF7B2FFE368A360C9
:10DD20000120EFE7E3695046984716F82730DA07F5
:10DD30000546E6D513F002031DD0B8F1000F03D05D
:10DD400041462046FFF7A8FF61682A462046FFF7B4
:10DD500089FFD4E902319942606004D12A46204605
:10DD6000FFF780FFA060A3682360E360236943F0AE
:10DD700008032361D4E7014620460193FFF780FFA3
:10DD8000E268A260B8F1000F04D02168226A019B0A
:10DD900042F8213005EB0802CBF80020216820462C
:10DDA000FFF760FF2369206043F00803236116F842
:10DDB00027306FF3000306F82730C9F800A0AFE75B
:10DDC00070B504461546FFF74DFF2368834205D121
:10DDD0002369216023F00803236170BD226AAB0030
:10DDE00043F0020342F82130204661682A46FFF7DB
:10DDF00039FF6060F1E738B503695B07044606D573
:10DE0000856AFFF71EFF85422CBFA562A06238BD60
:10DE100038B50D46044620220021FBF7E3F9EB68F4
:10DE2000E361AB68A3612B6823626B6863620022C5
:10DE3000A2622A6923B1591E194208BF42F00102A9
:10DE40002261012204F12C000021BDE8384001F0DC
:10DE5000BDB92DE9F04F87B000250093436A0395C3
:10DE60008B4204460E4692460595A94639D3EFF3F8
:10DE7000118B102383F31288BFF36F8F059AD84656
:10DE80002AB129462046FFF79BFF0023059304A9EA
:10DE90002046FFF7C3FE0499B14207462AD3226801
:10DEA000236A13F8221021F0030103F8221003EB78
:10DEB0008209216832462046FFF7D4FEE3682060DD
:10DEC000984212D0002788F31188BFF36F8F03990F
:10DED00029B1A2690AB12046904700230393002F7D
:10DEE000C5D1484607B0BDE8F08F236943F0080369
:10DEF0002361E7E718B12046FFF7CEFEE3E7009B7A
:10DF00005AEA030319D0019101F0AAF90199A0B9C5
:10DF10008BF31188BFF36F8F009B524604F12C00E6
:10DF2000F9F746FFEFF31188102383F31288BFF34C
:10DF30006F8FB0FA80F77F09C5E705AB03AA2046CB
:10DF40002568FFF7C6FE0746BDE770B50446C369FE
:10DF500008460D4698470246EFF31186102383F3D7
:10DF60001288BFF36F8F2B7843F001032B70616829
:10DF70002046FFF777FE60602046FFF73CFF86F300
:10DF80001188BFF36F8F70BD2DE9F0410446102753
:10DF9000EFF3118687F31288BFF36F8F236913F0B5
:10DFA000080FA36802D16268934200D9626A216AAD
:10DFB000D21A32B986F31188BFF36F8F4FF0000881
:10DFC00033E011F8232012F0030001EB8308F1D0B5
:10DFD000022803D151F82350AD0805D1D00712D43F
:10DFE000E369404698470546A1682A462046FFF760
:10DFF00039FE2946A0602046FFF742FE86F31188CD
:10E00000BFF36F8FC4E742F0020201F823204046BD
:10E01000E369A5689847294602462046FFF722FE95
:10E02000A06086F31188BFF36F8F4046BDE8F08192
:10E03000F8B50446C36908460D4698470646EFF30F
:10E040001187102383F31288BFF36F8F2B786FF340
:10E0500000032B7023699B0705D5E268236A03EB55
:10E0600082039D421AD12B786FF341032B70D4E9C0
:10E070000231994204D132462046FFF7F3FDA060F9
:10E0800031462046FFF7FCFD87F31188BFF36F8F01
:10E0900004F12C00BDE8F840F9F766BE2B6860F388
:10E0A0009F032B60F0E702698368120702D442687D
:10E0B0009A4200D2426AD31A181E18BF0120704734
:10E0C000704703785B075FBF03684288C3F34A2346
:10E0D00003EB12105DBF173020F00700800800200E
:10E0E0007047002070470346BFF35B8F53E8000F73
:10E0F000421C43E800210029F8D1BFF35B8F704731
:10E1000008B501F0E0F90A220023F3F721F808BD71
:10E110001FB50023CDE90201CDE900331A461946A7
:10E120001846F6F729FC05B05DF804FB0120F6F768
:10E13000E1B90020704770B5D2E901369B1B8B42D4
:10E140000C4615460AD313680A4601469819F3F798
:10E15000A1F8AB682344AB60204670BD6FF01B0094
:10E16000FBE770B50E4615461946044618B9BDE8DA
:10E170007040F6F7BFB933B1C2F34A231030120D25
:10E180001844F3F787F8C4E900562046BDE870400C
:10E19000F6F73ABB2DE9F3415F1C4FEA87080646C4
:10E1A00008F1170020F0070080080C461546F6F726
:10E1B0000BFA0023ADF805308DF807308DF80470A8
:10E1C00068B10346019A43F8102FA8F104012A46CA
:10E1D000294452F8045B43F8045F8A42F9D1A20152
:10E1E00002F4E07242EA482222F07F4222F47002F6
:10E1F000002322F03F02314602B0BDE8F041FFF7B4
:10E20000B0BF07B50123019201AAFFF7C3FF03B016
:10E210005DF804FB07B5CDE9002302236A46FFF74A
:10E22000B9FF03B05DF804FB1FB5CDE90123069BE0
:10E23000039301AA0323FFF7ADFF05B05DF804FBCC
:10E24000F8B506460D4614461F4604B9F8BD2146EA
:10E2500028463A46B047241A0544F6E713B5002489
:10E260000094F5F783FC02B010BD10B542688168D8
:10E270000446D2E900230068FFF7E2FF636800224A
:10E280001A6010BD38B54B681A68CB689A420546CB
:10E290000C4602D10846FFF7E8FF6368BFF35B8FC7
:10E2A00053E8002F511C43E800100028F8D1BFF3B9
:10E2B0005B8FA3689D54002038BD0A2838B50446FA
:10E2C0000D4602D10D20FFF7DDFF29462046FFF75E
:10E2D000D9FF002038BD2DE9F043054687B0084638
:10E2E0000E8891F80090D1F808800C461746F6F792
:10E2F00093FB011EC6F38216C9F3C2091EDB484612
:10E30000F6F794FA03462146608851F8102B0196DF
:10E31000C2F34A22002A01EB0204C0F30B1008BF2B
:10E3200000210022CDE90407CDE902140092414604
:10E330002846F6F79DFB07B0BDE8F0830023E2E72F
:10E3400043681B685B6800201961704743681B685D
:10E350001A6852685360704743681B685A68012105
:10E3600011751868FFF781BF43681B681868F6F7D6
:10E37000EDBC70B543681D686B6818690C46F6F70C
:10E3800095F8214603460F222868BDE870401847DB
:10E3900001460068F6F734BD0A460121FFF731BF98
:10E3A00000210120F6F72CBD61B662B680F311881A
:10E3B000BFF36F8F704772B6002383F31188BFF3EA
:10E3C0006F8FBFF34F8F30BF62B6BFF36F8F704751
:10E3D000202809D9B0F1004F08D80138B0FA80F0F0
:10E3E000C0F11F0040007047082070473E20704772
:10E3F000002070474FF0FF307047002070470846FC
:10E400001146F7F77BBA08461146F7F78BBA4FF07B
:10E41000FF307047002070470228CCBF0020012049
:10E4200070474FF400534B600020704710B504460E
:10E430001420FAF70BFC2060BDE8104000F0BFBECE
:10E44000FAF70CBC4FF0FF324FF0FF33F9F7D8BBAF
:10E45000F9F74EBC08B5062201210020F7F7C2FAF1
:10E46000002211460620F7F71FF80121084607226F
:10E47000F7F7B8FA002211460720F7F715F8082237
:10E4800001210220F7F7AEFA002211460820F7F723
:10E490000BF8092201210320F7F7A4FA0022114604
:10E4A0000920F7F701F80A2201210420F7F79AFA68
:10E4B000002211460A20F6F7F7FF05210846172229
:10E4C000F7F790FA002211461720F6F7EDFF282201
:10E4D00006210A20F7F786FA002211462820F6F7CF
:10E4E000E3FF002008BD08B5002212201146F6F710
:10E4F000DBFFBDE808401220F6F7C8BF0A4601213D
:10E50000FFF77FBED0E92432C0F898205B681A6814
:10E51000936823F0004323F03F0343F00403936028
:10E52000704710B403460838BFF35B8F50E8002FE4
:10E53000511C40E80014002CF8D1BFF35B8F12B9D6
:10E5400010BCFFF7DFBF6FF00F0210BC9A65704779
:10E5500010B5436804691B681A68520742D51A6CE3
:10E56000D4F89430991CC4F894101A8094F8A5300B
:10E5700094F8A4200133DBB29A4284F8A53031D15B
:10E58000002384F8A530636E9BB3E36FB4F8882052
:10E5900033B104F164019847012811D0022822D038
:10E5A000B4F88830B4F884209A421CD90133A4F816
:10E5B0008830A36F4BB92046BDE81040FFF7A2BFDB
:10E5C000D4F89830C4F89430F3E7BFF35B8F54E885
:10E5D000003F5A1E44E800210029F8D1BFF35B8FA9
:10E5E000012BE8DC10BDA36F1BB104F1080000F0A3
:10E5F00078FF4FF6FF73A4F8A63004F15000BDE891
:10E600001040F9F7B1BB38B58368DA07044612D475
:10E6100001230360836823F0004323F03F0343F0AA
:10E62000010383600A252368DB0704D4642000F01B
:10E630006EFD013DF7D138BD8368D90726D58368C3
:10E640005A070AD5836823F0004323F03F0343F0C1
:10E650001003836083685B07FCD4836819070AD5BD
:10E66000836823F0004323F03F0343F020038360DB
:10E6700083681A07FCD4836823F0004323F03F0328
:10E6800043F0020383608368DB07FCD470470B28E8
:10E6900009D840F66A73C34013F0010F14BF00207D
:10E6A0006FF0850070476FF0850070470B68A3F12D
:10E6B0004802182A82B012D803F1804303F50433CC
:10E6C00048681A6802431A600B6803F1804303F537
:10E6D000043300201B680193019B02B070476FF068
:10E6E0008500FAE70B68A3F14802182A9FBF03F1DF
:10E6F000804303F5043349681A689DBF8A430020AC
:10E700001A606FF08500704710B50868FFF7BFFF0B
:10E71000002820DB4A68FF2A1CD0D3B203F18043D3
:10E7200003F50433C2F342341868C2F3042204FA36
:10E7300002F220EA02021A604968CBB203F1804378
:10E7400003F50433C1F302421868C1F304218A407F
:10E7500002431A60002010BD086808B5A0F1480304
:10E76000182B0AD800F1804000F504304B6802688D
:10E77000934314BF0120022008BDFFF788FF002843
:10E7800014BF01200220F7E7704743685B681B69EC
:10E790000B600020704743685B68586942400A403C
:10E7A00042405A610020704743685B6800209961CD
:10E7B000704743685B6800209962704743685A68F5
:10E7C00053694B4053610020704710B50369986846
:10E7D000F8B1884219D1DC6808689860A14200D17C
:10E7E000D860002008602AB19A680A60DA689960E7
:10E7F00002B9D960002010E0814206D1086820608B
:10E80000D8688142EDD1DC60EBE70446006800285F
:10E81000F2D1002AE8D16FF0150010BDF0B54468C0
:10E820000120676888401E46C2F3801327EA00076C
:10E830008B403B43636090FAA0F7B7FA87F7D4F8B0
:10E8400008C04FF0030E7F000EFA07F72CEA070C02
:10E8500090FAA0F7B7FA87F7C2F3C1137F00BB4065
:10E8600043EA0C03A36090FAA0F3B3FA83F3E768DA
:10E870005B000EFA03F327EA030790FAA0F3B3FA5A
:10E8800083F302F030055B00C2F341229A403A4321
:10E89000202DE26016D107292BDC90FAA0F3226A22
:10E8A0002BB3B3FA83F39B000F2101FA03F322EA9F
:10E8B000030290FAA0F3B3FA83F39B0006FA03F382
:10E8C0001343236290FAA0F3B3FA83F3226890FA19
:10E8D000A0F05B000321B0FA80F02D0901FA03F3E8
:10E8E000400022EA030385401D432560F0BD2B460E
:10E8F000D9E7030A616A93FAA3F282B1B2FA82F20B
:10E9000092000F2793FAA3F3B3FA83F307FA02F204
:10E910009B0021EA02029E4016436662D2E72A4625
:10E92000EEE713469A0310B518D59C070FD55A0782
:10E930002DD55022DC060CD542F4007213F4002FC2
:10E94000446818D0646801238B40A3610DE0102255
:10E95000F0E79C06F2D542F48062EFE7DC0311D5C4
:10E96000DA0611D4C3F340139A0240680023FFF77C
:10E9700055FF002010BD5B03F7D5646801238B4071
:10E98000A362F2E73022F0E74FF40072EDE76FF098
:10E990008500EFE770B50B46896821B101255E68F7
:10E9A0000C68854001B970BD8A682A4002D04B6866
:10E9B000304698471CB1236821461C46F2E723469F
:10E9C000FAE7F8B51F46044640680E461546FFF7BD
:10E9D00025FF112F08D1012303FA06F663685B684F
:10E9E0002A054CBF9E619E620020F8BD4368016904
:10E9F000DB681A6822F002021A601A6822F0040228
:10EA00001A601A6822F020021A601A6822F01002B6
:10EA10001A601A6822F040021A6091F84D201AB963
:10EA20001A6822F080021A607047C3681A6842F0C0
:10EA300020021A601A6842F010021A601A6842F046
:10EA400040021A601A6842F080021A60704738B5B6
:10EA500043680569DC68FFF7C9FF6368DB0142BFF3
:10EA6000636823F08073636095F84D301BB92368A9
:10EA700023F0010323602846BDE83840F9F774B954
:10EA800010B504694368626CDB688AB19A699207C1
:10EA900042BFA26C12789A629A69510742BFA26C77
:10EAA000596A1170A26C0132A264626C013A62640C
:10EAB0009A69D20613D49A6991061BD49A695206B0
:10EAC00002D49A69110614D5226C127A92070CD4DA
:10EAD000FFF78CFF2046BDE81040F9F745B9DA6929
:10EAE00042F01002DA610122A2635A6842F48042C5
:10EAF0005A6010BDDA6942F02002DA615A6822F0E9
:10EB000080725A60BDE81040FFF7A1BF43680169F9
:10EB1000DB689A69920507D5DA6942F40072DA6116
:10EB200001234B63FFF793BF9A69D20506D5DA69D3
:10EB300042F48072DA610123CB63F3E770472DE979
:10EB4000F04F89B003AF87E80E009DF81490BDF830
:10EB50004CA029F0060305468DF81F301646049B8D
:10EB600069682C69D1F80C800399FF2B82BFFF23C1
:10EB700004939DF81430049895BF129A03F0FD0396
:10EB80004B460DF11F028DF8143013F00103C4E958
:10EB9000110133D14FF0010BC4E90E33C4F830B08A
:10EBA00027642846009339465346F7F71BFC6868EC
:10EBB000FFF73BFFD8F8003043F00203C8F80030FD
:10EBC00041F2883200232046F9F7F2F850B1284686
:10EBD000FFF73DFF4FF0FF324FF0FF332046F9F7CC
:10EBE000E7F85846D4E90D21E36B00293AD1A3BBDD
:10EBF0008ABB00283DD06FF0040044E00023C4E944
:10EC00000C33C4E90E334FF4806327642846009325
:10EC100039465346F7F7E6FB6868FFF706FFD8F872
:10EC2000003043F00403C8F8003041F2883200237A
:10EC30002046F9F7BDF850B12846FFF708FF4FF01E
:10EC4000FF324FF0FF332046F9F7B2F80120D4E944
:10EC50000D21E36BC9E76363CDE702B16163002374
:10EC6000E363C8E7002102B16163A163002BF6D121
:10EC7000C1E7049A039BB61A1344CDE90336002E6C
:10EC80007FF46DAF304609B0BDE8F08F08B50022C3
:10EC900011461F20F6F708FC1F20F6F7F7FB0022AD
:10ECA00020201146F6F700FCBDE808402020F6F7CA
:10ECB000EDBB08B5002211462120F6F7F5FB212017
:10ECC000F6F7E4FB002222201146F6F7EDFBBDE843
:10ECD00008402220F6F7DABB2DE9F74398460B7A75
:10ECE000066943F0040315460B7207460C460B46B3
:10ECF0000122AA420AD906F110094FF0FF324FF063
:10ED0000FF334846F9F754F8002626E0197A0CD26A
:10ED1000187D80EA010C1CF0010F01D0400701D5DD
:10ED2000890705D56FF015061CE041F00201197244
:10ED300001320C33D2B2DCE7012D14BF04F114030D
:10ED40000023CDE90038384694E80E00FFF7F7FEBF
:10ED5000061E04DB013D0C34EDB2002DECD148461B
:10ED6000F9F702F8304603B0BDE8F083036993F881
:10ED70004C200AB9F7F730BC1B6A0B6000207047C3
:10ED800030B5036813600579046804EBC504A34239
:10ED900002D36FF0010030BD5C798C4201D00833A2
:10EDA000F0E70020F7E74163704781637047C16374
:10EDB000704701647047836C81647047C164704719
:10EDC0004168036949681B6800200131B3FBF1F316
:10EDD000C2E9003070474368C1F34B101B6801F073
:10EDE0001F01C05801238B40034214BF012300239D
:10EDF00013700020704710B54368C1F34B101A68B8
:10EE000001F01F01845801238B40234383500020CD
:10EE100010BD10B54368C1F34B14186801F01F0111
:10EE2000235801228A4023EA02032350002010BD08
:10EE300038B504460D46FFF7DEFF29462046FFF7AA
:10EE4000E8FF002038BDB0F5805F07D0B0F1805FEB
:10EE500009D1002914BF012002207047002914BFE6
:10EE6000032004207047002914BF022003207047AC
:10EE700043681B68D869DA69D107DA69C0F3C00052
:10EE800048BF40F002009207DA6948BF40F0040032
:10EE90005107DA6948BF40F02000D20542BF4FF465
:10EEA000807240F008001A62C10744BF08221A624B
:10EEB000820744BF01221A62410744BF02221A623C
:10EEC000820644BF04221A62704710B543681B686B
:10EED0001020DA691206FCD5EFF3118280F3128854
:10EEE000BFF36F8FDC69240604D482F31188BFF36B
:10EEF0006F8FEEE7996282F31188BFF36F8F10BDB9
:10EF000043681B68DA69100744BF08221A62DA698D
:10EF1000920643BF5B6A0B7000204FF0FF307047D2
:10EF200010B50269526812680A6042681268126875
:10EF300002F4C062B2F5806F04460B4633D0A2F5EE
:10EF4000C060424242411A7162681268526802F41B
:10EF50004052B2F5805F28D0B2F5405F27D0002A3A
:10EF60000CBF012203225A7162681268106811688E
:10EF700000F0102001F4C061FFF765FF987162682E
:10EF80001268926802F44072A2F540714A424A4106
:10EF9000DA7161680968896811F4804F18BF03222B
:10EFA000DA71002010BD0222CDE70022DBE7022249
:10EFB000D9E72DE9F0410A790369D0F804805E6849
:10EFC000012A04460D4611D0901E47424741BF0218
:10EFD00069794046F7F76CFEAB79022B09D0042B18
:10EFE00031D0131E18BF01231B0306E04FF4C06786
:10EFF000EEE7B2FA82F35B091B07EA79D8F8001052
:10F00000012A14BF4FF0000C4FF4407CAE421DD1DA
:10F010000A6822F0805222F4B0523A431A430A603E
:10F020004B6823F4405303434B6063681A6893684A
:10F0300023F4407343EA0C03936031682046BDE833
:10F04000F041F7F769BE4FF48053D6E7D1F800E0FE
:10F050000EF4C06E77451FBFD1F800E02EF4C06EED
:10F060004EEA07070F6061680F68796801F4405144
:10F0700088421FBF796821F440510143796061687B
:10F080000868016801F010218B421FBF016821F060
:10F0900010210B430360636819688B6803F44073A5
:10F0A0009C451FBF8B6823F4407343EA0C038B60BD
:10F0B00063681B689968490405D5032A09D09A68D2
:10F0C00022F4804204E0032A03D19A6842F4804289
:10F0D0009A6029683368994204D02046F7F71CFEED
:10F0E0002B683360BDE8F08100234FF0FF32C0E9A8
:10F0F000022303804360036170470023C0E90033AB
:10F10000C0E90233C0E90433C0E90633704738B5BB
:10F11000044648B1F8F7E8F8AA2305465C43F8F737
:10F12000E3F8431BA342FAD338BD704740B1C3682C
:10F13000587810F001001EBF1878B0FA80F040092E
:10F140007047EFF31183102383F31288BFF36F8F9F
:10F15000FEE710B5D0E9003433B90020E2685378F7
:10F1600043F00103537010BD204698470028F4D0A7
:10F170000028B8BF4042E368FF28A8BFFF201870EE
:10F18000ECE7FAF72FB8F2F785B808B5F8F71CFDE9
:10F19000BDE80840F8F726BD08B51024EFF3118349
:10F1A00084F31288BFF36F8FFFF705F9F6E790F944
:10F1B0000E308B4201D0F9F70BB90020704703469F
:10F1C0000020C3E90200C3E9003370473AB18A4224
:10F1D00005D3C0E90212C0E90000002070476FF0BB
:10F1E00015007047026801238B4022EA0303036085
:10F1F00022FA01F000F00100704720B10022114610
:10F20000883000F025B9704738B504460D46102205
:10F210000021F9F7E7FF656038BD13B50190084696
:10F22000EFF31184102383F31288BFF36F8F01A9CA
:10F23000F8F786FE84F31188BFF36F8F02B010BD1C
:10F2400010B5FFF7EAFF041E08DDEFF3118010236D
:10F2500083F31288BFF36F8FF9F72EF9204610BDA4
:10F26000EFF30580003818BF012070476FF057009A
:10F27000704700207047F9F701B9D0E900321360F8
:10F280005A600023C0E90033704708B5FFF7F5FF67
:10F29000437B23F0020343730023836008BD38B52A
:10F2A00004460D46F8F772FF637B43F00203637375
:10F2B000E5B1A5602B689D4209D16B68C4E9005394
:10F2C0001C606C6012E06A689A42F6D01B68002BE2
:10F2D000F3D094F90E2093F90E108A42F3D09142A4
:10F2E000F1DD5A68C4E9003214605C6038BD10B5C5
:10F2F000EFF31184102383F31288BFF36F8FF8F7B5
:10F300005DFF84F31188BFF36F8F10BD10B5044605
:10F31000183000F0BFF8EFF31181102383F3128847
:10F32000BFF36F8F627B1A4004D081F31188BFF363
:10F330006F8F10BD2046BDE81040F8F773BF08B5C9
:10F34000EFF31181102282F31288BFF36F8F83686D
:10F350000BB1FFF79AFF81F31188BFF36F8F08BDE0
:10F3600038B50446EFF31185102383F31288BFF3F9
:10F370006F8F437B13F0280F0BD183680BB1FFF71E
:10F3800084FF637B51B903F0FB0363732046F8F7F6
:10F3900015FF85F31188BFF36F8F38BD03F0EB03C2
:10F3A000F3E701211838FFF7DBBF08B50346EFF399
:10F3B0001181102282F31288BFF36F8F006883429D
:10F3C00007D008B1FFF761FF81F31188BFF36F8F9A
:10F3D00008BD0020F8E738B5EFF31185102383F35B
:10F3E0001288BFF36F8F0468A0420DD034B120465D
:10F3F000FFF74BFF04F1180000F04CF885F311887B
:10F40000BFF36F8F204638BD0024F7E7EFF311817B
:10F41000102282F31288BFF36F8F027BD2070CD5C4
:10F4200081F31188BFF36F8F002383F31188BFF33B
:10F430006F8F0423184602DF7047437B1B0704D5F8
:10F4400081F31188BFF36F8F70470122F8F7EABE8E
:10F4500038B5EFF31185102383F31288BFF36F8F54
:10F460000468A04212D09CB1A16762612046FFF7F8
:10F470000CFF04F1180000F00DF82046F8F79EFE8E
:10F48000012085F31188BFF36F8F38BD0020F8E7A6
:10F490002046F6E710B5EFF31184102282F31288AC
:10F4A000BFF36F8F03683BB1F9F7B8F9002084F31D
:10F4B0001188BFF36F8F10BD6FF01500F7E708B527
:10F4C000F9F7CAFA08BDF9F7C7BA0023C0E908126C
:10F4D00000F11802C0E90622C0E900330363436368
:10F4E000704710B50446FFF7D5FFA8B9636A0BB1A2
:10F4F0002046984704F11800FFF757FF60B1FFF767
:10F50000F6FEEFF31180102383F31288BFF36F8FA1
:10F51000BDE81040F8F7D0BF10BD10B400F10C04E6
:10F52000C0E9034410BCFEF797BA00F000B8F9F741
:04F5300095BB000087
:08F53400361FFF7F01000000FB
:10F53C00ED42000800000000AD60000814F6000861
:10F54C00D942000800000000F58B00080000000004
:10F55C000000000028F600089D620008A0F60008D4
:10F56C009D620008C8F600089D620008B4F6000809
:10F57C0055E400083CF600089D6200088CF6000873
:10F58C009D62000878F600089D62000864F6000889
:10F59C009D62000850F60008216F0008DCF6000898
:10F5AC00216F0008F0F600084D6200080000000012
:10F5BC002971000800000000B94300080000000099
:10F5CC00FBE3000800000000198C0008000000009C
:10F5DC00495C000818F70008D166000840F70008DD
:10F5EC00D16600082CF70008796B000868F7000852
:10F5FC00495C000804F70008796B000854F7000810
:08F60C00796B00087CF700088F
:10F61400A81201080000000038FF0008E2090020D9
:10F6240000000000CC150108CC010108D00101083C
:10F63400FC09002000000000AA10010800000000DE
:10F6440000000000DC090020E8130020B5120108C6
:10F6540054FF0008E0FF0008E409002068140020BB
:10F66400C312010868FF0008E0FF0008E609002053
:10F6740078140020D11201087CFF0008E0FF000884
:10F68400E809002088140020DF12010890FF000818
:10F69400E0FF0008EA09002098140020ED12010898
:10F6A400A4FF0008E0FF0008EC090020A8140020D3
:10F6B400FB120108B8FF0008E0FF0008EE09002073
:10F6C400B814002009130108CCFF0008E0FF00086B
:10F6D400F0090020C814002051160108E0010108B7
:10F6E40078020108FE09002028080020611601089C
:10F6F4002C02010878020108000A002038080020C2
:10F7040084120108ACFD000864FE0008DE09002034
:10F71400000000209112010808FE000864FE0008A1
:10F72400E0090020A8000020981401080400010842
:10F7340094000108F2090020D8140020A51401083F
:10F744004C00010894000108F40900202815002049
:10F75400A0150108EC00010884010108F609002045
:10F7640004080020A01501081C01010884010108F7
:10F77400F809002010080020A01501084C01010818
:0CF7840084010108FA0900201C08002084
:10F7900000000000A1E3000800000000A1E3000851
:10F7A00000000000A1E3000800000000A1E3000841
:10F7B00000000000A1E3000800000000A1E3000831
:10F7C000A810010899590008A610010899590008C5
:10F7D000A410010899590008A210010899590008BD
:10F7E000A01001089959000800000000A1E30008DA
:10F7F00000000000A1E3000800000000A1E30008F1
:10F8000000000000A1E3000800000000A1E30008E0
:10F8100000000000A1E3000800000000A1E30008D0
:10F8200000000000BD5B000800000000A1E300082C
:10F8300000000000A1E3000800000000A1E30008B0
:10F8400000000000A1E300089E100108995900087B
:10F8500000000000A1E3000800000000A1E3000890
:10F8600000000000A1E3000800000000A1E3000880
:10F8700000000000A1E3000800000000A1E3000870
:10F8800000000000A1E3000840F7000881EA00083A
:10F8900040F700080DEB00082CF7000881EA00088B
:10F8A0002CF700080DEB000800000000A1E30008A1
:10F8B00000000000A1E3000800000000A1E3000830
:10F8C00000000000A1E3000800000000A1E3000820
:10F8D0009C1001089959000800000000A1E30008ED
:10F8E00000000000A1E3000800000000A1E3000800
:10F8F00000000000A1E3000800000000A1E30008F0
:10F9000000000000A1E3000800000000A1E30008DF
:10F9100000000000A1E3000800000000A1E30008CF
:10F9200000000000A1E3000800000000A1E30008BF
:10F9300000000000A1E3000800000000A1E30008AF
:10F9400000000000A1E3000800000000A1E300089F
:10F9500000000000A1E3000800000000A1E300088F
:10F9600000000000A1E3000800000000A1E300087F
:10F9700000000000A1E3000800000000A1E300086F
:10F9800000000000A1E3000800000000A1E300085F
:10F9900000000000A1E3000800000000A1E300084F
:10F9A00000000000A1E3000800000000A1E300083F
:10F9B00000000000A1E3000800000000A1E300082F
:10F9C00000000000A1E3000800000000A1E300081F
:10F9D00000000000A1E3000800000000A1E300080F
:10F9E00000000000A1E3000800000000A1E30008FF
:10F9F00000000000A1E3000800000000A1E30008EF
:10FA000000000000A1E3000800000000A1E30008DE
:10FA100000000000A1E3000800000000A1E30008CE
:10FA200000000000A1E3000800000000A1E30008BE
:10FA300000000000A1E3000800000000A1E30008AE
:10FA400000000000A1E3000800000000A1E300089E
:10FA500000000000A1E3000800000000A1E300088E
:10FA600000000000A1E3000800000000A1E300087E
:10FA700000000000A1E3000800000000A1E300086E
:10FA800000000000A1E3000800000000A1E300085E
:10FA900000000000A1E3000800000000A1E300084E
:10FAA00000000000A1E3000800000000A1E300083E
:10FAB00000000000A1E3000800000000A1E300082E
:0CFAC0000000000000000000000000003A
:10FACC009E12010803000000F70A01080300000061
:10FADC004008010803000000440A0108030000006C
:10FAEC001713010803000000B21401080300000002
:10FAFC00D413010803000000E20901080300000010
:10FB0C00160B0108030000001A0B0108030000008B
:10FB1C00420C010803000000220901080300000048
:10FB2C002707010803000000580601080300000025
:10FB3C0037100108030000005C17010803000000E7
:10FB4C00A415010803000000580901080300000077
:10FB5C00A212010803000000711601080300000046
:08FB6C00BD07010803000000C1
:10FB740064FD0008F0070020310C010801000000BA
:04FB8400FFFFFFFF81
:10FB88006000000001000000871701080001000064
:10FB98000804000001000804000011000000000033
:10FBA8000080E03779C34143176E05B5B5B8934671
:10FBB800F5F93FE9034F384D321D30F94877825A3D
:10FBC8003CBF737FDD4F1575000000000000F03F5B
:10FBD8000000000000002440000000000000594020
:10FBE8000000000000408F40000000000088C34073
:10FBF80000000000006AF8400000000080842E41E8
:10FC080000000000D01263410000000084D7974133
:10FC18000000000065CDCD41000000205FA0024239
:10FC2800000000E876483742000000A2941A6D42AE
:10FC3800000040E59C30A2420000901EC4BCD642A1
:10FC480000003426F56B0C430080E03779C341434C
:10FC580000A0D8855734764300C84E676DC1AB43C2
:10FC6800003D9160E458E143408CB5781DAF1544E0
:10FC780050EFE2D6E41A4B4492D54D06CFF08044BB
:10FC8800F64AE1C7022DB544B49DD9794378EA44D0
:10FC98000000000000000000E3D60008E5D60008D8
:10FCA800F3D600080FD7000800000000000000008D
:10FCB8006FD7000871D700087FD70008D92A000835
:10FCC8000000000000000000A3D70008A5D7000826
:10FCD800B3D70008612C00080000000000000000F5
:10FCE8000FD9000811D900084FD90008D9300008E9
:10FCF8002531000871310008200C002000010000A7
:10FD08002DE10008C3E0000802000000D7E2000867
:10FD180000000000000000000000000000000000DB
:10FD2800110C0108190C0108000000000000000077
:10FD380000000000210C0108250C0108290C01080D
:10FD48002D0C010854FD0008B4130020D14D000803
:10FD5800CC130020F21500200100000073E3000816
:10FD680069E3000859E300084DE3000800000000BB
:10FD780041E300080000000000000020000000002F
:10FD880000000B060200000094FD000800000008B7
:10FD98008410010824000207000000208C100108CC
:10FDA80020000B110001005000000000E8FD0008D1
:10FDB8000100000000000300F0FD00080300070038
:10FDC8000D00190030005D00F800810200010400F8
:10FDD8000C6360000C6351000C6342000C63330039
:10FDE8004C00000000200000F8FD000801000000A1
:10FDF80000FE000801000000900000000000000064
:10FE080000000050E7E4000844FE0008010000007C
:10FE1800000003004CFE0008030007000D00190055
:10FE280030005D00F8008102000104000C636000EE
:10FE38000C6351000C6342000C6333004C0000005B
:10FE48000020000054FE0008010000005CFE0008CD
:10FE5800010000001000000000000000DD5A00084A
:10FE68004D5D0008E40C00000000000000000000E8
:10FE780004000000080000000C0000001000000052
:10FE880014000000180000001C0000000000000022
:10FE9800200000004000000060000000800000001A
:10FEA800A0000000C0000000E00000000001000009
:10FEB8000000000001000000020000000300000034
:10FEC8000400000005000000060000000700000014
:10FED80008000000090000000A0000000B000000F4
:10FEE8000C0000000D0000000E0000000F000000D4
:10FEF800060000000C0000001200000018000000BE
:10FF080000010000060100000C01000012010000C1
:10FF18001801000000020000060200000C020000A8
:10FF2800120200001802000000030000060300008F
:10FF3800ADE60008E5E600080000000019600008CA
:10FF480059E700080000000009E70008FFFF00006B
:10FF580000180048060000004C00000040000000A7
:10FF6800FFFF000000140048050000004C000000DE
:10FF780020000000FFFF00000010004804000000FF
:10FF88004C00000010000000FFFF0000000C0048BB
:10FF9800030000004C00000008000000FFFF000004
:10FFA80000080048020000004C00000004000000A7
:10FFB800FFFF000000040048010000004C000000A2
:10FFC80002000000FFFF00000000004800000000E1
:10FFD8004C0000000100000023E900088BE700083E
:10FFE80097E70008A9E70008B3E70008BDE700089D
:08FFF800CD620008CBE7000810
:020000040801F1
:1000000000000000B3EC000824000108010000001B
:1000100000580040801A06002C0001084C0001081E
:1000200000000000580000000000400034000108FB
:10003000010000003C000108020000002401000053
:100040004002000004010000400200008DEC0008A6
:100050006C0001080100000000540040A08601006F
:10006000740001089400010800000000580000001E
:10007000000020007C00010801000000840001084D
:1000800002000000040300004002000024030000FE
:1000900040020000496600086DED0008D9EC000838
:1000A000000000000000000000000000C8F600088A
:1000B000B4F60008A0F600088CF6000878F60008F0
:1000C00064F6000850F60008000000000000000080
:1000D0000000000000000000000000000000000020
:1000E00000000000000000000000000000040040CC
:1000F000102700000000000058000000020000006F
:10010000040101080C0101080100000014010108AC
:10011000010000008202000000000000000000401A
:100120000000000000000000580000000100000076
:10013000340101083C0101080100000044010108EC
:1001400001000000A100000000000000002C0140A0
:100150000000000000000000600000000008000037
:10016000640101086C01010801000000740101082C
:100170000200000002040000000000004204000031
:1001800000000000FD680008C1ED0008A7ED0008B0
:10019000ABED0008AFED0008B3ED0008B7ED0008C7
:1001A000BDED000804000000400000000004000055
:1001B00000400000010000001000000000010000ED
:1001C00000100000000001000000100000100240BC
:1001D000D7ED0008F7ED000813EE000831EE000837
:1001E0000080004028F60008800700000402010893
:1001F00001000000000000000000000000000000FE
:100200000C0201085C00000001000000140201085B
:10021000010000001C020108020000004C00000068
:10022000000200006C0000000000000000380140E7
:1002300028F600080E080000500201080100000026
:10024000000000000000000000000000580201084B
:100250006000000000400000600201080100000092
:10026000680201080200000087040000000200008C
:10027000A70400000000000001EF0008CBEE00081A
:1002800071EE0008216E000821EF00081217010826
:100290002017010834170108431701084F170108F8
:1002A0003CF500083CF50008BCF50008C4F5000862
:1002B00014F6000814F6000800202020202020203A
:1002C0002020282828282820202020202020202006
:1002D0002020202020202020208810101010101016
:1002E0001010101010101010100404040404040462
:1002F00004040410101010101010414141414141FC
:1003000001010101010101010101010101010101DD
:1003100001010101101010101010424242424242ED
:1003200002020202020202020202020202020202AD
:100330000202020210101010200000000000000055
:1003400000000000000000000000000000000000AD
:10035000000000000000000000000000000000009D
:10036000000000000000000000000000000000008D
:10037000000000000000000000000000000000007D
:10038000000000000000000000000000000000006D
:10039000000000000000000000000000000000005D
:1003A000000000000000000000000000000000004D
:1003B000000000000000000000000000494E460060
:1003C000696E66004E414E006E616E003031323310
:1003D0003435363738396162636465660000000081
:1003E000303132333435363738394142434445466B
:1003F00000000000286E756C6C29000030000000C1
:1004000030303030303030303030303030303030EC
:1004100020202020202020202020202020202020DC
:10042000496E66696E697479000000004E614E0085
:1004300042616C6C6F6320737563636565646564AA
:10044000000000002F5F5F772F5F74656D702F775E
:100450006F726B73706163652F6275696C642F2EA8
:100460006275696C642F61726D2D7A65706879723E
:100470002D656162692F7372632F6E65776C696297
:100480002F6E65776C69622F6C6962632F73746479
:100490006C69622F64746F612E6300002F5F5F7759
:1004A0002F5F74656D702F776F726B73706163650A
:1004B0002F6275696C642F2E6275696C642F61728E
:1004C0006D2D7A65706879722D656162692F73721E
:1004D000632F6E65776C69622F6E65776C69622F2A
:1004E0006C6962632F7374646C69622F6D707265DE
:1004F000632E630005000000190000007D0000006D
:100500002C2066756E6374696F6E3A2000000000DF
:10051000617373657274696F6E2022257322206681
:1005200061696C65643A2066696C652022257322D6
:100530002C206C696E65202564257325730A0000E4
:1005400043000000504F5349580000002E000000A7
:10055000303030303030303030303030303030309B
:10056000202020202020202020202020202020208B
:10057000010002000400060008000A000C00100040
:1005800020004000800000016D6F746F7220636F67
:100590006E74726F6C207461736B20626F6F74691C
:1005A0006E67006770696F5F6F7665726C61792046
:1005B000696E6974206661696C6564202D206861CC
:1005C0006C74696E67005065726970686572616C01
:1005D00020696E6974206661696C6564202D2068ED
:1005E000616C74696E670073656E736F725F7361BF
:1005F0006D706C65006D6F746F725F72616D70000D
:100600006D6F746F7220636F6E74726F6C207461A3
:10061000736B2072756E6E696E67004F5645522D72
:10062000564F4C54414745004F5645522D43555265
:1006300052454E5400554E4B4E4F574E004D6F7421
:100640006F722073746F70706564206475652074B8
:100650006F206661756C74006D6F746F725F636F8D
:100660006E74726F6C5F7461736B5F6D61696E0045
:1006700054494D312050574D20646576696365209B
:100680006E6F742072656164790049523231303482
:100690002053442070696E287329206E6F74207275
:1006A0006561647900446972656374696F6E20697D
:1006B0006E64696361746F722070696E287329209B
:1006C0006E6F742072656164790055736572206283
:1006D0007574746F6E206E6F74207265616479003A
:1006E000414443206368616E6E656C207365747568
:1006F00070206661696C65640041444320646576DE
:10070000696365287329206E6F742072656164794E
:10071000004C43442049324320627573206E6F744D
:10072000207265616479006D6F746F725F636F6EC4
:1007300074726F6C5F6770696F5F6F7665726C6102
:100740007900566F6C746167652073656E736F72A4
:100750002041444320646576696365206E6F742090
:10076000726561647900566F6C74616765207365AA
:100770006E736F722041444320726561642066612C
:10078000696C65643A20256400566F6C7461676516
:100790002073656E736F72207261773D25752056E8
:1007A00070696E3D25642E253032752056205662C4
:1007B00075733D25642E25303275205600766F6C9A
:1007C000746167655F73656E736F720043757272F3
:1007D000656E742073656E736F72204144432064AC
:1007E0006576696365206E6F742072656164790057
:1007F00043757272656E742073656E736F722041FB
:1008000044432072656164206661696C65643A20C6
:10081000256400414353373132207261773D25759D
:10082000205670696E3D25642E25303275206D5638
:1008300020496F75743D25642E25303275204100A6
:1008400063757272656E745F73656E736F7200426A
:100850007574746F6E2070726573732069676E6F44
:10086000726564202D206D6F746F7220697320692A
:100870006E204641554C54207374617465004D6F71
:10088000746F722053544152543A20646972656304
:1008900074696F6E3D4657442070776D3D25752510
:1008A00025004D6F746F7220444543454C2072659E
:1008B000717565737465642061742070776D3D2572
:1008C000752525004D6F746F7220414343454C20C0
:1008D0007265717565737465642061742070776DDD
:1008E0003D257525250046574400524556004D6F5D
:1008F000746F7220646972656374696F6E207265CB
:10090000766572736564202D3E202573004D6F74EB
:100910006F7220454D455247454E43592053544F21
:1009200050006D6F746F725F636F6E74726F6C00E6
:10093000566F6C74616765203D2025642E2530322A
:100940007520560043757272656E74203D202564D3
:100950002E2530327520410073656E736F725F6DA6
:10096000616E61676572004C4344205043463835E0
:100970003734204932432077726974652066616993
:100980006C65642028616464723D3078253032786B
:100990002C206572723D25642F256429202D20634B
:1009A0006865636B20776972696E672F706F776512
:1009B0007200563A25352E316620493A25342E32BA
:1009C00066410050574D3A2533752525204449523C
:1009D0003A2573002A2A2A204641554C54202A2AB7
:1009E0002A006C63645F646973706C6179004641CE
:1009F000554C543A206F7665722D766F6C74616732
:100A0000652025642E25303275205620286C696DAE
:100A10006974202564205629004641554C543A20DB
:100A20006F7665722D63757272656E742025642E03
:100A300025303275204120286C696D697420256449
:100A4000204129006661756C745F64657465637428
:100A5000696F6E0028756E7369676E65642920631F
:100A6000686172202A207573656420666F72202584
:100A7000257020617267756D656E742E204974272C
:100A800073207265636F6D6D656E64656420746F4D
:100A9000206361737420697420746F20766F6964B9
:100AA000202A2062656361757365206974206D6119
:100AB00079206361757365206D697362656861761D
:100AC000696F7220696E206365727461696E20635C
:100AD0006F6E66696775726174696F6E732E2053ED
:100AE0007472696E673A2225732220617267756D90
:100AF000656E743A25640063627072696E74665F35
:100B00007061636B61676500286E696C29006C6FAA
:100B10006767696E67006C6F67006C6F675F6D6712
:100B20006D74004D657373616765202822257322FB
:100B3000292064726F7070656420626563617573EB
:100B40006520697420657863656564732073697ACC
:100B500065206C696D69746174696F6E20282575F4
:100B600029004D6573736167652064726F707065ED
:100B700064206265636175736520697420657863BC
:100B8000656564732073697A65206C696D69746149
:100B900074696F6E2028257529000D0A001B5B30D3
:100BA0006D00257320005B2530386C755D20005B7F
:100BB000253032753A253032753A253032752E257A
:100BC0003033752C253033755D200025732F003CA4
:100BD00025733E200025733A20002530327820000E
:100BE000202020007C00256300206D657373616701
:100BF00065732064726F70706564202D2D2D0D0A51
:100C00001B5B306D001B5B313B33316D2D2D2D2077
:100C1000001B5B313B33316D001B5B313B33336D6C
:100C2000006572720077726E00696E6600646267BA
:100C3000006C6F675F6261636B656E645F756172A4
:100C400074006C6F675F756172740072302F613170
:100C50003A2020307825303878202072312F6132C8
:100C60003A2020307825303878202072322F6133B6
:100C70003A20203078253038780072332F61343AAA
:100C80002020307825303878207231322F69703A40
:100C90002020307825303878207231342F6C723A29
:100CA00020203078253038780020787073723A2010
:100CB00020307825303878004661756C74696E672D
:100CC00020696E737472756374696F6E20616464F9
:100CD0007265737320287231352F7063293A203082
:100CE000782530387800556E68616E646C656420D4
:100CF0004952516E3A202564002A2A2A2A2A204283
:100D00005553204641554C54202A2A2A2A2A00208D
:100D100020537461636B696E67206572726F720035
:100D20002020556E737461636B696E672065727203
:100D30006F7200202050726563697365206461746E
:100D40006120627573206572726F720020204246C6
:100D5000415220416464726573733A20307825787B
:100D6000002020496D707265636973652064617449
:100D70006120627573206572726F72002020496E67
:100D8000737472756374696F6E2062757320657217
:100D9000726F72002020466C6F6174696E672D70EF
:100DA0006F696E74206C617A792073746174652048
:100DB000707265736572766174696F6E20657272A8
:100DC0006F72002A2A2A2A2A205553414745204675
:100DD00041554C54202A2A2A2A2A00202044697688
:100DE0006973696F6E206279207A65726F002020C6
:100DF000556E616C69676E6564206D656D6F7279A3
:100E0000206163636573730020204E6F20636F70F1
:100E1000726F636573736F7220696E73747275633A
:100E200074696F6E73002020496C6C6567616C207B
:100E30006C6F6164206F66204558435F524554557E
:100E4000524E20696E746F205043002020496C6C14
:100E50006567616C20757365206F66207468652016
:100E600045505352002020417474656D7074207495
:100E70006F206578656375746520756E6465666955
:100E80006E656420696E737472756374696F6E0049
:100E90002A2A2A2A2A204D5055204641554C5420B2
:100EA0002A2A2A2A2A002020537461636B696E67FC
:100EB000206572726F722028636F6E74657874207B
:100EC00061726561206D69676874206265206E6F6C
:100ED000742076616C69642900202044617461206B
:100EE0004163636573732056696F6C6174696F6EDB
:100EF0000020204D4D464152204164647265737359
:100F00003A2030782578002020496E73747275631A
:100F100074696F6E204163636573732056696F6CEB
:100F20006174696F6E005265736572766564204501
:100F30007863657074696F6E2028005370757269EC
:100F40006F757320696E74657272757074202849AC
:100F500052512000535053454C20696E20746872E2
:100F6000656164206D6F646520646F6573206E6FCA
:100F70007420696E64696361746520505350002A5F
:100F80002A2A2A2A2048415244204641554C5420BE
:100F90002A2A2A2A2A002020427573206661756C4D
:100FA00074206F6E20766563746F72207461626C5A
:100FB0006520726561640020204465627567206564
:100FC00076656E740020204661756C7420657363CD
:100FD000616C6174696F6E20287365652062656C51
:100FE0006F772900415243485F455843455054208C
:100FF0007769746820726561736F6E2025780A00C6
:101000002A2A2A2A2A204465627567206D6F6E6934
:10101000746F7220657863657074696F6E202A2A18
:101020002A2A2A002A2A2A2A2A20257320256429E6
:10103000202A2A2A2A2A006D7075004661696C658B
:101040006420746F20616C6C6F63617465206E65E1
:1010500077204D505520726567696F6E2025750A9F
:1010600000506172746974696F6E2025753A20733F
:10107000616E69747920636865636B206661696C71
:1010800065642E00464C4153485F30005352414D39
:101090005F300061626F727428290A000A06050534
:1010A00004010301020101010001696E746572729D
:1010B0007570742D636F6E74726F6C6C65724034F2
:1010C0003030313034303000446966666572656EA8
:1010D0007469616C206368616E6E656C7320617207
:1010E00065206E6F7420737570706F727465640024
:1010F000496E76616C6964206368616E6E656C2010
:101100006761696E00496E76616C6964206368612D
:101110006E6E656C207265666572656E6365005300
:10112000616D706C696E672074696D652076616CA5
:101130007565206E6F7420737570706F727465645E
:101140002E004E756D626572206F6620636F6D6D47
:101150006F6E2073616D706C696E672074696D6568
:10116000206368616E6E656C73206E6F742073759A
:1011700070706F7274656400496E76616C6964208A
:1011800073616D706C696E672074696D65004144B0
:101190004320636C6F636B207261746520676574B4
:1011A000206572726F722E0041444320436C6F635E
:1011B0006B2072617465206E756C6C00636C6F637C
:1011C0006B20636F6E74726F6C2064657669636503
:1011D000206E6F7420726561647900414443207011
:1011E000696E6374726C20736574757020666169D2
:1011F0006C65642028256429004E6F206368616E49
:101200006E656C732073656C656374656400546F00
:101210006F206D616E79206368616E6E656C7320FE
:10122000666F722073657175656E6365722E204DF1
:1012300061783A20256400496E76616C6964207299
:1012400065736F6C7574696F6E0050726F76696448
:1012500065642062756666657220697320746F6FBD
:1012600020736D616C6C202825752F257529004928
:101270006E76616C6964206F76657273616D706CF7
:10128000696E670061646340353030303031303032
:10129000006164634035303030303030300061649C
:1012A000635F73746D333200726363403430303285
:1012B00031303030006770696F4034383030313849
:1012C0003030006770696F4034383030313430303E
:1012D000006770696F40343830303130303000672B
:1012E00070696F4034383030306330300067706977
:1012F0006F403438303030383030006770696F40BC
:101300003438303030343030006770696F403438F2
:101310003030303030300069326300496E76616CB5
:1013200069642049324320626974207261746520C7
:1013300076616C7565006932633A20737065656427
:101340002061626F76652022666173742220726567
:10135000717569726573206D616E75616C20746959
:101360006D696E6720636F6E666967757261746917
:101370006F6E2C20736565202274696D696E6773CA
:10138000222070726F7065727479206F662073749A
:101390002C73746D33322D6932632D76322064657F
:1013A00076696365747265652062696E64696E67EB
:1013B000004932433A6661696C656420746F206647
:1013C000696E64207072657363616C65722076610A
:1013D0006C7565006932635F6C6C5F73746D33327A
:1013E0005F76320049324320636F6E74726F6C6CAB
:1013F0006572206E6F7420636F6E666967757265C3
:10140000640025733A20696E76616C6964206D6FA3
:101410006465202569004661696C65642063616CC0
:101420006C20636C6F636B5F636F6E74726F6C5F65
:101430006765745F726174652870636C6B656E5B61
:10144000305D29004932432070696E6374726C20EC
:101450007365747570206661696C65642028256405
:1014600029006932633A206661696C75726520658E
:101470006E61626C696E6720636C6F636B006932CA
:10148000633A206661696C75726520696E6974697A
:10149000616C697A696E670069326340343030305C
:1014A00035383030006932634034303030353430D4
:1014B00030006932635F6C6C5F73746D3332004966
:1014C0006E76616C6964206368616E6E656C20285D
:1014D000256429004368616E6E656C202564206870
:1014E0006173204E4F20636F6D706C656D656E7417
:1014F000617279206F757470757400436F756C64D8
:10150000206E6F7420696E697469616C697A6520F8
:1015100074696D6572206368616E6E656C206F75AD
:101520007470757400436F756C64206E6F742069FD
:101530006E697469616C697A6520636C6F636B2096
:101540002825642900436F756C64206E6F74206FCA
:10155000627461696E2074696D657220636C6F637B
:101560006B20282564290050574D2070696E6374E4
:10157000726C207365747570206661696C65642097
:101580002825642900436F756C64206E6F74206990
:101590006E697469616C697A652074696D65720041
:1015A00070776D0070776D5F73746D333200000279
:1015B0000406080A0C0E10140000080000000800C1
:1015C00000080000000004040404383872657365E4
:1015D000742D636F6E74726F6C6C657200556E6102
:1015E000626C6520746F2073657420257320746F9E
:1015F00020256400436F756C64206E6F7420656EE7
:1016000061626C6520284C50295541525420636C0E
:101610006F636B00726573657420636F6E74726FB5
:101620006C6C6572206E6F74207265616479002540
:101630007320646F6573206E6F7420737570706FA4
:1016400072742064726976657220656E61626C6581
:101650000073657269616C4034303030383030303E
:101660000073657269616C4034303031333830302A
:1016700000756172745F73746D3332000000000096
:1016800000000000010203040607080948616C74A9
:10169000696E672073797374656D00556E6B6E6F3C
:1016A000776E206572726F7200756E6B6E6F776EFB
:1016B000003E3E3E205A4550485952204641544132
:1016C0004C204552524F522025643A202573206FFA
:1016D0006E20435055202564004661756C7420646B
:1016E0007572696E6720696E7465727275707420A8
:1016F00068616E646C696E670A0043757272656E2C
:1017000074207468726561643A20257020282573FE
:10171000290043505520657863657074696F6E00C9
:10172000556E68616E646C656420696E7465727272
:1017300075707400537461636B206F766572666CAC
:101740006F77004B65726E656C206F6F7073004B26
:1017500065726E656C2070616E6963006F73002A3C
:101760002A2A20426F6F74696E67205A6570687903
:1017700072204F53206275696C642076332E372EA9
:1017800030202A2A2A0A00737973776F726B7100EE
:101790000000000000000000000000000000000049
:1017A000898A00080000000000000000000000001E
:1017B000200000202000002023E500080000000099
:1017C0000000000000000000000000000000000019
:1017D0004000002040000020000000000100000048
:1017E0005000002050000020000000000100000018
:1017F00000000000000000000000000000000000E9
:1018000000000000000000000000000000000000D8
:1018100000000000000000000000000000000000C8
:1018200000000000000000000000000000000000B8
:1018300000000000000000000000000000000000A8
:101840000000000000000000898A0008000000007D
:101850000000000000000000C8000020C8000020B8
:1018600023E5000800000000000000000000000068
:101870000000000000000000E8000020E800002058
:101880000000000001000000F8000020F800002027
:101890000000000001000000000000000000000047
:1018A0000000000000000000000000000000000038
:1018B0000000000000000000000000000000000028
:1018C0000000000000000000000000000000000018
:1018D0000000000000000000000000000000000008
:1018E0000000000000000000500100205001002016
:1018F00058010020580100206001002060010020F4
:1019000068010020680100207001002070010020A3
:101910007801002078010020800100208001002053
:101920008801002088010020900100209001002003
:101930009801002098010020A0010020A0010020B3
:10194000A8010020A8010020B0010020B001002063
:10195000B8010020B8010020C0010020C001002013
:10196000C8010020C8010020D0010020D0010020C3
:10197000D8010020D8010020E0010020E001002073
:10198000E8010020E8010020F0010020F001002023
:10199000F8010020F80100200002002000020020D1
:1019A000080200200802002010020020100200207F
:1019B000180200201802002020020020200200202F
:1019C00028020020280200203002002030020020DF
:1019D000380200203802002040020020400200208F
:1019E000480200204802002050020020500200203F
:1019F00058020020580200206002002060020020EF
:101A0000680200206802002070020020700200209E
:101A1000780200207802002080020020800200204E
:101A200088020020880200209002002090020020FE
:101A30009802002098020020A0020020A0020020AE
:101A4000A8020020A8020020B0020020B00200205E
:101A5000B8020020B8020020C0020020C00200200E
:101A6000C8020020C8020020D0020020D0020020BE
:101A7000D8020020D8020020E0020020E00200206E
:101A8000E8020020E8020020F0020020F00200201E
:101A9000F8020020F80200200003002000030020CC
:101AA000080300200803002010030020100300207A
:101AB000180300201803002020030020200300202A
:101AC00028030020280300203003002030030020DA
:101AD000380300203803002040030020400300208A
:101AE000480300204803002050030020500300203A
:101AF00058030020580300206003002060030020EA
:101B00006803002068030020700300207003002099
:101B10007803002078030020800300208003002049
:101B200088030020880300209003002090030020F9
:101B30009803002098030020A0030020A0030020A9
:101B4000A8030020A8030020B0030020B003002059
:101B5000B8030020B8030020C0030020C003002009
:101B6000C8030020C8030020D0030020D0030020B9
:101B7000D8030020D8030020E0030020E003002069
:101B8000E8030020E8030020F0030020F003002019
:101B9000F8030020F80300200004002000040020C7
:101BA0000804002008040020100400201004002075
:101BB0001804002018040020200400202004002025
:101BC00028040020280400203004002030040020D5
:101BD0003804002038040020400400204004002085
:101BE0004804002048040020500400205004002035
:101BF00058040020580400206004002060040020E5
:101C00006804002068040020700400207004002094
:101C10007804002078040020800400208004002044
:101C200088040020880400209004002090040020F4
:101C30009804002098040020A0040020A0040020A4
:101C4000A8040020A8040020B0040020B004002054
:101C5000B8040020B8040020C0040020C004002004
:101C6000C8040020C8040020D0040020D0040020B4
:101C7000D8040020D8040020E0040020E004002064
:101C8000E8040020E8040020F0040020F004002014
:101C9000F8040020F80400200005002000050020C2
:101CA0000805002008050020100500201005002070
:101CB0001805002018050020200500202005002020
:101CC00028050020280500203005002030050020D0
:101CD0003805002038050020400500204005002080
:101CE000480500204805002000000000B006002044
:101CF00018070020800700200000000000000000FE
:101D000000000000000000000000000000000000D3
:101D100000000000000000000000000000000000C3
:101D200000000000000000000000000000000000B3
:101D300000000000000000000000000000000000A3
:101D40000000000000000000000000000000000093
:101D50000000000000000000000000000000000083
:101D60000000000000000000000000000000000073
:101D70000000000000000000000000000000000063
:101D80000000000000000000000000000000000053
:101D900001000000000000000E33CDAB34126DE6F0
:101DA000ECDE05000B000000000000000000000059
:101DB0000000000000000000000000000000000023
:101DC0000000000000000000000000000000000013
:101DD0000000000000000000000000000000000003
:101DE00000000000000000000000000000000000F3
:101DF00000000000000000000000000000000000E3
:101E000000000000000000000000000000000000D2
:101E100000000000000000000000000000000000C2
:101E200000000000000000000000000000000000B2
:101E300000000000000000000000000000000000A2
:101E40000000000000000000000000000000000092
:101E50000000000000000000000000000000000082
:101E60000000000000000000000000000000000072
:101E70000000000000000000000000000000000062
:101E80000000000000000000000000000000000052
:101E90000000000000000000000000000000000042
:101EA0000000000000000000000000000000000032
:101EB0000000000000000000000000000000000022
:101EC0000000000000000000000000000000000012
:101ED0000000000000000000000000000000000002
:101EE00000000000000000000000000000000000F2
:101EF00000000000000000000000000000000000E2
:101F000000000000000000000000000000000000D1
:101F100000000000000000000000000000000000C1
:101F200000000000000000000000000000000000B1
:101F300000000000000000000000000000000000A1
:101F40000000000000000000000000000000000091
:101F50000000000000000000000000000000000081
:101F60000000000000000000000000000000000071
:101F700000000000000000007FDB0008E3E0000834
:101F80004CFD000800000000CD4E0008F1E3000801
:101F9000F5E300080000000028F600080107000033
:101FA0000000000028F60008000700000000000004
:101FB00028F600080B080000000000003008002090
:101FC00000C20100000103000000000040080020E2
:101FD00000C20100000103000024F4004C080020AE
:101FE0004C080020FFFFFFFF000002005805002002
:101FF000430000000000000000000000000000009E
:1020000000000000000000000000000000000000D0
:10201000430000000000000000000000000000007D
:1020200000000000000000000000000000000000B0
:10203000430000000000000000000000000000005D
:102040000000000000000000000000000000000090
:10205000430000000000000000000000000000003D
:102060000000000000000000000000000000000070
:10207000430000000000000000000000000000001D
:102080000000000000000000000000000000000050
:1020900043000000000000000000000000000000FD
:1020A0000000000000000000000000000000000030
:1020B00043000000000000000000000000000000DD
:1020C0000000000000000000000000000000000010
:1020D000F1CD000869BB000800000000B80201084B
:1020E0004C0501080C0501080C0501080C05010848
:1020F0000C0501080C0501080C0501080C05010878
:102100000C0501080C050108FFFFFFFFFFFFFFFFA3
:10211000FFFFFFFFFFFF000001004153434949005B
:1021200000000000000000000000000000000000AF
:102130000000000000000000000041534349490036
:10214000000000000000000000000000000000008F
:10215000000000000000000000000000FFFFFFFF83
:0C216000FFFFFFFFFFFFFFFFFFFFFFFF7F
:10216C000000000000000000000000000000000063
:10217C000000000000000000000000000000000053
:06218C000000000000004D
:02219200FFFF4D
:10219400000000000000000000000000000000003B
:1021A400000000000000000000000000000000002B
:1021B400000000000000000000000000000000001B
:0C21C4000000000000000000000000000F
:0421D000000000000B
:1021D40000000000003C002000040000000000009B
:0821E4000000000000000000F3
:1021EC005C0A00205C0A00200000000000000000D7
:1021FC000E000000700A0020700A00200000000091
:08220C00000000000E000000BC
:10221400840A0020840A002000000000010000005D
:0422240015E015E0CC
:04000005080053712B
:00000001FF
