:020000040800F2
:10000000001F00203D340008ED2E000829340008B0
:1000100029340008293400082934000800000000B1
:10002000000000000000000000000000393500085A
:1000300029340008000000000535000825480008A4
:10004000E9360008E9360008E9360008E936000814
:10005000E9360008E9360008E9360008E936000804
:10006000E9360008E9360008E9360008E9360008F4
:10007000E9360008E9360008E9360008E9360008E4
:10008000E9360008E9360008E9360008E9360008D4
:10009000E9360008E9360008E9360008E9360008C4
:1000A000E9360008E9360008E9360008E9360008B4
:1000B000E9360008E9360008E9360008E9360008A4
:1000C000E9360008E9360008E9360008E936000894
:1000D000E9360008E9360008E9360008E936000884
:1000E000E9360008E9360008E9360008E936000874
:1000F000E9360008E9360008E9360008E936000864
:10010000E9360008E9360008E9360008E936000853
:10011000E9360008E9360008E9360008E936000843
:10012000E9360008E9360008E9360008E936000833
:10013000E9360008E9360008E9360008E936000823
:10014000E9360008E9360008E9360008E936000813
:10015000E9360008E9360008E9360008E936000803
:10016000E9360008E9360008E9360008E9360008F3
:10017000E9360008E9360008E9360008E9360008E3
:10018000E9360008E9360008E9360008E9360008D3
:10019000E9360008E9360008E9360008E9360008C3
:1001A000E9360008E9360008E9360008E9360008B3
:1001B000E9360008E9360008E9360008E9360008A3
:1001C000E9360008E9360008E9360008E936000893
:0801D000E9360008E9360008D9
:1001D800FFFFFFFFFFFFFFFFFFFFFFFFFFFFFFFF27
:1001E800FFFFFFFFFFFFFFFFFFFFFFFFFFFFFFFF17
:0801F800FFFFFFFFFFFFFFFF07
:1002000090F800F06DE9024520F007016FF0000C56
:1002100010F0070491F820F040F049804FF00004FE
:100220006FF00700D1E9002391F840F000F10800D9
:1002300082FA4CF2A4FA8CF283FA4CF3A2FA8CF311
:100240004BBBD1E9022382FA4CF200F10800A4FA78
:100250008CF283FA4CF3A2FA8CF3E3B9D1E90423CC
:1002600082FA4CF200F10800A4FA8CF283FA4CF303
:10027000A2FA8CF37BB9D1E9062301F1200182FABD
:100280004CF200F10800A4FA8CF283FA4CF3A2FAC3
:100290008CF3002BC6D0002A04BF04301A4612BAD1
:1002A000B2FA82F2FDE8024500EBD2007047D1E9D4
:1002B000002304F00305C4F100004FEAC50514F063
:1002C000040F91F840F00CFA05F562EA05021CBF34
:1002D00063EA050362464FF00004A9E7000000004E
:1002E000A2EB0300704700BF02780B78012A28BFF9
:1002F0009A42F5D16DE9044540EA0104CDE902676F
:100300006FF0000C4FEA447212B380EA010414F05B
:10031000070F6AD100F0070420F0070004F003057E
:1003200021F007014FEAC505F0E8042314F0040F9B
:10033000F1E804670CFA05F462EA040266EA0406CE
:100340000AD063EA0403624667EA0407664603E0EC
:10035000F0E80423F1E8046782FA4CF582EA060427
:10036000A4FA8CF46CBB83FA4CF583EA0705A5FA72
:100370008CF595B950E9022351E9026782FA4CF5F0
:1003800082EA0604A4FA8CF483FA4CF583EA0705A2
:10039000A5FA8CF52543DBD09CB92DBAB5FA85F4C6
:1003A00024F0070427FA04F1DDE9026723FA04F3D5
:1003B00003F0FF0001F0FF01FDE80445A0EB0100A0
:1003C000704724BAB4FA84F424F0070426FA04F13E
:1003D000DDE9026722FA04F202F0FF0001F0FF01FA
:1003E000FDE80445A0EB0100704714F0030F3CD179
:1003F00010F0030428D150F8082B51F8083B82FA7A
:100400004CF582EA0305A5FA8CF55DB950F8042C89
:1004100051F8043C82FA4CF582EA0305A5FA8CF502
:10042000002DE8D02DBAB5FA85F424F0070423FA9C
:1004300004F122FA04F202F0FF0001F0FF01FDE8EE
:100440000445A0EB010070474FEAC40420F003000C
:1004500050F8082B21F0030151F8083B0CFA04F482
:1004600062EA040263EA0403C9E710F003041AD045
:10047000A1EB040120F00300E40750F8042B06D0A0
:100480000FD28B785FFAA2F4E41A06D12BB1CB78A5
:100490005FFAB2F4E41A00D11BB920465DF8104BA4
:1004A000704701F1040150F8042BCC0721F003013F
:1004B00051F8043B48D824D222F07F4482FA4CF50C
:1004C00094EA1325A5FA8CF50AD165B951F8043BD5
:1004D00084EA0204B4EB036F0ED150F8042BEBE76F
:1004E0004FEA132355E035F07F454DD10878FDE8FC
:1004F0000445C0F1000070474FEA126203F0FF03A9
:1005000047E002EA1C4482FA4CF594EA1345A5FA46
:100510008CF50AD165B951F8043B84EA0204B4EBC6
:10052000034F0CD150F8042BEBE74FEA134330E0B4
:1005300015EA1C4528D10B884FEA124229E04FEA00
:10054000124203EA1C4324E002F0FF0482FA4CF555
:1005500094EA1365A5FA8CF50AD165B951F8043B04
:1005600084EA0204B4EB032F09D150F8042BEBE723
:100570004FEA13630DE015F0FF0F05D10B684FEA4A
:10058000122223F07F4304E04FF00000FDE8044511
:10059000704712BA1BBA82FA4CF482EA0304A4FA36
:1005A0008CF5B5FA85F402FA04F203FA04F34FEA83
:1005B0001260FDE80445A0EB1360704753B94AB9D7
:1005C000002908BF00281CBF4FF0FF314FF0FF305B
:1005D00000F00CB8ADF1080C6DE904CE00F0A2F803
:1005E000DDF804E0DDE9022304B07047704700BF86
:1005F000844641EA000313F003036DD1403A41D32E
:1006000051F8043B40F8043B51F8043B40F8043BEC
:1006100051F8043B40F8043B51F8043B40F8043BDC
:1006200051F8043B40F8043B51F8043B40F8043BCC
:1006300051F8043B40F8043B51F8043B40F8043BBC
:1006400051F8043B40F8043B51F8043B40F8043BAC
:1006500051F8043B40F8043B51F8043B40F8043B9C
:1006600051F8043B40F8043B51F8043B40F8043B8C
:1006700051F8043B40F8043B51F8043B40F8043B7C
:10068000403ABDD2303211D351F8043B40F8043B1C
:1006900051F8043B40F8043B51F8043B40F8043B5C
:1006A00051F8043B40F8043B103AEDD20C3205D32C
:1006B00051F8043B40F8043B043AF9D2043208D024
:1006C000D2071CBF11F8013B00F8013B01D30B8896
:1006D00003806046704700BF082A13D38B078DD074
:1006E00010F003038AD0C3F10403D21ADB071CBF46
:1006F00011F8013B00F8013B80D331F8023B20F8B0
:10070000023B7BE7043AD9D3013A11F8013B00F8E8
:10071000013BF9D20B7803704B7843708B78837070
:10072000604670472DE9F04786468C460846089E8D
:10073000154674461946002B40F0C2808542B2FA35
:1007400082F245D94AB1C2F1200300FA02FC2EFA26
:1007500003F3954043EA0C0C94404FEA154EA8B2BF
:10076000BCFBFEF8230C0EFB18CC08FB00F943EA97
:100770000C43994528D9EB1808F1FF3704D2994565
:1007800002D9A8F102072B44A3EB0903A4B2B3FBDF
:10079000FEFC0EFB1C330CFB00F044EA0344A042B9
:1007A00014D92C190CF1FF3304D2A04202D9ACF1B8
:1007B00002032C44241A43EA07401EB1D44000230C
:1007C00034607360BDE8F0874746DDE76346F1E7D4
:1007D00092BB431B01214FEA154EAFB2B3FBFEFCA7
:1007E000200C0EFB1C330CFB07F840EA0343984532
:1007F00062D9EB180CF1FF3004D2984502D9ACF164
:1008000002002B44A3EB0803A4B2B3FBFEFC0EFBD7
:100810001C330CFB07F744EA0344A7424ED92C19BA
:100820000CF1FF3304D2A74202D9ACF102032C44ED
:10083000E41B43EA0040C0E7C2F1200320FA03F1C1
:10084000954090402EFA03F303434FEA154EAFB2A2
:10085000B1FBFEFC0EFB1C10190C0CFB07F841EA67
:100860000041884504FA02F422D969180CF1FF30DE
:1008700004D2884502D9ACF102002944A1EB080159
:100880009BB2B1FBFEFC0EFB1C110CFB07F743EA0D
:1008900001439F420ED9EB180CF1FF3104D29F4265
:1008A00002D9ACF102012B44DB1B41EA004192E783
:1008B0006046E3E76146F7E76046A3E76346B7E7CC
:1008C000834206D916B9002108467BE7C6E900E055
:1008D000F9E7B3FA83F78FB9834201D3724508D899
:1008E000BEEB020460EB030301209C461EB900210D
:1008F00068E73846FAE7C6E9004CF8E7C7F1200C8C
:10090000BB4022FA0CF41C432EFA0CF120FA0CF333
:10091000B84001434FEA14490EFA07F5B3FBF9F862
:100920001FFA84FE09FB18300B0C08FB0EFA43EA91
:1009300000439A4502FA07F240D9E31808F1FF3064
:1009400004D29A4502D9A8F102002344A3EB0A037A
:1009500089B2B3FBF9F809FB183308FB0EFE41EA34
:1009600003418E452CD9611808F1FF3304D28E451E
:1009700002D9A8F10203214443EA0040A0FB0298F7
:10098000A1EB0E014145CE46434602D306D14D456B
:1009900004D2B9EB020E68EB04030138002EA6D096
:1009A000B5EB0E0261EB030101FA0CFC22FA07F32E
:1009B0004CEA0303F940C6E9003198E74046C5E731
:1009C0004346D9E7F7B5234A2348032106F0E5FB60
:1009D000224807F0C9F8002833D0204C204A1E488E
:1009E000204E032106F0D9FBA7683B68002BFCD002
:1009F0000DF107012046984705460028F5D19DF8DE
:100A000007107B68204698479DF807300A2B12D1C3
:100A1000336815481549C5543560FFF765FC002853
:100A2000E3D1134D29780029DFD00135A368204692
:100A30005B689847F6E733680D2BD6DC01333360EB
:100A4000D3E70C4A0448012106F0A7FB4FF0FF3022
:100A500003B0F0BDEE850008908100082C7E0008F0
:100A60001B86000840070020D00800202C860008C4
:100A700034860008028600082DE9F04F91B0840703
:100A8000009302F004030293C2F3C20303F10103D3
:100A9000DDF86880039205460E46059340F0F58127
:100AA000041D30B1072909D86FF01B0011B0BDE853
:100AB000F08F01F00706341DC6F10806009B4FF0C9
:100AC0000009013B4FF0040B0193CDF810904F4605
:100AD0004B464FF0FF32DA460DB100992160059880
:100AE000002800F3D78098480099814203D39748A3
:100AF0008142C0F0CF800399A4EB050E89074FEA2D
:100B00009E0040F1E2804FF0000CCCE07A285AD8E9
:100B10004B280CD8472856D829282AD8252851D020
:100B200051D8202877D023384342434173E04C38D2
:100B30002E2848D8DFE800F06F4747474747474728
:100B4000474747474947474747474747475947491F
:100B5000495959596F496C476F4718491847478099
:100B60007D49474749477D00002000234FF0040B93
:100B700039E02A38C0B2012101FA00F010EA0E0F64
:100B800049D110F0625C30D110EA010343D06046D5
:100B9000013C5C44B4FBFBF40BFB04F4002D60D07F
:100BA000AAEB050CA444B4453FF67EAF00286AD1F9
:100BB000BAF1040F45D158F8040B206004344FF00B
:100BC000040A28E0013A002325E0019B13F8013CC8
:100BD0006C2B33D1019B13F8023C00206C2B034695
:100BE000C4D14FF0080BDA46D2E708F1070828F025
:100BF00007080734F8E802AB24F0070435B106987B
:100C00002044B0423FF650AFC4E900AB08340023A3
:100C10004FF0080BDA46019911F8010F01910028F5
:100C200000F0BB80002B7FF471AF2528F3D1013297
:100C300001234FF0040BEDE7184696E7002003462A
:100C4000A6E7BAF1080F40F09A8008F1070828F0EB
:100C50000708F8E80201C4E9000108344FF0080A67
:100C6000D9E780B9BAF1040F02D108F10408A5E769
:100C7000BAF1080F40F0838008F1070828F0070850
:100C800008F10808E9E705990139059158F8041BAE
:100C9000009121E7039988074AD5A4EB050E4FEA96
:100CA0009E004FF0010CBEF5007F1ED32849294A53
:100CB00029484FF41F7306F0BBF8284806F0B8F82F
:100CC0004FF41F71234806F0AAF80F2F0FD8002DFC
:100CD00048D007F140010DEB010C0CF8200C0CF88A
:100CE000102C04980130049021E00F2F0CD91849E2
:100CF000184A194840F2812306F09AF8184806F07D
:100D000097F840F28121DDE7CDB107F140010DEB0D
:100D1000010EC0B20EF8200C0EF8102CBCF1000F22
:100D2000DFD060F07F000EF8200C09F101090137D7
:100D3000C5F10801043406914FF6DA7E6BE7BCF189
:100D4000000F0FD00136F2E7D47C000808A000089D
:100D50003B880008488600087686000893860008CD
:100D6000B4860008029802360028E0D10098CDE948
:100D70000632FFF745FADDE906320644D7E7444A72
:100D80004449454840F2C62306F052F851464348CC
:100D900006F04EF840F2C62194E7631BB3F5806F6E
:100DA0000CD33C493A4A3C4840F2D22306F040F882
:100DB0003B4806F03DF840F2D22183E71DB9A6F189
:100DC0000804E01872E6029A28609B082B709DF8D0
:100DD0001030C2B1EB7085F80290B9F1000F05D068
:100DE00008A80022C5F1010C97420ED1C5F10103FC
:100DF0000DF120084FF0000A01930DF1300B57451B
:100E000012D1601B52E66B70E5E710F8013B190642
:100E100008D504EB0C0EB64503F07F033FF644AE55
:100E200004F8013B0132DFE7B9F1000F03D098F974
:100E30000020002A17DB029BD3B11AF80B2004F81C
:100E4000012B0022019B98182044B0423FF62CAEA3
:100E500098F8000004F8010B009903922046FFF770
:100E6000C7FB039A14440AF1010A08F10108C6E716
:100E700098F8002055F822300093029B45F8223064
:100E80000098FFF7BDF9421CDCE76FF00D000DE69E
:100E9000488600083B88000876860008CE86000851
:100EA000E38600082DE9F04F97B000AF8946D7F8E8
:100EB00080B0FA623B62044658B9A849A84AA948DA
:100EC0004FF4667305F0B4FF4FF46671A44805F063
:100ED000A6FFCBF3C00390F802A0BB6141B94578EF
:100EE00000780AEB800020444D4517D8A0EB040998
:100EF000E378FB61BAF1000F02D01BF0010F16D1AD
:100F0000FB6953BBFB6A1BB13A6A494620469847C6
:100F10004D4628465C37BD46BDE8F08F461C30463E
:100F2000FFF76EF90130304409F10109DCE723785D
:100F300062687A62FA6A9900796104EB8301002A97
:100F400040F001814D460E4601EB0A094FF00008C2
:100F50004E454CD101EB0A0610E01BF0020FD1D038
:100F600023789A007A6162687A62FA6A04EB8301F4
:100F7000002A77D14D4601EB0A0690461BF0050F7B
:100F80000CBF02230123FB62FB6906EB430A0BF053
:100F90000203BB625645BCD016F8021B16F8013C92
:100FA00054F82390704B994502D3704B994536D332
:100FB000BB69002B40D0786A05F0C8FE00283BD002
:100FC000E9468AB06A466A4B53617B6AC2E90631D8
:100FD0004FF400731384674B42F8103F66480023B8
:100FE0004FF4125101F0BAFB023DCD46D2E716F89C
:100FF000013BF96254F82300FFF702F9D7F8843077
:10100000F96A01304BB1D7F8883098453EBFD7F820
:10101000843023F8180008F10108054498E7BB69FB
:1010200023B1786A05F092FE0028C9D11BF0010FA8
:1010300005D1FB6AED1AADE7BB6A002BAAD0484682
:10104000FFF7DEF8D7F8843053B1D7F888309845E9
:101050003FBFD7F88420431C22F8183008F101085C
:10106000054497E7BAF1000F73D01BF0040673D064
:10107000D046002607F1480052463B61B962FFF7AF
:10108000B7FAB96A3B6901EB0A02BA62FA69F9690F
:101090005200FA60BA6A02EB41023A610BF00202B6
:1010A000BA60BA6A39698A4268D162787A621BF09A
:1010B000020F32440CBF4FEA580100211BF0010F10
:1010C000D2B240F0E4801BF0040F14BF4046002071
:1010D000BB616270A070E1703A6A7969FB6A204670
:1010E0009847051EFFF615AFBB6923707B6A6370D6
:1010F000FB69E37041463A6AFB6A84F802A007F193
:1011000048009847B0F10008C0F2EF807B693A6A66
:10111000A9EB0A01C91AFB68C91AD7E90A0398475B
:101120000028C0F2E480A84408EB00054FF0000B53
:1011300007F1380AB345C0F0AC8000213A6AFB6A77
:1011400008469847E5E656464FF0000807F1380094
:1011500092E75646D04696E7B04694E7FA860008EE
:101160004886000876860008D47C000808A000089D
:10117000158700080400000198810008BA6A12F877
:10118000021BBA6212F8015C5A4A54F825009042D8
:1011900002D3594A904218D3BA693AB1786A7B604F
:1011A00005F0D4FD7B6800287FF47BAFBA68002A85
:1011B0004CD00F2E40D95149514A524840F24C432D
:1011C00005F036FE40F24C4180E6BA693AB1786AE1
:1011D0007B6005F0BBFD7B6800287FF462AF1BF0ED
:1011E000010F0BD00F2E27D94449454A454840F2FC
:1011F000424305F01DFE40F2424167E61BF0040F3A
:101200003FF44FAFB8F10F0F09D93F493C4A3D4871
:1012100040F2454305F00CFE40F2454156E608F128
:10122000280207F1300008F1010102EB000808F87C
:10123000105C5FFA81F834E706F1280207F130000C
:10124000711C161806F8205CCEB22AE7B8F10F0F11
:1012500009D92D492A4A2B4840F24F4305F0E8FDB1
:1012600040F24F4132E608F1280207F1300C08F154
:101270000100944407F1580252FA80F008F1020884
:101280000CF8101C5FFA88F800F8105C09E70020E1
:101290001EE71BF80A3087F8373054F82390D7F848
:1012A0008430FBB133F81B803A6AFB6A012107F1F5
:1012B0003700984700281ADB0544B8F1000F06D123
:1012C0004846FEF79DFF00F101081FFA88F83A6AC8
:1012D000FB6A414648469847002808DB05440BF165
:1012E000010B27E7D7F88480DEE7454611E605467F
:1012F0000FE600BFD47C000808A00008B8870008EB
:101300004886000876860008D7870008014B1860D9
:10131000704700BF0000002030B587B00025CDE940
:1013200003010446009503A90548059500F06EF8F1
:10133000DDE904309842B8BF255407B030BD00BF86
:101340009B6D0008F0B5094E016802460A2700208F
:101350000B4601311C78355D6D0701D41360F0BD7B
:1013600007FB0043A3F13000F2E700BFD58400087B
:101370002DE9F84F15469A46D378234A12F803B060
:101380006F2B81460F460BF0030B2BD026D8582B22
:101390000CBF10260A26DDF8288032460023484676
:1013A0003946FFF70BF9092A08F1FF38D4B21ED8E5
:1013B0003034B145E4B277F1000788F8004001D33A
:1013C000D04511D82B789B0605D5082E15D1AB78C2
:1013D00043F00803AB704046BDE8F88F03F0F70315
:1013E000702BD5E70826D6E781460F46D5E7BBF137
:1013F000010F0CBF37345734DBE7102EEBD1AB783D
:1014000043F01003E6E700BFD58400082DE9F04F54
:1014100097B08A46039016461C460025307808B9D6
:10142000284656E325280AD0039B514698470028B2
:10143000C0F24F83731C01350493049EEEE718221B
:10144000002110A805F0ECFB7378252B00F0A38099
:101450000023711C98469E469C4618460F4611F87C
:10146000012B2B2A00F0C68000F2BD80202A00F05C
:10147000C480232A00F0C4802BB19DF8483043F08B
:1014800040038DF84830B8F1000F05D09DF8483082
:1014900043F020038DF84830BEF1000F05D09DF8D1
:1014A000483043F010038DF84830BCF1000F05D0F0
:1014B0009DF8483043F008038DF8483028B19DF876
:1014C000483043F004038DF848309DF8483003F06D
:1014D0004401442903D16FF386138DF848309DF8F9
:1014E0004830099743F080032A2A8DF8483040F0AD
:1014F0008C809DF8493043F001038DF849307B1C06
:101500001A782E2A9DF849200CBF0121002161F391
:1015100041028DF849200CD15A1C09925A782A2A86
:1015200040F083809DF8492042F004028DF8492064
:1015300002331A786C2A00F0A48000F28680682AB0
:1015400000F08C806A2A00F0A5804C2A00F0AA8066
:101550001A4612F8013B0492782B9DF849208DF829
:101560004B3000F217816D2B00F2A980692B00F23D
:101570001181572B00F2BE80412B03D0453B022B3B
:1015800000F208819DF84A30042262F302038DF8CC
:101590004A300123CAE08DF84B30B31C04939DF808
:1015A0004930D90740F1FD8054F8048BB8F1000FA1
:1015B00007DA9DF8482042F004028DF84820C8F16F
:1015C00000085A0740F1F68054F804BBBBF1000F45
:1015D00080F2F5809DF849306FF341038DF8493072
:1015E0004FF0FF3BEBE02D2A0DD0302A7FF444AFC3
:1015F000012333E74FF0010C30E74FF0010E2DE7E8
:101600004FF001082AE7012028E709A8FFF79AFE12
:10161000099BBB423FF474AF9DF848201390C00F64
:1016200060F341028DF848206AE709A8FFF78AFEB7
:101630009DF848301490C3F3400242EAD07262F33E
:1016400041038DF84830099B73E7742A26D07A2A23
:101650007FF47EAF9DF8492006210CE05A78682A75
:101660009DF8492006D1012161F3C6028DF8492079
:1016700002336DE7022161F3C6028DF84920013380
:1016800066E75A786C2A9DF8492001D10421EBE7DE
:101690000321F0E79DF849200521ECE79DF849205A
:1016A0000721E8E7BDF8482022F4F04222F00202C8
:1016B00042F4804242F00202ADF84820DFE76E3B80
:1016C000D9B201238B4040F282410B4238D113F052
:1016D000240F52D1DF075DD59DF84A30032161F315
:1016E00002038DF84A3002F07803A3F14000434230
:1016F00043411BE0A3F15801C9B2012000FA01F1F6
:1017000011F4624F7FF43EAF40F6010739421DD11C
:1017100011F4043F3ED09DF84A3060F3020302F01A
:101720007802402A8DF84A3034D000239DF84820B2
:10173000C2F340010B4363F341028DF848202EE7CA
:101740009DF84A30022161F30203E8E79DF84A1050
:10175000022002F0780260F30201402A8DF84A105C
:1017600002BF9DF8481041F001018DF84810632B2D
:10177000DBD1131E18BF0123D8E79DF84A3003219F
:1017800061F3020312F0780F8DF84A3014BF012381
:101790000023CBE79DF8483043F001038DF8483033
:1017A000C3E79DF94820002AB4BFDDF84C804FF014
:1017B000FF3806E79F077FF513AFDDF850B09DF8BF
:1017C00049100023CDE913339DF84A3003F0070395
:1017D000012BC1F3C30132D1CB1E042B04D8DFE8A7
:1017E00003F0204545202000236801294FEAE372D9
:1017F000CDE910321BD19DF94030DA17CDE9103216
:1018000004349DF8483013F003074FD0049B03982D
:101810003246514605F0ECFA0028C0F25A810544E0
:101820000BE654F8043BDA17CDE91032E9E7022958
:10183000E6D11AB243F3C033CDE91023E0E7022B1F
:1018400024D1CB1E042B04D8DFE803F018101018A5
:101850001800012954F8043B4FF0000214D002296B
:10186000CDE91032CDD19BB21093CAE7073424F0F2
:101870000704F4E80223CDE91023C2E754F8043B3F
:10188000109300231193BCE7DBB2CDE7042B08D102
:10189000073424F00704D4E900230834CDE91023E9
:1018A000AFE7032BADD154F8043BDDE79DF84B00C7
:1018B00078283FF6C2AD62281ED8252850D0582877
:1018C0007FF4BBAD0DF13E030093DDE910010AABDF
:1018D00012AAFFF74DFDBBF1000F814680F2C280D6
:1018E000B9F1000F3FF4A9AD0DF13E06A6EB0903D7
:1018F000002F7BD0013379E0633815283FF69DAD8A
:1019000001A252F820F000BFDB190008391A0008C4
:101910003B1400083B1400083B1400083B1400086B
:10192000391A00083B1400083B1400083B14000857
:101930003B140008871A00085F1A0008991900086C
:101940003B1400083B140008711900083B14000800
:101950005F1A00083B1400083B1400085F1A0008D7
:10196000039B514698470028C0F2B380013564E5D7
:10197000BBF1000FDDF840900ADB5946484605F000
:10198000A1F9B9F1000F3FF458AD09EB000620E0D2
:101990004846FEF735FCF8E71098002800F08780ED
:1019A0000DF13E060AAB009612AA0021FFF7E0FCFB
:1019B000BDF84A3003F0EF0343F4F04343F0100363
:1019C000BBF1000F8146ADF84A304ADA00283FF4F7
:1019D00034ADA6EB0903002708E0109B8DF82830F2
:1019E00000270DF129060DF1280901239DF84A1061
:1019F00011F01002069260D00233139A059213443C
:101A00004A0644BF14995B18B8F1000F6EDDA8EBCD
:101A100003089DF848305807C3F3800B66D4590675
:101A20005AD53FB1039B514638469847002850DBB2
:101A300001355F46302350E01E075CBFC3F300133F
:101A40005F01DDE9102348BF2B27002BBFF63AAF1B
:101A5000524263EB4303CDE910232D2732E70027E1
:101A600030E700279DF848100DF13E03A3EB090372
:101A70006FF386119B458DF848107FF631AFABEBC5
:101A8000030313932CE7109B07293FF6D6ACDFE83E
:101A900001F00C04060C08080C0C1D70CDE41D8030
:101AA000CBE4EA17C3E90052C7E41D60C5E4314E38
:101AB0000746A6F10509052398E7080748BF013343
:101AC0009BE7184607935146039B98470028079BBE
:101AD00004DA17B0BDE8F08F2023C3465946002929
:101AE0000BF1FF3BEDDC45446D1AD84637B1039B43
:101AF0005146384698470028EBDB01359DF84A30BF
:101B0000DA0601D41B0706D5039B514630209847BF
:101B10000028DEDB0135069B3BB19DF84B00039BA3
:101B2000514698470028D4DB0135059F2F4406E035
:101B3000039B5146302098470028CADB01357B1BA8
:101B4000002BF5DC039833464A46514605F050F920
:101B50000028BEDB0544A844A8EB0503002B7FF753
:101B60006CAC039B5146202098470028B1DB01351F
:101B7000F2E700BF0D88000838B50D460446202264
:101B8000002105F04DF8EB68E361AB68A3612B68B9
:101B900023626B6863620022A2622A6923B1591E24
:101BA000194208BF42F0010222610122002104F122
:101BB0002C0006F00FF848B105490648064A2F23C5
:101BC00005F036F904482F2105F029F938BD00BF8A
:101BD00034880008768600080E8800082DE9F04F4A
:101BE00089B0CDE90123436A00278B420446884629
:101BF00005970797BA4655D300F114064FF0100B1E
:101C0000EFF3118300938BF31288BFF36F8F30468D
:101C1000DDF8009004F040FC58B94B4A4B494C4861
:101C2000882305F005F931464A4805F001F9882175
:101C300060E0304604F054FC079A2AB13946204649
:101C400005F0D5F90023079306A9204605F0FDF815
:101C50000699414505462ED32268236A13F82210BF
:101C600021F0030103F8221003EB820A21684246A7
:101C7000204605F00EF9E3682060984216D0002552
:101C8000304604F017FC40B389F31188BFF36F8F1F
:101C9000059929B1A2690AB120469047002305930E
:101CA000002DADD1504609B0BDE8F08F236943F057
:101CB00008032361E3E718B1204605F004F9DFE7E4
:101CC000DDE90132134337D0039105F08FFF03990B
:101CD00090BB304604F0EEFB78B91B4A1E491C4805
:101CE00040F2311305F0A4F831461C4805F0A0F885
:101CF00040F23111144805F092F8009B83F31188EB
:101D0000BFF36F8FDDE9012304F12C0003F0FEF92E
:101D10000546EFF311898BF31288BFF36F8F3046BE
:101D200004F0BAFB00283FF478AF3046B5FA85F5E9
:101D300004F0D6FB6D09A3E707AB05AA2046276888
:101D400005F0DEF805469BE73D8800086A88000834
:101D5000768600087F88000895880008AC8800080F
:101D60002DE9F0410446C36908460E46984704F140
:101D700014050746EFF31188102383F31288BFF38D
:101D80006F8F284604F088FB68B91B4A1B491C4822
:101D9000882305F04DF829461A4805F049F88821AE
:101DA000154805F03CF8284604F09AFB337843F0D8
:101DB0000103337061683A46204605F06AF86060B6
:101DC000204605F02FF9284604F074FB68B90A4A4A
:101DD0000D490B4840F2311305F02AF829460B480B
:101DE00005F026F840F23111DAE788F31188BFF3E5
:101DF0006F8FBDE8F08100BF3D8800086A88000849
:101E0000768600087F88000895880008AC8800085E
:101E10002DE9F843044600F11407EFF3118810236D
:101E200083F31288BFF36F8F384604F035FB054605
:101E300068B9354A35493648882304F0F9FF3946F0
:101E4000344804F0F5FF88212F4804F0E8FF3846B5
:101E500004F046FB2369A26813F0080F02D16368FF
:101E60009A4200D9636A9B1A002B3FD0216A11F86D
:101E7000223013F0030001EB82093AD0022803D18B
:101E800051F82260B60805D1D8071FD4E369484647
:101E900098470646A1683246204604F0FAFF3146CC
:101EA000A060204605F003F8384604F003FB10BBA1
:101EB000154A1949164840F2311304F0B9FF394662
:101EC000164804F0B5FF40F23111BDE743F00203BC
:101ED00001F822304846E369A5689847294602463A
:101EE000204604F0D6FF0025A060DDE71D46A94688
:101EF000DAE70546FBE788F31188BFF36F8F002D03
:101F00008BD14846BDE8F8833D8800086A88000800
:101F1000768600087F88000895880008AC8800084D
:101F20002DE9F0410446C36908460D46984704F17F
:101F300014060746EFF31188102383F31288BFF3CA
:101F40006F8F304604F0A8FA68B9284A2849294812
:101F5000882304F06DFF3146274804F069FF88218B
:101F6000224804F05CFF304604F0BAFA2B786FF395
:101F700000032B7023699B0705D5E268236A03EBF6
:101F800082039D4222D12B786FF341032B70D4E959
:101F90000231994204D13A46204604F07AFFA0600B
:101FA0003946204604F083FF304604F083FA90B9A6
:101FB0000E4A12490F4840F2311304F039FF3146FE
:101FC0000F4804F035FF40F23111C9E72B6867F381
:101FD0009F032B60E8E788F31188BFF36F8F04F14C
:101FE0002C00BDE8F04103F039B800BF3D8800087F
:101FF0006A880008768600087F88000895880008AF
:10200000AC880008034A536823F0020353600020A1
:10201000704700BF002004E0134B1A6842F40072BE
:102020001A601A6842F480621A601A6842F4807278
:102030001A600E4B0E4A1A600E4A536843F00103B1
:1020400053600D4B9A6D42F080529A659B6D0B4A1E
:1020500082B003F080530193019B9368002043F406
:102060008043936002B07047002002404800002087
:102070000024F400002004E0001002400070004042
:1020800030B51049104889B0002205F0F6FD0F4D1B
:102090000F4900220023CDE9062300240E23CDE9B9
:1020A0000334CDE901440B4B00944FF40062284601
:1020B00003F00AF90849284605F09EFD204609B0BC
:1020C00030BD00BF1D22000858050020D0000020B0
:1020D0000009002001250008C18800082DE9F0470B
:1020E000DFF85880044607464FF0010914B9384616
:1020F000BDE8F08794FAA4F5B5FA85F509FA05F379
:102100002E0108EB05156FEA030A24EA03042B7B72
:10211000002BEBD058F806301B694BB9464404221B
:1021200073682846196807EA0A0700F0F1FADDE744
:10213000284698470028D9D1F0E700BFD881000889
:102140002DE9F047DFF8B4902D4CA9EB04038F2B59
:1021500080460F460BD92B492B4A2C4840F23F139F
:1021600004F066FE40F23F11274804F058FE28486C
:1021700004F085FF064660B300252846BDE8F087D9
:10218000237B6BB12368DB680BB12046984723683B
:102190001B69B3B9636804221968204600F0B8FAD5
:1021A000013610344C4518D91A49174A17484FF4CC
:1021B000A67304F03DFE184804F03AFE4FF4A671F1
:1021C000D2E7204698470028E4D00AFA06F31D43D8
:1021D000E6E705464FF0010AE4E7D1D3B8F1000F76
:1021E000CBD0002DC8D02846FFF778FF0546002F3A
:1021F000F7D00021642003F0CBFFF2E7E88100086C
:10220000D8810008F6880008C9880008768600088A
:10221000580700202689000847890008014802F075
:102220001DBF00BFBC000020014B53F820007047C9
:102230000482000808B5034608462BB1044A13601F
:1022400000F0ACFD002008BD6FF01500FBE700BFFB
:102250000400002010B5044C237813B9034802F0A1
:10226000FDFE0123237010BDDF080020BC0000200C
:1022700010B50446084804F002FF5CB1BFF35B8F61
:10228000064B53E8001F013943E80012002AF8D139
:10229000BFF35B8F10BD00BF500700205407002024
:1022A0000020064BBFF35B8F014653E8000F43E865
:1022B0000012002AF9D1BFF35B8F7047500700204E
:1022C00070B5FFF7EDFF104C104E0546B44219D91A
:1022D0000F49104A104840F2FF1304F0A9FD0F48BF
:1022E00004F0A6FD0B4840F2FF1104F098FD63686E
:1022F0005B792BB123685B6813B129462046984768
:102300001034E3E7F3D370BDD8810008E8810008FA
:1023100026890008C98800087686000847890008D1
:1023200010B5044C04492046FFF726FC034B1C6003
:1023300010BD00BF7C000020F0810008480700208D
:10234000084A094808B500231370084A1360084A70
:102350004FF47A711360FFF76DFFBDE80840FFF797
:10236000DFBF00BFE0080020997000085007002080
:10237000540700200146002201480023FFF72EBC2D
:102380007C0000200148FFF743BD00BF7C00002017
:10239000024B01461868FFF7C3BD00BF4807002085
:1023A000014804F04CBE00BF7C00002070B52D4BEE
:1023B0001878002854D0FFF7E5FF054660B3BFF357
:1023C0005B8F294B53E8001F013943E80012002AB4
:1023D000F8D1BFF35B8F254C254EB44218D925495F
:1023E000254A264840F2F31304F022FD244804F065
:1023F0001FFD214840F2F31104F011FD63685B7981
:1024000023B1236829461B68204698471034E4E727
:10241000F4D32846FFF7BCFF1A4B1B4C1B68002B5C
:1024200012DD05F028FC0A220023FEF7C7F8D4E9E4
:102430000032C01A40F2E93361EB0201984271F1B7
:10244000000101D3FFF73CFFD4E9003213F57A73A2
:1024500042F10002C4E90032BDE87040FFF7A0BFBE
:1024600070BD00BFDF08002054070020D88100089D
:10247000E881000826890008C988000876860008D7
:1024800047890008500700205005002070B5154D01
:10249000297829BB0120FFF753FE134C134EB44299
:1024A00017D91349134A14484FF4DC7304F0C0FCE5
:1024B000124804F0BDFC0F484FF4DC7104F0AFFC8F
:1024C00063685B791BB1236820469B68984710348A
:1024D000E5E7F5D3FFF76AFF0028FBD101232B7056
:1024E00070BD00BFE0080020D8810008E881000826
:1024F00026890008C98800087686000847890008F0
:102500002DE9F0472F4B304FFB1A1B090BD12F49F8
:102510002F4A304840F28D3304F08AFC40F28D316E
:102520002B4804F07CFC00210846FFF709FE044616
:1025300040B34FF4FA784FF0000903F061FE264BE8
:10254000186030B1254B1B68092B02DD244802F0CE
:1025500085FDDFF88CA0002544B12046FFF7BEFDC5
:10256000044618B94FF0FF384FF0FF39FFF71EFF50
:10257000064628B95DB942464B46504602F0C6FDB4
:102580003546E9E74FF0FF384FF0FF39D5E70D4DFD
:1025900008E0F0D22B689B691BB100221146284647
:1025A00098471035BD42F4D90E49094A094840F20E
:1025B000813304F03DFC0C4804F03AFC40F28131D8
:1025C000AEE700BFD8810008E881000866890008EE
:1025D000C9880008768600084C07002054070020B0
:1025E000BC000020268900084789000813B52C4844
:1025F00004F045FD2B4B1B78002B35D0EFF31184F5
:10260000102383F31288BFF36F8F274803F044FF32
:1026100068B9264A26492748882304F009FC22493C
:10262000254804F005FC8821204804F0F8FB1E48EA
:1026300003F056FFFFF7BAFE1B4803F03BFF68B9F3
:102640001A4A1E491B4840F2311304F0F1FB1649A7
:102650001B4804F0EDFB40F23111E5E784F31188EB
:10266000BFF36F8F02B010BD164B1B68002BF9D063
:1026700050B900220023CDE90023134842F2107222
:10268000002304F05DFAEDE70928EBD10E4805F0D0
:1026900000FB0E4802B0BDE8104002F0DFBC00BFF6
:1026A00054070020E0080020440700203D8800086F
:1026B0006A880008768600087F88000895880008E8
:1026C000AC8800084C07002058050020BC00002002
:1026D00010B5064B1B68044698472146A060044885
:1026E000FFF73EFBBDE81040FFF780BF040000206D
:1026F0007C000020044A054B9B1AB1EBD30F34BF7A
:1027000052F831000020704790810008D8810008FD
:102710000E4BC31A1B11013310B5DBB248B90C497B
:102720000C480D4ADF2304F083FB0B48DF2104F043
:1027300076FB4468237143689A7143681960436863
:1027400001225A71BDE81040FFF784BDD88100080E
:10275000068A000876860008CE8900082DE9F04F29
:102760008FB004AFC1F34A28B8600D4691467B6034
:102770000C0DB8F1000F68D0002607F114034FF0DC
:10278000040B4FF00A0AC7F80C80C7E907667E629F
:102790000193CDF808B0CDF800A007F11C03F9684B
:1027A00032464846FEF77EFBB0F5006F03461CD369
:1027B0006C468AB0D9F8041004AB2C48C3E9050173
:1027C00040F2FF71D9611A464FF400711984284B09
:1027D00042F8103F274833464FF41251FFF7BEFF2F
:1027E000A5462C37BD46BDE8F08FC0F30A0804F1BA
:1027F0001700184420F0070080083B60FFF7BAFD7F
:1028000068F35325044640B33B681B4AC7E90836C2
:1028100000F1100107F11403F961CDE900A3CDF82F
:1028200008B0F96807F11C034846FEF73BFB002897
:1028300013DA12491248134A4FF4A37304F0F8FA5A
:1028400010484FF4A37104F0EAFA04F1170020F0E5
:1028500007008008FFF78EFD044668F353257B6868
:10286000B9682A46204604F048FCBAE7268A0008E0
:1028700004000001A0810008CF700008928A0008BF
:1028800076860008658A00082DE9F04F87B0DDE9FB
:102890001279DDE9106A044603919346984627B3FE
:1028A000CDF800903B46524610210020CDF8149000
:1028B000FEF7E2F8051E0BDA2649274A274840F2C0
:1028C000651304F0B5FA40F26511234804F0A7FA45
:1028D000B5F5006F0ADB224A224840F2FF7302215D
:1028E00007B0BDE8F04F04F061BC3D4606F11700AB
:1028F000284420F0070004F007048008FFF73AFDA1
:102900000BF0070BE40044EA8B1444EA452444EA44
:1029100006540646A0B19FB1CDF800903B46524602
:1029200029461030FEF7A8F8002809DA09490A4AB2
:102930000A4840F2851304F07BFA40F28511C4E79F
:10294000039943462246304607B0BDE8F04F04F0F5
:10295000D4BB00BF918A0008658A0008768600080B
:102960009B8A0008A0810008406820B1034BC01A70
:1029700040F3CF0070474FF0FF3070479081000860
:102980000EB403B503AB014653F8042B044801937E
:1029900004F024FC02B05DF804EB03B0704700BF04
:1029A000C1290008CA0605D48B064CBF0249034959
:1029B000FFF7E6BF704700BFDF9A00083B860008BC
:1029C00038B54B681A68CB689A4205460C4602D166
:1029D000084604F00AFC6368BFF35B8F53E8002FDE
:1029E000511C43E800100028F8D1BFF35B8FA368A7
:1029F0009D5463681A68E3689A4209D905490648F4
:102A0000064A7A2304F014FA04487A2104F007FAFB
:102A1000002038BD028B000876860008D38A0008A3
:102A20002DE9F04F89B09A46149B06939DF84CB05F
:102A3000159B0593169B179E049304460D469046DE
:102A4000BBF1000F00F0AD80BBF1040F0BD9A4491E
:102A5000A44AA54840F2622304F0EAF940F2622158
:102A6000A04804F0DCF906F48073079304F02DFB12
:102A700006F00209024600283FD09C492046FFF795
:102A80007FFF0746B9F1000F08D016F0440F36D18A
:102A900097492A462046FFF773FF074406F00103D3
:102AA00053B1944B944953F82B20944B2046002A61
:102AB00008BF1A46FFF764FF06F48073002B4AD064
:102AC00006F00803002B64D1B8F1000F67D08C49E1
:102AD00042462046FFF754FF0546069B3D44002B27
:102AE0006ED1049B002B40F08380F30700F1F1804E
:102AF00031462046FFF756FFE5E00746C2E7814B27
:102B000018680028C9D0804B4FF47A791B68B5FB50
:102B1000F3F54FF46161B5FBF0F300FB135509FBCE
:102B200005F54FF03C0CB3FBF1F201FB1231B5FBA4
:102B3000F0FEB1FBFCF300FB1E550CFB131109FB6F
:102B400005F50091B5FBF0F57049CDE901E52046AA
:102B5000FFF716FFA1E706F00803EBB16C4B6D49D8
:102B600053F82B202046FFF70BFF0546B8F1000F66
:102B700005D0634942462046FFF702FF0544BAF1FB
:102B8000000FAAD0644952462046FFF7F9FE0544DB
:102B9000A3E74FF0000AE1E706F00805E6E745463F
:102BA0009BE7BAF1010F069B06D1DBB9049B002B12
:102BB00000F0898000251BE0002BF7D0574812E079
:102BC0005748069B5749224604F08FF800280CDA34
:102BD0005549444A44484FF42F7304F029F94FF4FF
:102BE0002F713DE74E485D46EBE7049B002B66D016
:102BF000DFF83881DFF83891049F3146102F2046E6
:102C000028BF1027FFF7CEFE4FF0000A554543DCE2
:102C1000059B49461A782046FFF7B2FE4FF0010A9D
:102C20001AF0070F03D141462046FFF7A9FE57458A
:102C300039D9059B494613F80A202046FFF7A0FE24
:102C40000AF1010ABAF1100FEAD13A4920464FF0D1
:102C5000000AFFF795FE5246059B9A5C364B995C3D
:102C600011F0970F08BF2E2234492046FFF788FE47
:102C70000AF1010ABAF1100F1AD01AF0070F03D1A6
:102C800041462046FFF77CFE57455246E4D8414670
:102C90002046FFF775FEEBE741462046FFF770FE42
:102CA0000AF1010AB2E726492046FFF769FEC7E7A5
:102CB000059B3B440593049BDB1B04939CD1BBF118
:102CC000000F7FF412AF204609B0BDE8F04F04F0CA
:102CD0008CBA0A4A08492046FFF752FE08E700BFAF
:102CE000378B0008D38A000876860008438B0008DB
:102CF000478B0008148200086C8B0008328B000898
:102D00006F8B0008600700205C070020508B0008D4
:102D100028820008738B0008798B00080572000870
:102D2000C1290008DD7100087E8B00088F8B000828
:102D3000878B0008918B0008D5840008938B0008CE
:102D40008D8B000873B542F20F738B4228BF0B4680
:102D500005680F4A04460521684604F032F86368A6
:102D60000C495B6806460B22284604F029FA636882
:102D70003246694628465B6804F022FA63680649D1
:102D80005B681B22284604F01BFA02B070BD00BF2E
:102D9000FB8C0008B28B0008968B0008074A0021C4
:102DA0000123904206D8064A01B901231360054B5E
:102DB0001860704740085B000121F2E740420F00B5
:102DC0005C07002060070020F8B5074F0D46044659
:102DD0004618B44201D12846F8BD14F8011BBB685F
:102DE00001485B689847F4E72C7E000810B54368FB
:102DF0001C68094804F0B8FE48B908490848094A5F
:102E0000992304F015F80748992104F008F823687D
:102E10005B685C6010BD00BF2C7E00081C8C000845
:102E200076860008DE8B0008014B036000207047A7
:102E3000708200082DE9F047064600AF0C460029D5
:102E400036D0E9468AB0D1E90012A3686D46214820
:102E5000A8464FF0050AC5E90501C5E9072348F86A
:102E600010AF1D48424600234FF42151FFF776FC76
:102E7000CD46D4E903126369AD461848C5F810A0E1
:102E8000C5E90501C5E907231348002342464FF46D
:102E90002151FFF763FCCD46E369114A0E48012139
:102EA00004F084F9A3690F4A0B48012104F07EF96C
:102EB000012E07D1EFF305830B4A0748103B31463B
:102EC00004F074F92146304601F0B0FEBD46BDE87D
:102ED000F08700BF508C0008C08100087F8C00087C
:102EE000AE8C0008BD8C0008EB8C000808B5034BC5
:102EF0001B689847BDE8084000F006B810000020A5
:102F000030BFFFF7FDBF00BF074A936893F90E106B
:102F1000002907DB526993421FBF044A536843F0FC
:102F200080535360704700BF9008002000ED00E020
:102F300070B5294C06460D462848294904F0CBF9BE
:102F4000A36AD9043CD52548264904F0C4F91720C2
:102F5000A36A1A0504D52148234904F0BCF91820B6
:102F60001D4CA36A9B0512D51C48204904F0B3F9F7
:102F7000A36BA26A100409D51D4A1848012104F068
:102F800015F91EB1A36A23F40043A3621920124C61
:102F9000A36A590504D51148164904F09CF91A2072
:102FA000A36ADA050ED50D48134904F094F91B20E5
:102FB000094A936A43F47F43936200232B7070BDE8
:102FC0001620C5E7A36A9B04F2D504480B4904F018
:102FD00082F91C20ECE700BF00ED00E0C081000892
:102FE000FE8C0008148D0008258D0008388D00081F
:102FF000518D0008668D0008818D0008998D0008AC
:1030000010B5204C2049214804F065F9A36A9901C4
:1030100036D51E481E4904F05EF91E20A36ADA0167
:1030200004D51A481B4904F056F91F20154CA36A11
:103030001B0304D51548184904F04DF92120A36A53
:10304000590304D51148154904F045F922200D4CC7
:10305000A36A9A0304D50D48114904F03CF92320D2
:10306000A36ADB0304D509480E4904F034F924208F
:10307000044A936A6FEA03436FEA1343936210BDF5
:103080001D20CBE700ED00E0C88D0008C0810008DE
:10309000E08D0008F38D00080D8E00082B8E0008CF
:1030A000508E00086A8E00082DE9F8433F4D804697
:1030B00089463F483F49174604F00DF9AB6ADA06E6
:1030C00027D53D493A4804F006F91124AB6A1B079D
:1030D00004D53A49364804F0FEF81224334DAB6A61
:1030E0009E0718D53649324804F0F5F86E6BAB6A86
:1030F0001C0646D5334A2E483346012104F056F8C3
:10310000B9F1000F03D0AB6A23F08003AB62132444
:1031100003E01024DAE76FF01506244DAB6AD807F8
:1031200004D52949224804F0D6F81424AB6A99063C
:1031300004D526491E4804F0CEF815241B4DAB6A71
:10314000DA0602D4AB6A9B070AD56B68180507D567
:103150004146304600F082FAB0B180F3098802247B
:10316000124B9A6A920642BF5A6A22F400525A627D
:103170009A6A42F0FF029A6200233B702046BDE843
:10318000F8836FF01506C2E7AB6AD906E8D5104997
:10319000104A114840F25D1303F04AFE0F4803F055
:1031A00047FE0C4840F25D1103F039FE00ED00E0EF
:1031B000C0810008958E0008AB8E0008258D0008A0
:1031C000DE8E0008F68E00080C8F0008998D00082E
:1031D0005D8F00082B8F000876860008A78F0008F7
:1031E000F0B5794B8BB00446586800AFC0F30803C4
:1031F000002686F31188BFF36F8F02F07F45B5F18B
:103200007F4F07D102F00C05082D12D16F4970488D
:1032100004F061F86F49704A70484FF48B6303F013
:1032200007FE6F4803F004FE4FF48B616A4803F019
:10323000F6FD15074CBF0C460126002CEAD00022F3
:10324000FA71DA1E092A00F29E80DFE802F0059486
:1032500097779C9C9C9C9C9A62495D485A4D04F0CF
:103260003AF80023FB71EB6A9A0705D55E49584886
:1032700004F031F8002329E0EB6A002B01DA5B4906
:10328000F5E7EB6A5B0069D55949514804F023F82A
:103290006B69A26943F480736B61BFF34F8FBFF317
:1032A0006F8F6B6932F8022C23F480736B61BFF36C
:1032B0004F8FBFF36F8F4DF602739A4227D1236869
:1032C0004C4A4348012103F071FF2368FA79DAB9C7
:1032D00007F1080504F1200C206861682A4603C242
:1032E000083464451546F7D17A6A002E67D0C2F3D8
:1032F000080121B96FEA52226FEA42227A6207F18D
:1033000008011846FFF796FD2C37BD46F0BDAB6AA5
:10331000DBB233B1FA1D01212046FFF7C5FE03469B
:10332000D4E7AB6A13F47F4F04D0F91D0120FFF7F7
:10333000FFFDF4E7AB6AB3F5803F02D3FFF760FE11
:10334000EDE72D49244A254840F22A3303F070FD69
:103350002A4803F06DFD40F22A3167E726491E4AEC
:103360001E4840F22E3303F063FD254803F060FD54
:1033700040F22E315AE7FA1D0021CDE7F91D002059
:10338000D5E7204973E7204A204910F4F87F6D46BD
:103390008AB018BF11466A46103BD3611C484FF4EF
:1033A000007313841B4BC2E9050142F8103F084823
:1033B00000234FF41151FFF7D1F9AD465AE722F43B
:1033C000FF7222F0010299E700ED00E0F88F00089B
:1033D000C0810008239000082B8F00087686000823
:1033E00036900008749000088B900008AC9000089C
:1033F000BA900008D99000083B880008F5900008B2
:103400001991000849910008DF8F0008CA8F000851
:103410006D91000804000001024A536943F0100353
:103420005361704700ED00E0EFF30880EFF309818E
:1034300001B57246FFF7D4FE01BD00BF102080F336
:10344000118808484FF40461401880F30988EFF3AD
:1034500014800221084380F31488BFF36F8F00F0BB
:10346000BDF8000040110020084B9B6883420BD13F
:10347000EFF3058343B1064B5A6842F080525A601D
:103480005A6A22F400425A6202F0C0BE900800203C
:1034900000ED00E0094A93686FF00A019967084956
:1034A00058674B6843F080534B60002383F31188C7
:1034B000BFF36F8F9368986F704700BF900800202C
:1034C00000ED00E010B50446EFF31183102383F301
:1034D0001288BFF36F8F094B58699860084B4FF003
:1034E00000625A600022436F426783F31188BFF382
:1034F0006F8F00F017F9204610BD00BF9008002024
:1035000000ED00E00B498A684FF030001044EFF303
:10351000098C80E8F01F74467046FFF7D3FFA6467B
:1035200004498A6802F1300090E8F01F8CF30988A2
:1035300070470000900800201EF0040F0CBFEFF34E
:103540000880EFF30980816911F8021C0229FFD07D
:1035500001B503F0BCFE01BD40B2002807DB044A00
:103560004109012300F01F00834042F821307047D9
:1035700000E100E038B54B1C0F2B04460D460FD977
:10358000114A12491248582303F052FC11482946A7
:103590000F23224603F04CFC0B48582103F03FFC5C
:1035A00040B20028ACBF00F160400B4A4FEA031361
:1035B000B8BF00F00F00DBB2AABF00F561401354A2
:1035C00080F8003338BD00BF80910008B791000833
:1035D00076860008D291000814ED00E00F4A08B585
:1035E0000F4B22F07F029A60BFF34F8FBFF36F8FB4
:1035F000D3F8882022F47002C3F88820EFF31483F4
:1036000023F0040383F31488BFF36F8F01F034FCBD
:1036100002F06EFF00F05CF801F072FC00000008A0
:1036200000ED00E042F8203C009B42F81C3C0A49B7
:10363000019B42F8183C029B42F8143C21F0010126
:103640004FF0807342F8043C42F8081C0023203AF3
:1036500002654367704700BFDD6D0008094A0346F5
:10366000906870B113F1160F406E05D0A0F14002C2
:103670009A4205D8834203D2814228BF0020704776
:10368000002070479008002008B50B4B0E461546E9
:10369000986000F047F82C4686F309884FF0000048
:1036A000064B984720464FF000014FF000024FF0C4
:1036B0000003034C204700BF90080020E772000879
:1036C000DD6D0008014B10221A61704700ED00E02B
:1036D000044800231021C2180133662B82F800131E
:1036E000F9D1704700E100E008B5EFF30583064A21
:1036F000103B02EBC30152F8330049688847BDE82C
:103700000840FFF701BC00BF547E0008024B034A8B
:103710000348012100F08AB80000022000000020C8
:1037200070820008426E054B403A1A60044A4021FC
:10373000C3E901121846012100F09EB88807002055
:1037400000000B1508B503461048D0F89020C2F3CE
:103750000722013A934207D90D480E4A012103F08E
:1037600025FD6FF0150008BDC0F898300A6822F0FA
:103770001F021A4342F01002C0F89C208A6842F0EF
:103780000102C0F8A0201846EDE700BF00ED00E000
:10379000B881000816920008F0B50E4685B01F46A5
:1037A00004460025B5420DDA606810B397B1431E98
:1037B00018420AD0104A11482B46012103F0F6FCAA
:1037C0006FF01502104605B0F0BD1F28F2D9216830
:1037D0000B42EFD12368019303F099FDA36801A97F
:1037E0000343D0B20393FFF7ADFF10F1160FE7D0FC
:1037F000421C01350C34D5E73C920008B881000822
:10380000044B0522C3F89420BFF34F8FBFF36F8F93
:10381000704700BF00ED00E0BFF35F8F024B002256
:10382000C3F89420704700BF00ED00E038B50D4D9F
:1038300001232A780C46FFF7AFFF287016300FD10E
:10384000094A0A490A484FF4B47303F0F1FA0948E7
:10385000214603F0EDFA04484FF4B47103F0DFFAA7
:1038600038BD00BFE20800205F9200083B880008D6
:10387000768600088E92000810B5144A002312784C
:103880000C46FFF789FF10F1160F08D0104A0021EF
:10389000D2F89030C3F30723984210DB10BD0D4AD5
:1038A0000D490E4840F2871303F0C2FA0C48214636
:1038B00003F0BEFA074840F2871103F0B0FAC2F8ED
:1038C0009800C2F8A0100130E2E700BFE208002033
:1038D00000ED00E05F9200083B8800087686000853
:1038E000BA9200082DE9F04F7B4C7C49D4F8903017
:1038F0000D68C3F307239D4285B013D9784A7949EF
:10390000794840F29F1303F093FAD4F89020774857
:103910002946C2F3072203F08BFA40F29F11704848
:1039200003F07DFAFFF778FF49680022954201F124
:103930000C012DD16E4C6F4F25706846FFF774FA5D
:10394000DFF8B481DFF8B49106460025AE4232D1EB
:10395000237861490020D1F89020C2F307229342D6
:10396000C0F2AF80FFF74CFFD1F89030C3F30723CC
:10397000082B00F0AC806249594A5B4840F20F23A3
:1039800003F056FA5F4803F053FA40F20F21C6E7FE
:10399000C4F8982051F80C3C23F01F03134343F064
:1039A0001003C4F89C3051F8043C43F00103C4F800
:1039B000A0300132BAE7009A02EB05132901D3F8CF
:1039C0000CA00AEA0700B0F5000F60D00AD8B0F5E5
:1039D000001F38D0B0F5800F4ED0B0F5801F12D048
:1039E0000135B3E7B0F1807F5CD0B0F1007FF7D153
:1039F0009868D3F804A0525803F089FCCDE901A2DD
:103A000040F480200BE09868D3F804A0525803F0EB
:103A10007EFCCDE901A240F0885040F430200390B4
:103A2000207801A9FFF78EFE002846DA2D492C4A9E
:103A30002D4840F2C91303F0FBF9334803F0F8F9BD
:103A400040F2C9116BE79868D3F804B0525803F0FC
:103A50005EFC1AF0010F40EA0800CDE901B20390C4
:103A6000DED02A491E4A20486D2303F0E1F9284898
:103A700003F0DEF96D2152E79868D3F804A052589C
:103A800003F045FCCDE901A240EA0900C7E79868C8
:103A9000D3F804A0525803F03AFCCDE901A240F05B
:103AA0008270BCE79868D3F804A0525803F02FFC4A
:103AB000CDE901A240F08870B1E72378013323708B
:103AC0008EE7C1F89830C1F8A000013343E7002029
:103AD00005B0BDE8F08F00BF00ED00E07C8200087B
:103AE0005F9200083B88000876860008E79200088D
:103AF000E20800200000F0FF0000081100000207AB
:103B00009A930008EA930008709300081B9300083A
:103B10004193000808B50B4BC3F1005303F5003384
:103B2000B3F5005F0CD20849084A0948892303F01D
:103B30007FF9084803F07CF90448892103F06FF904
:103B4000002008BD401F00204A9400081A94000875
:103B50007686000893940008014B1860704700BFF8
:103B6000140000202DE9F0410F4E104F05460024AF
:103B70004FF001082B7853FA84F01F280DDC72698E
:103B800008FA00F333EA020207D1736157F83030C4
:103B90001BB107EBC002516898476A780134E3B261
:103BA0009A42E7D2BDE8F08100040140940700206A
:103BB000044B184400230133994200F8012BFADC2E
:103BC000704700BF5400002010B4064B064902465F
:103BD0000C6818560123934023430B6010BCFFF779
:103BE000BBBC00BF54000020000401401F2806DCBD
:103BF000034901220B68824023EA02030B607047ED
:103C00000004014003292AD8DFE801F0020E141F46
:103C1000134B01229968824021EA02019960D96818
:103C200021EA0202DA6070470D4B01229968824056
:103C30001143F3E70A4B0122D96882401143D9604E
:103C4000996821EA02029A607047012303FA00F0A2
:103C5000034B9A6802439A60DA681043D860704751
:103C60000004014030B50A4B53F830408C4204D177
:103C700003EBC0056D68954205D034B943F83010A8
:103C800003EBC0035A60002030BD6FF00F00FBE76C
:103C900094070020034B002243F8302003EBC003BD
:103CA0005A6070479407002010B5214B18680B68C4
:103CB000082B144616D00B2B0BD89BB1013B0A2BBB
:103CC00010D8DFE803F017162E163331160F1A2519
:103CD0002500582B0ED008D84C2B0BD0502B09D0D8
:103CE000482B07D06FF0850006E05C2B02D0602BDC
:103CF000F7E700202060002010BD00F0C1F8062387
:103D0000B0FBF3F0552358430723B0FBF3F0F1E782
:103D100000F0B6F80623B0FBF3F0552358434008F3
:103D2000E8E74FF4FA40E5E70248E3E70248E1E755
:103D30004800002000366E01006CDC02F8B54C4FE4
:103D40004C4C00F0BBF8384603F0BAFB00F098FE8C
:103D5000A368494AC3F303131578D35C05F01F0524
:103D600003F01F0320FA03F647FA05F5AE4202D22C
:103D7000284600F0BBFE236823F4802323602368D9
:103D800043F48033236023689A03FCD5D4F894303D
:103D900043F00103C4F89430D4F894309B07FBD56A
:103DA000D4F8983043F00103C4F89830D4F8983030
:103DB0009807FBD5A36803F00C030C2B18D12368DC
:103DC000590506D4236843F48073236023685A0599
:103DD000FCD5A36823F0030343F00103A360A368A9
:103DE00003F00C03042BFAD1A36823F0F003A360C3
:103DF000236823F080732360E36823F0605323F487
:103E0000003343F06053E360E36843F48033E360DE
:103E1000E36823F4C003E360E36843F48013E360E2
:103E200000F032F8236843F08073236023689B011D
:103E3000FCD5A36823F0F003A360A36843F0030359
:103E4000A360A36803F00C030C2BFAD1AE4202D39B
:103E5000284600F04BFE094B1F60A36823F4E06383
:103E6000A360A36823F46053A3600020F8BD00BFE3
:103E700080FE210A001002404298000848000020FD
:103E80000048704700366E010A4AD2F8803023F4A9
:103E90008073C2F8803002F5D032074BD1680B40F6
:103EA00043F4AA4343F05303D360D36843F08073D1
:103EB000D3607047007000400C80FFF9064B9A6D8C
:103EC00042F080529A659B6D82B003F0805301935B
:103ED000019B02B0704700BF0010024008B50748C0
:103EE00003F042FE38B10648FFF736FE0448FDF7FE
:103EF0000DFA002008BD6FF01200FBE72C7E0008D1
:103F0000053F00080A2838B5074D044604D1AB68C0
:103F10000D215B6828469847AB6803485B68E1B2AF
:103F20009847204638BD00BF2C7E000810B50369B5
:103F300061B92049204A21483A2302F079FF2048FC
:103F400002F076FF3A211C4802F069FF486850B938
:103F50001C49194A19483B2302F06AFF1A4802F02B
:103F600067FF3B21EFE79868F8B1884219D1DC6818
:103F700008689860A14200D1D860002008602AB18A
:103F80009A680A60DA68996002B9D960002010E086
:103F9000814206D108682060D8688142EDD1DC609A
:103FA000EBE7044600680028F2D1002AE8D16FF060
:103FB000150010BD8F9500085395000876860008FF
:103FC00098950008A7950008B995000838B50369C9
:103FD00004465860084D284603F0C6FD40B16168AC
:103FE000AB680C311B682846984700EAE07038BD82
:103FF0006FF01200FBE700BF647D000870B5D1E9E7
:10400000016119B101250C68854001B970BD8A684C
:104010002A4010D04B6863B90A490B4A0B485D230C
:1040200002F006FF0A4802F003FF07485D2102F094
:10403000F6FE304698471CB1236821461C46E4E74B
:104040002346FAE7D09500085395000876860008C5
:10405000B995000873B50C461146B1F5001F4568C7
:1040600002691E4628D104F0030304339B000F228B
:104070009A4042EA940202F003030233374951F8AE
:104080002310130C93FAA3F3B3FA83F301EA124259
:1040900003F01F0322FA03F3AA689A4209D12046CB
:1040A000FFF7A4FD2046FFF7F5FD00212046FFF7AE
:1040B000A9FD002002B070BDB1F5800F44D02849A1
:1040C0002046FFF7CFFD002841D1B6F1806F37D0F1
:1040D000B6F1C06F36D0B6F1007F3BD10226214A3F
:1040E000AD6892E803006B4683E803001E488268CF
:1040F000194612689047D8B904F0030304339B00B3
:104100000F21994041EA940101F003039B0003F160
:10411000804303F580330A0C986892FAA2F2B2FA4F
:1041200082F202F01F0220EA114195400D439D608A
:1041300020463146FFF766FD2046FFF745FDB8E70C
:104140000126CCE70326CAE76FF08500B2E76FF0DF
:104150000F00AFE76FF01500ACE700BF00000140B3
:10416000FD3F0008E8810008647D00082DE9F04764
:10417000264F044600EBC1060025B44201D10020C1
:1041800014E02068C30600F01F0811D4656845F0EC
:104190002005C0F3481AC0F344200F2832D857F83E
:1041A0002090B9F1000F1CD16FF01200BDE8F0872C
:1041B000B8F1100F13D0B8F1110F01D16568E8E71D
:1041C000B8F1000FE5D112491248134A4FF4887331
:1041D00002F02EFE10484FF4887102F020FE3025C8
:1041E000D7E7484603F0C0FC0028DDD043462A4606
:1041F0000AF00F01484603F040FA002804F10804D1
:10420000BBDAD3E76FF01500D0E700BF6883000882
:1042100071960008768600083E960008012912D0A3
:10422000022907D089B90068094BC01A18BF0120BC
:10423000000370470068064B984214BF4FF440508B
:104240004FF400507047002070474FF40050704703
:104250000080004043681B6803F1080252E8002F09
:1042600042F0010203F1080040E800210029F3D1E7
:104270000F4A93420FD0A2F5744293420BD002F53D
:104280008062934207D002F58062934203D002F528
:104290008062934203D15A6842F040025A6053E868
:1042A000002F42F4807243E800210029F7D17047C3
:1042B0000038014043681B6803F1080252E8002FF0
:1042C00022F0010203F1080040E800210029F3D1A7
:1042D0000F4A93420FD0A2F5744293420BD002F5DD
:1042E0008062934207D002F58062934203D002F5C8
:1042F0008062934203D15A6822F040025A6053E828
:10430000002F22F4807243E800210029F7D1704782
:104310000038014070B51D46094B002633F81220C5
:104320003346FCF74BF9090241EA10616C080002C0
:1043300020182A46334641F10001FCF73FF970BDD1
:10434000D68500082DE9F04383B00269436806462C
:1043500010681D680C46D9688368DB6800AF43B9F4
:10436000494A4A48012102F018FF0C37BD46BDE812
:10437000F0833A1D98470028F2DB454B9D4268D1F7
:10438000D7F80480DFF80C9100252346AAB24046F6
:104390000021FFF7BFFFA0F54070484518D901354F
:1043A0000C2DF2D16D468AB033686A463A49D46121
:1043B000C2E905134FF400731384384B42F8103FE1
:1043C000324800234FF41151FEF7C8F9AD46CCE74F
:1043D0002F4EF36A23F00F032B43F3628CB92C4B5F
:1043E000DA68B2F5407F25D22D492E4A2E48BB23EC
:1043F00002F01EFD2D4802F01BFDBB21294802F0F2
:104400000EFD2B4B33F81520002319464046FCF7D0
:10441000D5F8090241EA106163080002C01822467B
:104420004FF0000341F10001FCF7C8F8C0F313009E
:10443000F060D4E7DA681F4B9A4296D91E49194AB0
:104440001948BF2302F0F4FC1C4802F0F1FCBF2124
:10445000D4E72B6823F400432B6034B17B6803EB73
:104460005403B3FBF4F39BB2EB60EB680F2B3FF606
:104470007CAF13490B4A0C48D12302F0D9FC1148F8
:1044800002F0D6FCD121B9E79A960008D081000845
:1044900000800040FFFC0F00C896000804000001E7
:1044A0000E970008DF960008768600082797000818
:1044B000D6850008FEFF0F003E9700085B970008B6
:1044C00072970008879700082DE9F84306460A7995
:1044D0004068336904685F68012A0D4658D0931E0E
:1044E000D3F1000848EB03084FEA88286979FFF701
:1044F00095FE95F80690B9F1020F03464BD0B9F13D
:10450000040F4CD0002A54D0033A012A49D94FF461
:104510008050B3F5805F4ED0B3F5405F4DD0002B97
:104520000CBF0123032399423BD1414603F005F917
:10453000814536D1EB79C3B1012B40D1214B9C424F
:1045400013D0A3F574439C420FD003F580639C42C3
:104550000BD003F580639C4207D003F580639C4237
:1045600003D003F540539C421BD1236823F0010381
:1045700023602946304603F05CFA236843F00103C8
:10458000236095E8030087E803000020BDE8F88376
:104590004FF4C068AAE73AB94FF08050B9E7002A53
:1045A000B5D06FF08500F1E7033A012AF9D9002070
:1045B000AFE71046ADE70023B5E70223B3E7032BCF
:1045C000BCD0EEE7003801402DE9F04383B0046928
:1045D000466805466A48206000AF03F0C5FA58B93E
:1045E000684A6948012102F0D8FD6FF012042046A4
:1045F0000C37BD46BDE8F0832068F16883681B680E
:104600009847044600BB306A3A1D002103F04AF87F
:10461000041EECDB7B68002219791868FFF7A6FD01
:10462000041EE4DBD5F804802B69D8F80040D3F8E9
:104630000490236823F001032360D8F8040003F0FA
:1046400093FA48B9514ACCE7514A4F48012102F048
:10465000A4FD002CCBDBD6E7D8E901018368DB6839
:1046600003B1984754E8003F43F00C0344E800329C
:10467000002AF7D14946284603F0DBF998F81430B0
:104680001BB1A36843F00803A36098F815301BB171
:10469000636843F40043636098F816301BB16368A5
:1046A00043F48033636098F817301BB1636843F4B8
:1046B0000033636098F81830002B4AD0354B9C4289
:1046C0002AD0A3F574439C4226D003F580639C4214
:1046D00022D003F580639C421ED003F580639C4288
:1046E0001AD003F540539C4216D06C4688B02B6814
:1046F0006A462949C2E905134FF400739383274B97
:1047000042F8103F204800234FF4E251FEF726F80C
:10471000A5466FF015046AE76B681A68936843F45E
:1047200080439360236898F8192023F0787343EA54
:1047300042532360236898F81A2023F4F81343EABD
:104740000243236098F81B301BB1A36843F4004375
:10475000A36098F81C301BB1236843F0005323601A
:10476000236843F001032360E3699A02FCD5E369FF
:104770005B02FCD5736A28469847002437E700BFE0
:10478000647D00089B970008D0810008DA97000834
:10479000BA97000800380140F597000803000001AF
:1047A00010B54FF0E0230F499C691A6908689B69AE
:1047B0000D4902F4803234B993B903464AB90A6804
:1047C0001044C01A10BD002B08BF03460AB9A3420B
:1047D000F5D90A6802440A604FF0E0221269EEE758
:1047E0000446F3E788080020840800200A4B1022C2
:1047F00083F82320094B44F268221A60084B0020FA
:1048000018604FF0E02344F267225A6198611A69F8
:1048100042F007021A61704700ED00E088080020AE
:104820008408002010B5FFF7BBFF104B1049D3E9F7
:1048300000420868001942F10002C3E900020D4A73
:1048400000230B60D2E9004144F26823001BB0FB57
:10485000F3F043431B1941F10001C2E9003101F0BB
:10486000BBFFBDE81040FEF74FBB00BF980500201E
:1048700084080020900500202DE9F041DFF82C810C
:1048800099B1421C0BD14FF0E022136923F00103D0
:1048900013614FF07F43C8F80030BDE8F081D8F8CD
:1048A0000050012807DC00270BE0431CD8F800501B
:1048B000F7D140F2D93040F2DA339842A8BF184617
:1048C000471EEFF31184102383F31288BFF36F8F19
:1048D000374801F0E1FD68B9364A3749374888233F
:1048E00002F0A6FA3249364802F0A2FA882131488D
:1048F00002F095FA2E48334E01F0F2FDFFF750FF1B
:104900004FF0E0239969D6E90023801843F10003B2
:10491000C6E900032C4B00221A602C4B1A68831A3C
:104920003BD444F2682C0CFB073303F58443673314
:10493000B3FBFCF7131A0CFB073340F226429342F9
:1049400038BF1346224A934228BF13464FF0E02255
:10495000C8F80030013B90695361002393618142A4
:10496000A1EB0003D6E9001238BF5B195B1842F1D6
:1049700000020F48C6E9003201F09CFD80B90D4AE3
:1049800014490E4840F2311302F052FA0849124815
:1049900002F04EFA40F23111A9E740F22643D5E782
:1049A00084F31188BFF36F8F77E700BF880800207A
:1049B0008C0800203D8800086A8800087686000878
:1049C0007F880008980500208408002090050020BA
:1049D0002882FF0095880008AC88000838B5EFF3FE
:1049E0001185102383F31288BFF36F8F1B4801F0EA
:1049F00053FD68B91A4A1B491B48882302F018FA6C
:104A000016491A4802F014FA8821154802F007FAEC
:104A1000124801F065FD164B1C68164B1B68E41A22
:104A2000FFF7BEFE04440D4801F044FD68B90C4A8E
:104A300011490D4840F2311302F0FAF907490F48C5
:104A400002F0F6F940F23111DFE785F31188BFF388
:104A50006F8F44F26820B4FBF0F038BD8C08002062
:104A60003D8800086A880008768600087F8800086C
:104A7000980500209005002095880008AC88000863
:104A8000174B9A6802F00C02042A23D09A6802F0AD
:104A90000C02082A20D09A6802F00C020C2A1DD1C0
:104AA000D968DA68D868DB6801F00301C3F34163B1
:104AB0000329C2F30312C0F3062003F101030CBF64
:104AC000084909495B000132B1FBF2F25043B0FBE7
:104AD000F3F0704704487047024870470020704761
:104AE0000010024000366E010024F400294A1368C9
:104AF000D2F8802012F4807F03F4C063264A00F1CC
:104B0000FF3124D1914242D8B3F5007F2FD1234BFE
:104B1000984234D8224B984233D8224B984234D80A
:104B2000214B984294BF00200120204A136823F0B3
:104B30000F0303431360136803F00F0398421CBF75
:104B4000136803F00F03C01A18BF01207047914289
:104B50001DD8B3F5007F0AD1154B98420FD8154BDD
:104B600098420ED8144B98420FD8144BD9E7B3F59E
:104B7000806F08D1124B984207D8124BD1E704201E
:104B8000D3E70320D1E70020CFE70220CDE70120C3
:104B9000704700BF007000407FFE210A00321B08F2
:104BA0008065140600990D0480CC060200200240A6
:104BB000000E2707804A5D050087930380C3C90163
:104BC00000366E01001BB70008B50A4A0A4B934233
:104BD0000ED90A490A4A0B48182302F029F90A4853
:104BE00002F026F90648182102F019F91433EEE70D
:104BF000FCD308BD547E0008647D00087598000849
:104C000052980008768600084789000810B50446C7
:104C1000FDF73CFC0348044A012102F0BEFA20469D
:104C200002F0ADFFC08100088D9800082DE9F8431F
:104C3000044600AF0D46EFF31188102383F312886A
:104C4000BFF36F8F0428304A98BF304B9668117CB1
:104C500094BF53F820302E4BE9468AB06A462D485F
:104C6000C2E9073140F2013393842B4BC2E90504BA
:104C700042F8103F294800234FF43151FDF76EFDF3
:104C8000CD4645B1EB69C3F3080323B1244A234859
:104C9000012102F082FA2EB1304602F0B0FF08B1D5
:104CA000037803B91F48E9468AB06A461E4BD061B3
:104CB000C2E9053640F2013313841C4B42F8103F21
:104CC000164800234FF41151FDF748FD2946CD4603
:104CD0002046FFF79BFF042C0CD11549154A1648B6
:104CE000862302F0A5F8154802F0A2F811488621A3
:104CF00002F095F888F31188BFF36F8F3046FEF706
:104D0000B3FBBD46BDE8F88390080020A8840008E6
:104D10009C980008B298000805000001C0810008B6
:104D2000DA980008AA980008FB980008040000011F
:104D300035990008139900087686000852990008F2
:104D400038B5094B53F82040013053F82050A542A4
:104D500000D838BD636823B1204602F018FF08343C
:104D6000F5E723689847FAE7BC84000870B5394B2B
:104D7000394C3A4D012286B003201A70FFF7E0FF4C
:104D800002F0A3FF02F01FFF0420FFF7D9FFAC429F
:104D9000264628D93249334A3348432302F048F89B
:104DA000324802F045F843212E4802F038F854F812
:104DB0000C3C059354F8103C049354F8143C0393B2
:104DC00054F8183C029354F81C3C019354F8203CCE
:104DD000009354E90A2354E90C0100F011FA54F845
:104DE000303C5E65D3E7AE4204F13004DFD300F01F
:104DF00099FF194C1E4EAC421FD91949194A1A483D
:104E0000672302F015F8194802F012F86721CBE782
:104E1000D4E90A23B3F1FF3F08BFB2F1FF3F05D049
:104E200052EA0301206803D102F0EBFE3034E2E7DE
:104E30003146183001F0BCFBF8E7E9D300F0E0FFA1
:104E4000FBF7C0FD0B4A137B23F00103137306B07D
:104E500070BD00BFE3080020848100088481000841
:104E6000F2990008D1990008768600084789000861
:104E7000677C00082006002008B50348034A00218B
:104E8000121A02F09CFE08BDD0000020E8080020A5
:104E900070B5002386B00122CDE90423134E144DD2
:104EA00001930F22CDE902321249142303FB00556E
:104EB00006EBC01604464FF4C07000FB04110E4B05
:104EC00000954FF4A072304600F09AF9737B0B4ABC
:104ED000EE6023F0040373734FF4046304FB0333A5
:104EE00013442C746B6006B070BD00BFA005002099
:104EF0009008002080190020155000084011002063
:104F0000BFB50020FFF71CFF2C4B83F308882C4D06
:104F10002C4E6B692C4F43F400736B610024F0231B
:104F200085F82230EC772C766C76AC7685F82040CC
:104F30006B6A43F4E0236B62FEF76EFAFEF7C2FB86
:104F40004FF0FF33AB62EB62FEF7CCFCFEF7DEFB0B
:104F5000FDF7F6F91D4BB36040F201129A81C3E9E7
:104F600019441C67FFF730FE0120FFF7E9FE02201D
:104F7000174DFFF7E5FE00F0BFFF164B7561059377
:104F8000012315490094CDE903434FF480623B4669
:104F9000CDE90144284600F033F96A7B064622F049
:104FA000040228466A7300F0B5FB2046FFF770FF45
:104FB0003A4631462846FEF767FB00BF80190020BD
:104FC00000ED00E0900800206D4D0008A0060020D4
:104FD000200600201F9A0008001B002038B5054C51
:104FE000256804EB850405B938BD54F80439013D42
:104FF0009847F8E78481000838B5044C044DAC426A
:1050000000D338BD54F8043B9847F8E79081000876
:105010009081000808B50D4B9B6893F90E30002B6A
:1050200009DB1024EFF3118384F31288BFF36F8F31
:1050300002F060F9F6E706490648074A1B2301F02B
:10504000F7FE05481B2101F0EAFE00BF9008002092
:10505000489A000876860008279A000838B5044662
:10506000EFF31185102383F31288BFF36F8F20486D
:1050700001F012FA68B91F4A1F492048882301F03D
:10508000D7FE1B491E4801F0D3FE8821194801F0C4
:10509000C6FE174801F024FA204600F045FD48B14D
:1050A0000022826700F036FB29461148BDE83840EF
:1050B00000F08CBDD4E902329A4218BF01330C488B
:1050C000A36001F0F7F968B90A4A0E490B4840F2AB
:1050D000311301F0ADFE06490B4801F0A9FE40F284
:1050E0003111D3E785F31188BFF36F8F38BD00BF4F
:1050F000B00800203D8800086A880008768600080D
:105100007F88000895880008AC880008F7B5044639
:1051100016461D46EFF305837BB152EA05030CD01A
:105120002D492E4A2E48882301F082FE2D4801F099
:105130007FFE2A48882101F072FEEFF311871023C9
:1051400083F31288BFF36F8F274801F0A5F960B988
:10515000264A27492248882301F06AFE2249254829
:1051600001F066FE88212148E5E71F4801F0B8F903
:10517000A368D3B1013B1C48A36001F09BF968B957
:105180001A4A1D49164840F2311301F051FE1649E2
:105190001A4801F04DFE40F23111E4E787F311881F
:1051A000BFF36F8F002003B0F0BD56EA05030BD1AB
:1051B0000D4801F07FF90028E2D087F31188BFF392
:1051C0006F8F6FF00F00EEE7CDE90065224639469C
:1051D000054800F0D5FBE6E7909A0008709A0008B1
:1051E00076860008DE9A0008B00800203D88000896
:1051F0006A8800087F88000895880008AC88000845
:10520000F0B585B004460D9D0F2D3AD12848834254
:105210003BD1073222F007027F320E9E267304F143
:10522000580022F03F02C4E91600042600203F2A5D
:10523000C4E90600A0606673A573E07301F1400C39
:10524000A2F1400705D880F31188BFF36F8F304675
:1052500002DF8D1800260C9AE666C4E919C702928F
:105260000B9A01920A9A009220462A46FEF7DAF932
:10527000104B66659B6803B11B6F2367284605B01A
:10528000F0BD05F110001E28C3D90B4A0B490C488C
:1052900040F20D2301F0CCFD0A4829466FF00F03C0
:1052A0000E2201F0C5FD044840F20D2101F0B7FDCA
:1052B0001550000890080020E19A0008049B00089F
:1052C00076860008849B0008F0B587B0DDE9127689
:1052D0000446EFF3058575B119491A4A1A4840F298
:1052E000972301F0A5FD194801F0A2FD154840F2F1
:1052F000972101F094FD0595109D04950F9D039550
:105300000E9D02950D9D01950C9D0095FFF778FF70
:10531000B6F1FF3F08BFB7F1FF3F05D056EA0703DC
:1053200005D1204600F098FC204607B0F0BD0849A2
:105330003A46334604F1180001F03AF9F4E700BFA9
:10534000B59B0008E19A000876860008C79B000814
:10535000677C000838B5144D2B4653F8184F9C4213
:1053600000D004B9EC68AB68A8B963B90F49104A1A
:105370001048C82301F05CFD0F4801F059FD0C48AE
:10538000C82101F04CFD5A7BD20604D1A26912B9A2
:10539000DA897F2A05D89C4202D0204600F0F0FF2F
:1053A00023466B6138BD00BF90080020189C0008A0
:1053B000EC9B000876860008DE9A000808B590F994
:1053C0000D20437B002A014611DA03F07F0343736B
:1053D0000B4B984209D10B490B480C4A802301F032
:1053E00027FD0A48802101F01AFD02F00CFC084B51
:1053F0009868431A58425841BDE80840FFF7AABFD1
:10540000A0050020619C0008768600083F9C0008EB
:105410009008002008B583685BB90A490A480B4A1E
:1054200040F2362301F004FD084840F2362101F035
:10543000F6FC02F0E8FB437B23F0020343730023F6
:10544000836008BD829C0008768600083F9C0008A7
:1054500070B590F90D30427B002B38DBD30636D186
:105460008369002B33D162F07F024273184A904265
:1054700009D118491848194A792301F0D9FC17486D
:10548000792101F0CCFC16490A4652F8184F944293
:1054900018BF2346CC6923B9C0E900242060C86145
:1054A0000CE090F90E5093F90E60B5420BD0AE426D
:1054B00009DD5A68C0E9003210605860BDE87040EC
:1054C0000020FFF747BFA342E6D01B68E3E770BDAB
:1054D000A0050020619C0008768600083F9C00081B
:1054E000900800202DE9F843171E427B0E4614BF9A
:1054F00008211021114204460FD141EA0203D209CA
:1055000028D14373082937D00120FFF723FFBFF3C9
:105510005F8F637B23F060036373464B9B68A342FA
:1055200070D1EFF30583002B6CD1434800F0C2FF2C
:10553000002856D1414A4249424840F26B1301F0DB
:1055400077FC3D49404801F073FC40F26B113B4849
:1055500001F065FC03F07F0343733C4B984208D194
:105560003B493C4A3748802301F062FC802139489E
:10557000EEE702F048FBC5E7A36813B12046FFF74A
:1055800049FF04F1180001F0D9F8A56D04F158089D
:10559000A84511D04FF0000975B12846FFF73AFF32
:1055A00005F1180001F0CAF8C5F878902846FFF711
:1055B0004FFFA56DA845EFD11E4DAB689C42A3D10E
:1055C000EFF30583002B9FD00120FFF7C3FE224B92
:1055D000AB6040F201129A810022C3E919221A67D6
:1055E00095E73046FDF756FF17B31C49194A154891
:1055F00040F2ED1301F01CFC194801F019FC40F2D7
:10560000ED11B4E70C4800F055FF68B90B4A0C499E
:105610000C4840F2311301F00BFC07490A4801F035
:1056200007FC40F2311192E786F31188BFF36F8FC8
:10563000BDE8F88390080020B40800203D880008E9
:105640009588000876860008AC880008A005002030
:10565000619C00083F9C0008A0060020999C00085F
:10566000A49C000870B590F90D20437B244C002ABF
:10567000014610DA03F07F03A042437309D12149A8
:10568000214A2248802301F0D3FB80211E4801F0EB
:10569000C6FB02F0B8FA4B7BA14263F07F034B7369
:1056A00007D11849184A1948792301F0C1FB79211B
:1056B000ECE7174A1046D46950F8183F834208BFF8
:1056C000002323B9C1E900042160D1610CE091F904
:1056D0000E5093F90E60B5420ED0AE420CDD586804
:1056E000C1E90030016059609068431A5842BDE832
:1056F00070405841FFF72EBE9C42E3D01B68E0E7A4
:10570000A0050020619C00083F9C000876860008E8
:105710009008002038B50446EFF31185102383F379
:105720001288BFF36F8F174800F0B6FE68B9164AAB
:1057300016491748882301F07BFB1249154801F0F0
:1057400077FB8821104801F06AFB0E4800F0C8FE84
:105750002046FFF77DFE0B4800F0ACFE68B90A4A10
:105760000D490B4840F2311301F062FB05490B482B
:1057700001F05EFB40F23111E4E785F31188BFF3DD
:105780006F8F38BDB40800203D8800086A88000883
:10579000768600087F88000895880008AC88000895
:1057A00038B50446183000F0C9FFEFF31185102317
:1057B00083F31288BFF36F8F1A4800F06DFE68B94B
:1057C000194A1A491A48882301F032FB1549194829
:1057D00001F02EFB8821144801F021FB114800F054
:1057E0007FFE627B12F0100216D00E4800F062FEBF
:1057F00068B90D4A10490E4840F2311301F018FB08
:1058000008490E4801F014FB40F23111E3E785F33B
:105810001188BFF36F8F38BD29462046BDE8384058
:10582000FFF760BEB40800203D8800086A880008C1
:10583000768600087F88000895880008AC880008F4
:1058400038B50446EFF31185102383F31288BFF3B4
:105850006F8F184800F020FE68B9174A174918489A
:10586000882301F0E5FA1349164801F0E1FA88218E
:10587000114801F0D4FA0F4800F032FEA36813B1CA
:105880002046FFF7C7FD0B4800F014FE68B90A4A2E
:105890000D490B4840F2311301F0CAFA05490B4893
:1058A00001F0C6FA40F23111E2E785F31188BFF347
:1058B0006F8F38BDB40800203D8800086A88000852
:1058C000768600087F88000895880008AC88000864
:1058D00070B504460D46EFF31186102383F312884A
:1058E000BFF36F8F1F4800F0D7FD68B91E4A1F49EC
:1058F0001F48882301F09CFA1A491E4801F098FAC3
:105900008821194801F08BFA164800F0E9FD637B05
:1059100013F0280F0CD1A36813B12046FFF77AFDCE
:10592000637BBDB903F0FB0363732046FFF790FD73
:105930000C4800F0BFFD80B90B4A0F490C4840F2FB
:10594000311301F075FA07490C4801F071FA40F281
:105950003111D6E703F0EB03E6E786F31188BFF3D6
:105960006F8F70BDB40800203D8800086A88000869
:10597000768600087F88000895880008AC880008B3
:105980002DE9F047DFF8D4A0354D364B1746A84235
:10599000DAF808201A60DDE9089804460E460BD1B3
:1059A00031493248324A40F2AB2301F041FA3048E3
:1059B00040F2AB2101F033FAEFF31183102383F3AC
:1059C0001288BFF36F8F284600F066FD60B9294A40
:1059D00029492648882301F02BFA2946274801F057
:1059E00027FA88212348E5E7284600F079FDDAF810
:1059F00008503946284602F00EF9B8F1FF3F08BFBB
:105A0000B9F1FF3F06D01E494A46434605F118004A
:105A100000F0CEFD204600F04DFD68B91949154A49
:105A2000124840F26B1301F003FA2146164801F0C8
:105A3000FFF940F26B11D5E7094800F03BFD40B992
:105A400010490C4A094840F26B1301F0F1F904497E
:105A5000ECE73046BDE8F047FDF71CBD900800209C
:105A6000B4080020B8080020C69C0008768600080C
:105A70003F9C00083D8800086A8800087F8800086D
:105A8000677C000895880008AC88000870B505465A
:105A9000EFF31186102383F31288BFF36F8F1B4837
:105AA00000F0FAFC68B91A4A1A491B48882301F029
:105AB000BFF91649194801F0BBF98821144801F0D3
:105AC000AEF9124800F00CFD2C68A54215D014B1B7
:105AD0002046FFF79FFC0D4800F0ECFC78B90C4A1B
:105AE0000F490D4840F2311301F0A2F907490D4862
:105AF00001F09EF940F23111E0E70024EBE786F374
:105B00001188BFF36F8F204670BD00BFB40800201E
:105B10003D8800086A880008768600087F880008AB
:105B200095880008AC88000870B50546EFF311862B
:105B3000102383F31288BFF36F8F1D4800F0ACFC75
:105B400068B91C4A1C491D48882301F071F918499D
:105B50001B4801F06DF98821164801F060F91448DE
:105B600000F0BEFC2C68A54219D034B12046FFF7E6
:105B700051FC04F1180000F0E1FD0D4800F09AFC22
:105B800078B90C4A0F490D4840F2311301F050F931
:105B900007490D4801F04CF940F23111DCE70024CF
:105BA000EBE786F31188BFF36F8F204670BD00BF0F
:105BB000B40800203D8800086A880008768600083E
:105BC0007F88000895880008AC88000870B50446F6
:105BD0000D46F9B9EFF30586E6B91A4B5A699B6889
:105BE0009A4217D000F066FC78B9174A174918484E
:105BF00040F26B1301F01CF92146164801F018F928
:105C000040F26B11104801F00AF93046BDE87040CF
:105C1000FDF740BC204600F04DFC68B90A4A0B492C
:105C20000B4840F2311301F003F92146094801F015
:105C3000FFF840F23111E5E785F31188BFF36F8F6C
:105C400070BD00BF900800203D88000895880008BE
:105C500076860008AC88000838B50446EFF3118555
:105C6000102383F31288BFF36F8F1D4800F014FCDC
:105C700068B91C4A1C491D48882301F0D9F8184905
:105C80001B4801F0D5F88821164801F0C8F81448DF
:105C900000F026FC637B5A0716D4114800F00AFC7A
:105CA00068B9104A1349114840F2311301F0C0F8A5
:105CB0000B49114801F0BCF840F23111E4E785F3DB
:105CC0001188BFF36F8F38BD23F004032046637340
:105CD000FFF7BEFB29460248BDE83840FFF776BF14
:105CE000B40800203D8800086A880008768600080D
:105CF0007F88000895880008AC880008034648B9EA
:105D0000EFF3058232B9064A51699268914201D097
:105D1000FDF7C0BB83F31188BFF36F8F704700BFDF
:105D20009008002010B5EFF31184102383F312883C
:105D3000BFF36F8F264800F0AFFB60B9254A2649B4
:105D40002648882301F074F82149254801F070F8AD
:105D50008821204810E01E4800F0C2FBEFF30583C5
:105D600063B12049204A1D488B2301F061F81F4888
:105D700001F05EF88B211C4801F051F81C4B9A6829
:105D8000D37B012B0AD11B49174A14488C2301F0FD
:105D90004FF8164801F04CF88C21ECE7013BD37327
:105DA0000B4800F087FB68B90A4A13490B4840F2D8
:105DB000311301F03DF80649104801F039F840F27E
:105DC0003111C6E784F31188BFF36F8F10BD00BF98
:105DD000B40800203D8800086A880008768600081C
:105DE0007F880008B59B0008FF9C0008DE9A000829
:105DF000900800202A9D000895880008AC880008BB
:105E000038B5EFF31185102484F31288BFF36F8F38
:105E10002D4800F041FB60B92C4A2D492D488823BC
:105E200001F006F828492C4801F002F8882127489B
:105E300013E0254800F054FB284B9A68D37B73B9D4
:105E40002749284A23484FF4537300F0F1FF2648AE
:105E500000F0EEFF4FF45371224800F0E0FFEFF343
:105E6000058060B121491F4A1A4840F24D3300F0C5
:105E7000DFFF1D4800F0DCFF40F24D31ECE701335D
:105E8000D373FFF767FA104800F014FB68B90F4AA4
:105E90001749104840F2311300F0CAFF0A4915486B
:105EA00000F0C6FF40F23111C1E785F31188BFF35E
:105EB0006F8FEFF3118084F31288BFF36F8FBDE80B
:105EC0003840FFF71BBF00BFB40800203D88000822
:105ED0006A880008768600087F88000890080020FD
:105EE0005B9D00083F9C0008DE9A0008B59B0008F7
:105EF00095880008AC880008024B03F11802C3E93A
:105F00000622704790080020F8B5EFF305836BB1C7
:105F10004149424A424840F25D4300F089FF41480E
:105F200000F086FF40F25D413C4816E0EFF311853A
:105F3000102383F31288BFF36F8F3B4800F0ACFA55
:105F400068B93A4A3A493648882300F071FF364921
:105F5000384800F06DFF8821344800F060FF324877
:105F6000354C00F0BDFA35498868437BA04203F008
:105F70007F03437307D13249284A2948802300F020
:105F800057FF8021D0E701F03EFE8B685A7BA34289
:105F900062F07F025A7307D12949204A20487923A9
:105FA00000F046FF7921BFE70846CC6950F8182F6A
:105FB000824208BF002222B9C3E900042360CB61FA
:105FC0000CE093F90E6092F90E70BE421BD0B742FE
:105FD00019DD5168C3E900210B6053600120FFF710
:105FE000B9F9114800F066FA88B9104A15490C4809
:105FF00040F26B1300F01CFF0B49134800F018FF30
:1060000040F26B11A8E7A242D6D01268D3E7284627
:10601000BDE8F840FDF73EBAB59B00083F9C00087C
:1060200076860008DE9A0008B40800203D88000843
:106030006A8800087F880008A005002090080020DA
:10604000619C000895880008AC8800082DE9F041A3
:1060500005460E46EFF305836BB13F493F4A404882
:106060004FF48F6300F0E4FE3E4800F0E1FE4FF491
:106070008F613A4824E050EA010303D1FFF744FF5F
:10608000002067E0821C71F1FF331BDB01F0EFFDA4
:106090002C18EFF31188102383F31288BFF36F8F4E
:1060A000314800F0F9F988B9304A31492C48882341
:1060B00000F0BEFE2C492F4800F0BAFE88212B4884
:1060C00000F0ADFE6FF00104241AE2E72A4F2648E3
:1060D00000F006FA294BB8681860FFF76FF9B86846
:1060E00027492A463346183000F062FABA681E483B
:1060F000537B43F01003537300F0DCF968B91B4A7B
:106100002049174840F26B1300F092FE16491E48D2
:1061100000F08EFE40F26B11D1E74046FDF7BAF970
:10612000BB685B7BDB060CD518490C4A0C4840F277
:10613000944300F07DFE0B4800F07AFE40F294415B
:1061400097E701F094FD201A63EB0303012873F134
:10615000000395DBBDE8F081B59B00083F9C00087B
:1061600076860008DE9A0008B40800203D88000802
:106170006A8800087F88000890080020B80800207E
:10618000677C000895880008AC8800088C9D000892
:1061900008B5EFF3058373B11449154A154840F269
:1061A000A24300F045FE144800F042FE104840F2C1
:1061B000A24100F034FEB1F1FF3F08BFB0F1FF3F54
:1061C00006D10E4B9868FFF7EBFA4FF0FF3008BD91
:1061D000FFF73CFFC11709304FF00A024FF00003F0
:1061E00041F10001FAF7EAF9F1E700BFB59B0008B9
:1061F0003F9C000876860008DE9A00089008002080
:10620000014B9868704700BF9008002038B50446DD
:10621000EFF31185102383F31288BFF36F8F2848A3
:1062200000F03AF968B9274A27492848882300F03E
:10623000FFFD2349264800F0FBFD8821214800F09E
:10624000EEFD1F4800F04CF9237BDA0724D51C48EB
:1062500000F030F968B91B4A1E491C4840F231135E
:1062600000F0E6FD16491C4800F0E2FD40F2311155
:10627000E4E785F31188BFF36F8F184A1849134874
:1062800040F2975300F0D4FD1648214600F0D0FDAF
:10629000124840F29751D2E7637B1B0709D50848A3
:1062A00000F008F90028D6D085F31188BFF36F8F6E
:1062B00038BD294620460122BDE83840FFF712B913
:1062C000B40800203D8800086A8800087686000827
:1062D0007F88000895880008AC8800083F9C00086B
:1062E0003B880008CC9D000808B568B10F4B984268
:1062F0000AD303F11802904206D2C01A1822B0FB4A
:10630000F2F302FB13034BB109490A480A4A382346
:1063100000F08EFD0848382100F081FD074BC010C9
:106320005843074B01221A5408BD00BF2007002024
:10633000139E000876860008EB9D0008ABAAAAAA67
:10634000E4080020C3897F2B12D80A4B1B6863B175
:10635000094B90F90E201B689A4209DB437BDB0650
:1063600006D1064BC31A18BF012303F00100704782
:106370000023FAE7C0080020BC080020A005002088
:1063800070B50E4B0E4C1E7C06EB460304EBC304AB
:106390000546204600F0D2F90A4B002228469A55BD
:1063A000FFF7D0FF48B1084B08491A68013A204668
:1063B000D317BDE8704000F0FBB870BD9008002016
:1063C00020070020E4080020C0080020E96200083F
:1063D00038B5EFF31185102383F31288BFF36F8F65
:1063E000234800F059F868B9224A234923488823F2
:1063F00000F01EFD1E49224800F01AFD88211D48AC
:1064000000F00DFD1A4800F06BF81E4B1E4A9C6808
:106410001068A04213D1FFF7B3FF154800F04AF807
:1064200008BB144A1949154840F2311300F000FD29
:106430000F49174800F0FCFC40F23111DFE7002162
:106440001B7C1160134AD35C002BE6D02046FFF77B
:1064500079FF0028E1D0637BDB0602D12046FFF7FD
:1064600001F92046D7E785F31188BFF36F8F38BD58
:10647000B40800203D8800086A8800087686000875
:106480007F88000890080020B80800209588000840
:10649000AC880008E4080020006838B1044B1B7C7D
:1064A00000F00300C01A18BF012070470120704798
:1064B00090080020002302680360EFF30581074B7A
:1064C00019B19968497BC90706D4197C98680843B3
:1064D000831A5842584170470120704790080020A5
:1064E000024B1A7C9B68134303607047900800209E
:1064F00008B50648064A0749121A01F062FBBDE8D2
:106500000840054A0549064801F05BBB0000002031
:10651000CC00002008A000080000000008A000082F
:1065200000000020034B1B680BB9FEF757BA002090
:10653000704700BFC408002030B570B10B4B5B68DA
:1065400098420AD0036843B1D3E90421D0E9044555
:10655000121941EB0501C3E90421D0E900321360AF
:106560005A600023C0E9003330BD00BF4C0000205A
:1065700010B50E4B1C689C4204D1FFF7D3FF6FF09F
:10658000004010BDFFF7CEFF002CF8D0D4E9043254
:106590001B1A62EBE072B3F1004F72F10001EEDA08
:1065A000002AACBF18460020EBE700BF4C000020DB
:1065B000B3F1FF3F08BFB2F1FF3F2DE9F0470446BA
:1065C00092461D4600F09D80066866B14E494F4ACE
:1065D0004F486E2300F02CFC4E4800F029FC4B483D
:1065E0006E2100F01CFC8160EFF31187102383F310
:1065F0001288BFF36F8F4848FFF74EFF60B9474AD4
:1066000047494348882300F013FC4349454800F0BC
:106610000FFC88214148E4E73F48FFF761FFBAF1EA
:10662000FF3F75F1FF3323DA3F49D1E900206FF0D6
:1066300001039B1A4FF0FF3262EB0000B3EB0A0339
:1066400060EB0500012B70F1000201DA01233046F6
:10665000C4E90430354B1A68D3F804C09A4218BF15
:10666000164686B9C4E9003CCCF800405C601CE0EA
:10667000FFF758FF1AF1010845F1000518EB000378
:1066800045EBE070E4E7D6E90415D4E904208A423A
:1066900070EB050E28DA891A726865EB0005C6E909
:1066A0000415C4E90062146074601A689A4209D043
:1066B000944207D11E4B1C6824B9FFF759FF2146AD
:1066C000FEF7DAF81448FFF7F5FEB0B9134A194996
:1066D0000F4840F2311300F0ABFB0F49164800F0B1
:1066E000A7FB40F2311195E7521A60EB05006645B1
:1066F000C4E90420B6D03668B3E787F31188BFF346
:106700006F8FBDE8F08700BFE89F0008C49F0008B6
:1067100076860008DE9A0008C80800203D88000838
:106720006A8800087F880008380700204C00002095
:10673000C408002095880008AC88000838B50446D5
:10674000EFF31185102383F31288BFF36F8F1B487B
:10675000FFF7A2FE68B91A4A1A491B48882300F0BD
:1067600067FB1649194800F063FB8821144800F0C4
:1067700056FB1248FFF7B4FE2368ABB12046FFF783
:10678000DBFE00240D48FFF795FE80B90C4A104946
:106790000D4840F2311300F04BFB08490D4800F062
:1067A00047FB40F23111E1E76FF01504EAE785F3AA
:1067B0001188BFF36F8F204638BD00BFC808002086
:1067C0003D8800086A880008768600087F880008EF
:1067D00095880008AC8800082DE9F84F0446EFF3CF
:1067E0001188102383F31288BFF36F8F4748FFF798
:1067F00053FE68B9464A47494748882300F018FBCA
:106800004249464800F014FB8821414800F007FB4C
:10681000DFF80C91DFF80CB13C48DFF80CA1FFF772
:106820005FFECBF80040D9F8004000264C4508BF79
:1068300000240027DAE90021DBF80030002C4AD0E0
:10684000D4E904504FEAE37CAB427CEB000E05DA5E
:10685000ED1A60EB0C00C4E904503CE0AA1841EBCF
:10686000E5712046C4E90467CAE90021FFF764FE28
:106870002648FFF71FFE68B9254A2C49264840F2F2
:10688000311300F0D5FA2149294800F0D1FA40F23D
:106890003111BAE788F31188BFF36F8FA3682046E0
:1068A0009847EFF31188102383F31288BFF36F8F9B
:1068B0001648FFF7F1FD00289CD01448FFF710FEA2
:1068C000DBF80030D9F800405B1B4C45CBF80030BA
:1068D000B0D1DAE900219A1841EBE3710024CAE94A
:1068E0000021CBF80040FFF743FE2146FDF7C4FF2F
:1068F0000648FFF7DFFD0028BED088F31188BFF3FC
:106900006F8FBDE8F84FFFF763BD00BFC8080020D8
:106910003D8800086A880008768600087F8800089D
:106920004C000020C408002038070020958800088B
:10693000AC88000870B5EFF31186102383F312883A
:10694000BFF36F8F1A48FFF7A7FD68B9194A1A49B4
:106950001A48882300F06CFA1549194800F068FAC3
:106960008821144800F05BFA1148FFF7B9FDFFF7E2
:10697000D9FD144AD2E90045041945EBE0750C48ED
:10698000FFF798FD68B90B4A0F490C4840F23113E4
:1069900000F04EFA06490D4800F04AFA40F2311173
:1069A000DFE786F31188BFF36F8F2046294670BD5D
:1069B000C80800203D8800086A880008768600081C
:1069C0007F8800083807002095880008AC880008F8
:1069D000F8B50446EFF31187102383F31288BFF351
:1069E0006F8F4F48FFF758FD68B94E4A4E494F48E0
:1069F000882300F01DFA4A494D4800F019FA882111
:106A0000484800F00CFA4648FFF76AFD226892B148
:106A10004348FFF74FFD00287CD1424A454943488F
:106A200040F2311300F004FA3D49434800F000FA07
:106A300040F23111E4E7D4E90A36581C46F100016E
:106A4000022871F1000127D3012B76F10001BCBFB0
:106A5000012316465D1E46F1FF3601F00CF90130A8
:106A600041F10001401946EB0101012871F10001DB
:106A70004BDB01F000F9013041F100016FF0010240
:106A8000401946EB0103121A4FF0FF3161EB03038B
:106A90002A492046FFF78CFD236B01332363236AC9
:106AA000D3B11F48FFF706FD0028B6D087F3118841
:106AB000BFF36F8F236A20469847EFF311871023A7
:106AC00083F31288BFF36F8F1548FFF7E5FC0028AA
:106AD0008BD01348FFF704FD54F8185FA54297D0F8
:106AE000002D95D02846FEF7ABFE00230C48AB677F
:106AF000FFF7E0FC002890D087F31188BFF36F8F79
:106B00002846BDE8F840FEF705BE6FF001024FF0E1
:106B1000FF33BDE787F31188BFF36F8FF8BD00BF68
:106B2000CC0800203D8800086A88000876860008A6
:106B30007F88000895880008AC880008D1690008A3
:106B40002DE9F843064614461D4691469846EFF354
:106B50001187102383F31288BFF36F8F2848FFF744
:106B60009BFC68B9274A28492848882300F060F927
:106B70002349274800F05CF98821224800F04FF9AA
:106B80001F48FFF7ADFCB5F1FF3F08BFB4F1FF3F71
:106B900011D11B48FFF78EFC60BB1A4A1D491B48E8
:106BA00040F2311300F044F915491B4800F040F958
:106BB00040F23111E1E7631C75F1FF330ADB012C70
:106BC00075F100032246BCBF0122002512F1FF39F6
:106BD00045F1FF383046FFF7B1FDDDE90823C6E98E
:106BE0000A23002333630D494A4643463046FFF7E4
:106BF000DFFCCEE787F31188BFF36F8FBDE8F88322
:106C0000CC0800203D8800086A88000876860008C5
:106C10007F88000895880008AC880008D1690008C2
:106C2000830730B547D0541E002A3ED0CAB203466F
:106C300001E0013C39D303F8012B9D07F9D1032C66
:106C40002CD9CDB205EB05250F2C05EB054535D923
:106C5000A4F1100222F00F0C03F1100EE6444FEAEB
:106C6000121C1A46156055609560D5601032724549
:106C7000F8D10CF1010214F00C0F03EB021204F036
:106C80000F0C13D0ACF1040323F0030304331344BB
:106C900042F8045B9A42FBD10CF003042CB1C9B258
:106CA0001C4403F8011B9C42FBD130BD64461346D3
:106CB000002CF4D1F9E703461446C0E71A46A4466F
:106CC000E0E700BF71B1034600EB010C01E0634552
:106CD00006D01A46013311780029F8D1101A7047EE
:106CE000181A70470846704770472DE9F047064666
:106CF0000D46174698462BB398F8004093F801903C
:106D0000DB78A40004EB430498F802301C444444AC
:106D10004FF0000ACA4509D3D8F8042008F1080347
:106D200039463046AC46BDE8F047604714F8013BB1
:106D300048F823402046F9F763FA013004440AF189
:106D4000010AE7E76FF01500BDE8F08770B5002590
:106D500002462846144614F8013B0BB9184609E0D0
:106D600098B18D4207D1702B04D0A3F140023A2A8A
:106D70000BD8002070BDA3F140063A2E05D85378F9
:106D80000135941C002BE9D00020252B08BF80F092
:106D900001002246DEE70020704730B50C688B68A2
:106DA00014B14A689A4202DC01338B6030BD013A6B
:106DB0009A4214BF05460025E5548B68F4E700F0BD
:106DC00073B90CB407B504AB53F8042B0193FAF76D
:106DD000A3FA03B05DF804EB02B07047044608B5AF
:106DE000084611461A46A047FFF70AFAFCF73CFB93
:106DF0002DE9F0410746884615461E461446B44222
:106E000005D30EB1601B08E02378002BFAD014F8EC
:106E1000010B4146B8470028F1DABDE8F0810023B4
:106E200083F31188BFF36F8F0423184602DF704786
:106E30000FB407B504A951F8040B0191FFF7BFFF88
:106E400003B05DF804EB04B0704710B50369024667
:106E500013F0080009D11368D4689C4297BF526AA6
:106E6000E31AD31A01200B6010BD00231846FAE77D
:106E700013B501A90446FFF7E8FF20B1019BE268C2
:106E8000013B13440193606A019BC01A013802B0B0
:106E900010BD10B5044650182269636AD20702D5A6
:106EA000013B184010BD984228BFC01AFAE710B540
:106EB00004460A46C168FFF7ECFF2369E06023F04F
:106EC0000803236110BD38B50D46026A8B000168C6
:106ED00043F0020342F82130044601682A46FFF7D6
:106EE000D8FFE36861682060984202BF236943F0DD
:106EF000080323612A462046FFF7CBFF606038BDB8
:106F00002DE9F74FC768066A9B4616F8273003F04D
:106F10000303022B04468846914606EB870A4FF08E
:106F2000000309D01360CBF800302369990710D40F
:106F3000002003B0BDE8F08F56F8271013608908D1
:106F4000CBF80030F1D0FFF7B2FFE368A360012077
:106F5000EFE7E3695046984716F82730DA07054609
:106F6000E6D513F002031DD0B8F1000F03D041465F
:106F70002046FFF7A8FF61682A462046FFF789FFF1
:106F8000D4E902319942606004D12A462046FFF7D5
:106F900080FFA060A3682360E360236943F00803D7
:106FA0002361D4E7014620460193FFF780FFE268A2
:106FB000A260B8F1000F04D02168226A019B42F858
:106FC000213005EB0802CBF8002021682046FFF7AE
:106FD00060FF2369206043F00803236116F827301F
:106FE0006FF3000306F82730C9F800A0AFE770B5CB
:106FF00004461546FFF74DFF2368834205D12369F8
:10700000216023F00803236170BD226AAB0043F0C6
:10701000020342F82130204661682A46FFF739FF13
:107020006060F1E738B503695B07044606D5856AF9
:10703000FFF71EFF85422CBFA562A06238BD026922
:107040008368120702D442689A4200D2426AD31A75
:10705000181E18BF01207047704703785B075FBF99
:1070600003684288C3F34A2303EB12105DBF173055
:1070700020F007008008002070470020704703467A
:10708000BFF35B8F53E8000F421C43E80021002947
:10709000F8D1BFF35B8F704708B500F0ECFD0A2212
:1070A0000023F9F78BFA08BD1FB50023CDE90201D3
:1070B000CDE900331A4619461846FBF7E5FB05B043
:1070C0005DF804FB0120FBF7D3B80020704770B5D2
:1070D000D2E901369B1B8B420C4615460AD3136836
:1070E0000A4601469819F9F783FAAB682344AB6066
:1070F000204670BD6FF01B00FBE770B50E461546CD
:107100001946044618B9BDE87040FBF7B1B833B171
:10711000C2F34A231030120D1844F9F769FAC4E992
:1071200000562046BDE87040FBF7D2BA2DE9F34186
:107130005F1C4FEA8708064608F1170020F0070099
:1071400080080C461546FBF715F90023ADF805300D
:107150008DF807308DF8047068B10346019A43F842
:10716000102FA8F104012A46294452F8045B43F881
:10717000045F8A42F9D1A20102F4E07242EA482295
:1071800022F07F4222F47002002322F03F023146B7
:1071900002B0BDE8F041FFF7B0BF07B5012301928F
:1071A00001AAFFF7C3FF03B05DF804FB07B5CDE903
:1071B000002302236A46FFF7B9FF03B05DF804FB22
:1071C000F8B506460D4614461F4604B9F8BD2146DB
:1071D00028463A46B047241A0544F6E713B500247A
:1071E0000094FAF713F902B010BD10B54268816837
:1071F0000446D2E900230068FFF7E2FF636800223B
:107200001A6010BD0A2838B504460D4602D10D207B
:10721000FBF7D6FB29462046FBF7D2FB002038BD02
:107220002DE9F043054687B008460E8891F8009096
:10723000D1F808800C461746FBF796FB011EC6F3F3
:107240008216C9F3C2091EDB4846FBF753FA034610
:107250002146608851F8102B0196C2F34A22002A79
:1072600001EB0204C0F30B1008BF00210022CDE99E
:107270000407CDE90214009241462846FBF7D0FBF3
:1072800007B0BDE8F0830023E2E743681B685B6852
:1072900000201961704743681B685A680121117505
:1072A0001868FFF7A2BF43681B681868FBF74ABD60
:1072B00070B543681D686B6818690C46FAF7B4FF2F
:1072C000214603460F222868BDE870401847014652
:1072D0000068FBF7AFBD0A460121FFF75EBF002142
:1072E0000120FBF7A7BD61B662B680F31188BFF33A
:1072F0006F8F704772B6002383F31188BFF36F8FCF
:10730000BFF34F8F30BF62B6BFF36F8F7047202837
:1073100009D9B0F1004F08D80138B0FA80F0C0F1B7
:107320001F0040007047082070473E2070474FF014
:10733000FF30704708B5062201210020FCF738FC19
:10734000002211460620FCF715F901210846072204
:10735000FCF72EFC002211460720FCF70BF908224F
:1073600001210220FCF724FC002211460820FCF732
:1073700001F9092201210320FCF71AFC0022114621
:107380000920FCF7F7F80A2201210420FCF710FC81
:10739000002211460A20FCF7EDF8052108461722C5
:1073A000FCF706FC002211461720FCF7E3F8282220
:1073B00006210A20FCF7FCFB002211462820FCF7DE
:1073C000D9F8002008BD0B2809D840F66A73C340DD
:1073D00013F0010F14BF00206FF0850070476FF0AD
:1073E000850070470B68A3F14802182A82B012D8B2
:1073F00003F1804303F5043348681A6802431A60B6
:107400000B6803F1804303F5043300201B680193EC
:10741000019B02B070476FF08500FAE70B68A3F19B
:107420004802182A9FBF03F1804303F504334968DB
:107430001A689DBF8A4300201A606FF0850070476C
:1074400010B50868FFF7BFFF002820DB4A68FF2A55
:107450001CD0D3B203F1804303F50433C2F34234AA
:107460001868C2F3042204FA02F220EA02021A6047
:107470004968CBB203F1804303F50433C1F3024200
:107480001868C1F304218A4002431A60002010BD2D
:10749000086808B5A0F14803182B0AD800F180400D
:1074A00000F504304B680268934314BF01200220AA
:1074B00008BDFFF788FF002814BF01200220F7E76E
:1074C000704743685B681B690B6000207047436826
:1074D0005B68586942400A4042405A610020704748
:1074E00043685B6800209961704743685B680020CF
:1074F0009962704743685A6853694B405361002052
:107500007047F0B544680120676888401E46C2F3A2
:10751000801327EA00078B403B43636090FAA0F793
:10752000B7FA87F7D4F808C04FF0030E7F000EFAC1
:1075300007F72CEA070C90FAA0F7B7FA87F7C2F31F
:10754000C1137F00BB4043EA0C03A36090FAA0F391
:10755000B3FA83F3E7685B000EFA03F327EA030745
:1075600090FAA0F3B3FA83F302F030055B00C2F3A4
:1075700041229A403A43202DE26016D107292BDCA4
:1075800090FAA0F3226A2BB3B3FA83F39B000F2186
:1075900001FA03F322EA030290FAA0F3B3FA83F3A9
:1075A0009B0006FA03F31343236290FAA0F3B3FAA5
:1075B00083F3226890FAA0F05B000321B0FA80F018
:1075C0002D0901FA03F3400022EA030385401D431D
:1075D0002560F0BD2B46D9E7030A616A93FAA3F24E
:1075E00082B1B2FA82F292000F2793FAA3F3B3FAB0
:1075F00083F307FA02F29B0021EA02029E4016433F
:107600006662D2E72A46EEE713469A0310B518D50C
:107610009C070FD55A072DD55022DC060CD542F415
:10762000007213F4002F446818D0646801238B4063
:10763000A3610DE01022F0E79C06F2D542F48062CF
:10764000EFE7DC0311D5DA0611D4C3F340139A0235
:1076500040680023FFF755FF002010BD5B03F7D5FE
:10766000646801238B40A362F2E73022F0E74FF415
:107670000072EDE76FF08500EFE7F8B51F460446AE
:1076800040680E461546FFF73CFF112F08D1012335
:1076900003FA06F663685B682A054CBF9E619E622A
:1076A0000020F8BD30B5036813600579046804EB69
:1076B000C504A34202D36FF0010030BD5C798C4257
:1076C00001D00833F0E70020F7E74368C1F34B101F
:1076D0001B6801F01F01C05801238B40034214BFF7
:1076E0000123002313700020704710B54368C1F3D5
:1076F0004B101A6801F01F01845801238B4023436B
:107700008350002010BD10B54368C1F34B141868B6
:1077100001F01F01235801228A4023EA020323506B
:10772000002010BD38B504460D46FFF7DEFF2946A0
:107730002046FFF7E8FF002038BDB0F5805F07D096
:10774000B0F1805F09D1002914BF012002207047E9
:10775000002914BF032004207047002914BF022011
:107760000320704743681B68D869DA69D107DA6972
:10777000C0F3C00048BF40F002009207DA6948BF7A
:1077800040F004005107DA6948BF40F02000D205FC
:1077900042BF4FF4807240F008001A62C10744BF34
:1077A00008221A62820744BF01221A62410744BFBD
:1077B00002221A62820644BF04221A62704743689A
:1077C0001A6852E8003F43F0400342E800310029C4
:1077D000F7D1704743681A6852E8003F23F040032E
:1077E00042E800310029F7D1704743681A6852E82F
:1077F000003F43F0200342E800310029F7D17047F1
:1078000043681A6852E8003F23F0200342E8003141
:107810000029F7D1704743681B68D869C0F340104E
:107820007047012070470369C3E90212704702697B
:1078300093680BB1D1681847704708B5002225201E
:107840001146FBF797FEBDE808402520FBF784BEF4
:1078500008B500225B201146FBF78CFEBDE808400E
:107860005B20FBF779BE43681B68D869C0F38010C2
:10787000704743681B68D86910F080001CBF186807
:10788000C0F38010704710B50269526812680A6030
:1078900042681268126802F4C062B2F5806F044652
:1078A0000B4633D0A2F5C060424242411A71626871
:1078B0001268526802F44052B2F5805F28D0B2F5E7
:1078C000405F27D0002A0CBF012203225A71626850
:1078D00012681068116800F0102001F4C061FFF711
:1078E0002CFF987162681268926802F44072A2F5E7
:1078F00040714A424A41DA7161680968896811F445
:10790000804F18BF0322DA71002010BD0222CDE79C
:107910000022DBE70222D9E7F8B543681B680D4671
:107920001868196800F0102001F4C061FFF705FF26
:1079300004281CD0D86910F0800017D0EFF311860E
:10794000102181F31288BFF36F8F0021CCB2A242C5
:10795000204607DDDF693F0601F1010102D5285D00
:107960009862F3E786F31188BFF36F8FF8BD6FF06D
:107970008500FBE710B543681B681020DA69120622
:10798000FCD5EFF3118280F31288BFF36F8FDC69AF
:10799000240604D482F31188BFF36F8FEEE7996257
:1079A00082F31188BFF36F8F10BD43681B68DA69DB
:1079B000910602D51A68920607D4D86910F04000E3
:1079C00004D01868C0F38010704701207047F8B5E4
:1079D00043681B680D461868196800F0102001F410
:1079E000C061FFF7AAFE042810D000240826E1B2E7
:1079F0008A4208460CDDDF69BF0609D5586A68541B
:107A0000D969090700D51E620134F0E76FF08500DF
:107A1000F8BD43681B68DA69100744BF08221A6280
:107A2000DA69920643BF5B6A0B7000204FF0FF30AB
:107A300070472DE9F0410A790369D0F804805E6847
:107A4000012A04460D4611D0901E47424741BF020D
:107A500069794046FCF7E2FBAB79022B09D0042B95
:107A600031D0131E18BF01231B0306E04FF4C0677B
:107A7000EEE7B2FA82F35B091B07EA79D8F8001047
:107A8000012A14BF4FF0000C4FF4407CAE421DD1D0
:107A90000A6822F0805222F4B0523A431A430A6034
:107AA0004B6823F4405303434B6063681A68936840
:107AB00023F4407343EA0C03936031682046BDE829
:107AC000F041FCF73FBC4FF48053D6E7D1F800E01B
:107AD0000EF4C06E77451FBFD1F800E02EF4C06EE3
:107AE0004EEA07070F6061680F68796801F440513A
:107AF00088421FBF796821F4405101437960616871
:107B00000868016801F010218B421FBF016821F055
:107B100010210B430360636819688B6803F440739A
:107B20009C451FBF8B6823F4407343EA0C038B60B2
:107B300063681B689968490405D5032A09D09A68C7
:107B400022F4804204E0032A03D19A6842F480427E
:107B50009A6029683368994204D02046FCF7F2FB0A
:107B60002B683360BDE8F08140B1C368587810F0ED
:107B700001001EBF1878B0FA80F040097047EFF39B
:107B80001183102383F31288BFF36F8FFEE710B5C4
:107B9000D0E9003433B90020E268537843F00103A0
:107BA000537010BD204698470028F4D00028B8BF75
:107BB0004042E368FF28A8BFFF201870ECE7FFF7FA
:107BC0002FB8F8F715BD08B5FDF708FABDE808406D
:107BD000FDF712BA3AB18A4205D3C0E90212C0E9F0
:107BE0000000002070476FF015007047EFF305802C
:107BF000003818BF012070476FF057007047002011
:107C00007047FEF729B8D0E9003213605A600023AC
:107C1000C0E90033704738B504460D46FDF7CEFB8A
:107C2000637B43F002036373E5B1A5602B689D425B
:107C300009D16B68C4E900531C606C6012E06A688B
:107C40009A42F6D01B68002BF3D094F90E2093F9DA
:107C50000E108A42F3D09142F1DD5A68C4E9003235
:107C600014605C6038BD01211838FDF731BE08B5DD
:107C7000FEF760FE08BDFEF75DBE0023C0E90812F6
:107C800000F11802C0E90622C0E900330363436330
:107C9000704710B50446FEF751FDA8B9636A0BB1F1
:107CA0002046984704F11800FDF7F0FE60B1FDF79B
:107CB00031FDEFF31180102383F31288BFF36F8F30
:0C7CC000BDE81040FEF71AB810BD704778
:087CCC00588AFF7F010000004F
:107CD40019200008000000003D3D0008647D0008F4
:107CE400052000080000000000000000787D000866
:107CF400CD3F0008F07D0008CD3F0008187E000845
:107D0400357300088C7D0008CD3F0008047E000810
:107D1400CD3F0008DC7D0008CD3F0008C87D000889
:107D2400CD3F0008B47D0008CD3F0008A07D0008C9
:107D3400C94500082C7E0008C9450008407E00089B
:107D4400ED4700080000000081200008000000004A
:107D5400153B000800000000DD3E000800000000A4
:107D640046950008000000009C8200086600002080
:107D74000000000089960008A8830008AC8300086E
:107D84007600002000000000289500080000000094
:107D9400000000006400002094070020DC95000827
:107DA400B8820008448300086800002014080020FA
:107DB400EA950008CC820008448300086A00002089
:107DC40024080020F8950008E08200084483000895
:107DD4006C0000203408002006960008F482000895
:107DE400448300086E000020440800201496000814
:107DF4000883000844830008700000205408002011
:107E0400229600081C8300084483000872000020A6
:107E1400640800203096000830830008448300087A
:107E2400740000207408002017980008BC83000820
:107E34005C840008780000201800002027980008BF
:107E44000C8400085C8400087A00002030000020C4
:107E540000000000DF72000800000000DF7200086C
:107E640000000000DF72000800000000DF7200085C
:107E740000000000DF72000800000000DF7200084C
:107E840026950008653B000824950008653B00081A
:107E940022950008653B000820950008653B000812
:107EA4001E950008653B000800000000DF72000812
:107EB40000000000DF72000800000000DF7200080C
:107EC40000000000DF72000800000000DF720008FC
:107ED40000000000DF72000800000000DF720008EC
:107EE40000000000DF72000800000000DF720008DC
:107EF40000000000DF72000800000000DF720008CC
:107F040000000000DF7200081C950008653B0008B3
:107F140000000000DF72000800000000DF720008AB
:107F240000000000DF72000800000000DF7200089B
:107F340000000000DF72000800000000DF7200088B
:107F440000000000DF72000800000000DF7200087B
:107F540000000000DF72000800000000DF7200086B
:107F640000000000DF72000800000000DF7200085B
:107F740000000000DF720008407E00082F7800082F
:107F840000000000DF72000800000000DF7200083B
:107F94001A950008653B000800000000DF72000825
:107FA40000000000DF72000800000000DF7200081B
:107FB40000000000DF72000800000000DF7200080B
:107FC40000000000DF72000800000000DF720008FB
:107FD40000000000DF72000800000000DF720008EB
:107FE40000000000DF72000800000000DF720008DB
:107FF40000000000DF72000800000000DF720008CB
:1080040000000000DF72000800000000DF720008BA
:1080140000000000DF72000800000000DF720008AA
:1080240000000000DF72000800000000DF7200089A
:1080340000000000DF72000800000000DF7200088A
:1080440000000000DF72000800000000DF7200087A
:1080540000000000DF72000800000000DF7200086A
:1080640000000000DF72000800000000DF7200085A
:1080740000000000DF72000800000000DF7200084A
:1080840000000000DF72000800000000DF7200083A
:1080940000000000DF72000800000000DF7200082A
:1080A40000000000DF72000800000000DF7200081A
:1080B40000000000DF72000800000000DF7200080A
:1080C40000000000DF72000800000000DF720008FA
:1080D40000000000DF72000800000000DF720008EA
:1080E40000000000DF72000800000000DF720008DA
:1080F40000000000DF72000800000000DF720008CA
:1081040000000000DF72000800000000DF720008B9
:1081140000000000DF72000800000000DF720008A9
:1081240000000000DF7200082C7E00082F78000891
:1081340000000000DF72000800000000DF72000889
:1081440000000000DF72000800000000DF72000879
:1081540000000000DF72000800000000DF72000869
:1081640000000000DF72000800000000DF72000859
:1081740000000000DF72000800000000DF72000849
:0C818400000000000000000000000000EF
:108190003E86000803000000F78700080300000087
:1081A00082890008030000001D8A00080300000007
:1081B000478C000803000000129200080300000032
:1081C000249A0008030000003C9800080300000007
:0881D0003798000803000000CD
:1081D8005482000808000020368C000801000000C6
:1081E80060000000010000005001002000010000B4
:1081F800C57000085B7000080200000021720008CA
:108208000000000000000000000000000000000066
:10821800BE8B0008C68B00080000000000000000AC
:1082280000000000CE8B0008D28B0008D68B000817
:10823800DA8B00084482000864070020C92D000872
:108248007C070020E108002001000000B17200084E
:10825800A772000897720008ED2D000800000000C2
:108268008B720008000000000000002000000000E1
:1082780000000B06020000008482000800000008CD
:108288000B94000824000207000000201394000843
:1082980020000B11E57300081D74000800000000A1
:1082A800A93C00089174000800000000417400080F
:1082B800FFFF000000180048060000004C00000006
:1082C80040000000FFFF0000001400480500000007
:1082D8004C00000020000000FFFF000000100048D4
:1082E800040000004C00000010000000FFFF000028
:1082F800000C0048030000004C00000008000000CB
:10830800FFFF000000080048020000004C000000C9
:1083180004000000FFFF0000000400480100000006
:108328004C00000002000000FFFF000000000048B1
:10833800000000004C000000010000000976000861
:10834800C3740008CF740008E1740008EB740008D7
:10835800F5740008554000082D3F00080000000093
:10836800187E0008047E0008F07D0008DC7D000807
:10837800C87D0008B47D0008A07D0008000000004A
:1083880000000000000000000000000000000000E5
:1083980000000000000000000000000000000000D5
:1083A80000100240CB760008EB760008077700083B
:1083B8002577000800800040787D000880070000CD
:1083C800E483000801000000000000000000000035
:1083D80000000000EC830008517800085C000000F1
:1083E80001000000F483000801000000FC8300087D
:1083F800020000004C000000000200006C000000B9
:108408000000000000380140787D00080E080000D8
:108418003484000801000000000000000000000093
:10842800000000003C8400083B7800086000000061
:108438000040000044840008010000004C8400084B
:10844800020000008704000000020000A7040000EA
:1084580000000000137A00087579000865770008A5
:10846800C94400088778000819790008CF790008FE
:10847800BF770008D577000873780008EB77000805
:108488000178000867780008177800085542000846
:10849800B5420008AB79000823780008277800085F
:1084A8008799000895990008A9990008B8990008C3
:1084B800C4990008D47C0008D47C0008447D0008D6
:1084C8004C7D0008647D0008647D000800202020A1
:1084D800202020202020282828282820202020206C
:1084E800202020202020202020202020208810103C
:1084F8001010101010101010101010101004040498
:108508000404040404040410101010101010414155
:108518004141414101010101010101010101010143
:108528000101010101010101101010101010424257
:108538004242424202020202020202020202020213
:1085480002020202020202021010101020000000B3
:108558000000000000000000000000000000000013
:108568000000000000000000000000000000000003
:1085780000000000000000000000000000000000F3
:1085880000000000000000000000000000000000E3
:1085980000000000000000000000000000000000D3
:1085A80000000000000000000000000000000000C3
:1085B80000000000000000000000000000000000B3
:1085C80000000000000000000000000000000100A2
:1085D80002000400060008000A000C001000200039
:1085E800400080000001426F61726420697320625C
:1085F8006F6F74696E67207570005541525420641E
:108608006576696365206973206E6F742072656191
:10861800647900426F6172642069732072756E6EAE
:10862800696E670076616E616B616D0076616E617F
:108638006B616D0D0A00556172745F7461736B0034
:10864800574553545F544F504449522F7A657068C8
:1086580079722F6C69622F6F732F63627072696E03
:1086680074665F7061636B616765642E6300415374
:1086780053455254494F4E204641494C205B25737F
:108688005D20402025733A25640A000953747269F5
:108698006E67207769746820746F6F206D616E79DA
:1086A80020617267756D656E74730A000973747260
:1086B8005F7074725F706F735B5D20746F6F20738F
:1086C8006D616C6C0A0009756E6578706563746518
:1086D800642073697A652025750A0009746F6F2014
:1086E8006D616E7920666F726D6174206172677357
:1086F8000A00696E5F7061636B6167656420213D84
:10870800202828766F6964202A2930290028756E68
:108718007369676E6564292063686172202A207511
:1087280073656420666F72202525702061726775F5
:108738006D656E742E2049742773207265636F6DA2
:108748006D656E64656420746F206361737420695D
:108758007420746F20766F6964202A2062656361D3
:10876800757365206974206D61792063617573651F
:10877800206D69736265686176696F7220696E2021
:108788006365727461696E20636F6E66696775727E
:108798006174696F6E732E20537472696E673A2222
:1087A80025732220617267756D656E743A256400C1
:1087B800736370795F636E74203C2073697A656FA8
:1087C80066286370795F7374725F706F7329006BCA
:1087D8006565705F636E74203C2073697A656F66A7
:1087E800286B6565705F7374725F706F73290063BF
:1087F800627072696E74665F7061636B6167650051
:10880800286E696C2900574553545F544F504449AA
:10881800522F7A65706879722F6C69622F6F732F87
:108828006D7073635F706275662E63006572722087
:108838003D3D203000574553545F544F50444952F2
:108848002F7A65706879722F696E636C7564652F0D
:108858007A65706879722F7370696E6C6F636B2EAE
:1088680068007A5F7370696E5F6C6F636B5F7661C7
:108878006C6964286C290009496E76616C6964200A
:108888007370696E6C6F636B2025700A007A5F7372
:1088980070696E5F756E6C6F636B5F76616C69642F
:1088A800286C2900094E6F74206D79207370696EE9
:1088B8006C6F636B2025700A006C6F6767696E6761
:1088C80000574553545F544F504449522F7A6570AE
:1088D8006879722F7375627379732F6C6F67676924
:1088E8006E672F6C6F675F636F72652E63006C6FC6
:1088F800675F6261636B656E645F636F756E745FFB
:108908006765742829203C2028283332202F2033FB
:108918005529202D202831202B203029290062615B
:10892800636B656E64203C3D205F6C6F675F6261BE
:10893800636B656E645F6C6973745F656E64000970
:10894800756E6578706563746564206C69737420EE
:10895800656E64206C6F636174696F6E0A006C6F7A
:10896800675F6261636B656E645F636F756E745F8A
:108978006765742829203E2030006C6F67005745D2
:1089880053545F544F504449522F7A657068797236
:108998002F7375627379732F6C6F6767696E672FB2
:1089A8006C6F675F6D676D742E63006C696E6B200A
:1089B8003C3D205F6C6F675F6C696E6B5F6C6973C1
:1089C800745F656E6400574553545F544F50444973
:1089D800522F7A65706879722F696E636C75646559
:1089E8002F7A65706879722F6C6F6767696E672F69
:1089F8006C6F675F6261636B656E642E68006261AD
:108A0800636B656E6420213D202828766F69642099
:108A18002A293029006C6F675F6D676D74004D659A
:108A28007373616765202822257322292064726F79
:108A38007070656420626563617573652069742070
:108A4800657863656564732073697A65206C696D00
:108A580069746174696F6E2028257529005745531C
:108A6800545F544F504449522F7A65706879722F79
:108A78007375627379732F6C6F6767696E672F6C94
:108A88006F675F6D73672E6300706C656E203E3D87
:108A98002030004D6573736167652064726F707074
:108AA8006564206265636175736520697420657803
:108AB80063656564732073697A65206C696D697490
:108AC8006174696F6E202825752900574553545FD6
:108AD800544F504449522F7A65706879722F7375D4
:108AE800627379732F6C6F6767696E672F6C6F6736
:108AF8005F6F75747075742E63006F75745F63743F
:108B0800782D3E636F6E74726F6C5F626C6F636B0F
:108B18002D3E6F6666736574203C3D206F75745FEB
:108B28006374782D3E73697A65001B5B306D006C49
:108B38006576656C203C3D20345500257320005B2C
:108B48002530386C755D20005B253032753A25304C
:108B580032753A253032752E253033752C25303351
:108B6800755D200025730025732F003C25733E207A
:108B78000025733A2000657272203E3D20300025A2
:108B88003032782000202020007C00256300206DF2
:108B9800657373616765732064726F7070656420B4
:108BA8002D2D2D0D0A1B5B306D001B5B313B3331C6
:108BB8006D2D2D2D20001B5B313B33316D001B5B70
:108BC800313B33336D006572720077726E00696EE7
:108BD800660064626700574553545F544F504449D8
:108BE800522F7A65706879722F7375627379732F53
:108BF8006C6F6767696E672F6261636B656E64731C
:108C08002F6C6F675F6261636B656E645F7561721D
:108C1800742E63006465766963655F69735F726566
:108C280061647928756172745F64657629006C6F78
:108C3800675F6261636B656E645F75617274006C17
:108C48006F675F756172740072302F61313A20204E
:108C5800307825303878202072312F61323A202040
:108C6800307825303878202072322F61333A20202E
:108C78003078253038780072332F61343A2020302C
:108C88007825303878207231322F69703A202030B8
:108C98007825303878207231342F6C723A202030A1
:108CA80078253038780020787073723A2020307830
:108CB80025303878004661756C74696E6720696E76
:108CC800737472756374696F6E206164647265731E
:108CD8007320287231352F7063293A203078253077
:108CE800387800556E68616E646C6564204952512D
:108CF8006E3A202564002A2A2A2A2A20425553201F
:108D08004641554C54202A2A2A2A2A0020205374E6
:108D180061636B696E67206572726F7200202055FF
:108D28006E737461636B696E67206572726F72002F
:108D380020205072656369736520646174612062E4
:108D48007573206572726F7200202042464152206E
:108D5800416464726573733A203078257800202066
:108D6800496D70726563697365206461746120621E
:108D78007573206572726F72002020496E73747269
:108D8800756374696F6E20627573206572726F7295
:108D9800002020466C6F6174696E672D706F696E74
:108DA80074206C617A7920737461746520707265BF
:108DB800736572766174696F6E206572726F720086
:108DC8002A2A2A2A2A205553414745204641554CEC
:108DD80054202A2A2A2A2A0020204469766973699D
:108DE8006F6E206279207A65726F002020556E615F
:108DF8006C69676E6564206D656D6F72792061635B
:108E0800636573730020204E6F20636F70726F6309
:108E18006573736F7220696E737472756374696FAA
:108E28006E73002020496C6C6567616C206C6F6103
:108E380064206F66204558435F52455455524E2072
:108E4800696E746F205043002020496C6C6567611F
:108E58006C20757365206F662074686520455053D3
:108E680052002020417474656D707420746F206501
:108E780078656375746520756E646566696E65648A
:108E880020696E737472756374696F6E002A2A2A7A
:108E98002A2A204D5055204641554C54202A2A2A2A
:108EA8002A2A002020537461636B696E67206572FB
:108EB800726F722028636F6E7465787420617265B2
:108EC80061206D69676874206265206E6F74207612
:108ED800616C6964290020204461746120416363E6
:108EE8006573732056696F6C6174696F6E0020201A
:108EF8004D4D46415220416464726573733A203087
:108F0800782578002020496E737472756374696FD0
:108F18006E204163636573732056696F6C61746971
:108F28006F6E00574553545F544F504449522F7A3F
:108F380065706879722F617263682F61726D2F6333
:108F48006F72652F636F727465785F6D2F666175D8
:108F58006C742E6300212828285343425F5479708B
:108F680065202A292028283078453030304530308F
:108F780030554C29202B20307830443030554C293E
:108F880020292D3E434653522026202831554C2077
:108F98003C3C20283055202B20345529292900090C
:108FA800537461636B696E67206572726F72206EAD
:108FB8006F74206120737461636B206661696C0A49
:108FC8000A0052657365727665642045786365703A
:108FD80074696F6E20280053707572696F757320FD
:108FE800696E746572727570742028495251200038
:108FF800535053454C20696E207468726561642033
:109008006D6F646520646F6573206E6F7420696E80
:10901800646963617465205053500065736620214C
:109028003D202828766F6964202A293029000945BF
:10903800534620636F756C64206E6F7420626520E0
:1090480072657472696576656420737563636573A8
:109058007366756C6C792E205368616C6C206E6534
:10906800766572206F636375722E0A002A2A2A2A8F
:109078002A2048415244204641554C54202A2A2A45
:109088002A2A002020427573206661756C74206F4F
:109098006E20766563746F72207461626C652072ED
:1090A8006561640020204465627567206576656E99
:1090B800740020204661756C7420657363616C616F
:1090C80074696F6E20287365652062656C6F7729F7
:1090D80000415243485F45584345505420776974CE
:1090E8006820726561736F6E2025780A00094661F1
:1090F800756C7420657363616C6174696F6E207739
:109108006974686F75742046535220696E666F0AD9
:109118000009486172644661756C742077697468E7
:109128006F7574204846535220696E666F205368E5
:10913800616C6C206E65766572206F636375720A68
:10914800002A2A2A2A2A204465627567206D6F6ED4
:1091580069746F7220657863657074696F6E202A10
:109168002A2A2A2A002A2A2A2A2A2025732025641C
:1091780029202A2A2A2A2A00574553545F544F5037
:109188004449522F7A65706879722F617263682F2B
:1091980061726D2F636F72652F636F727465785F8C
:1091A8006D2F6972715F6D616E6167652E63007006
:1091B80072696F203C3D20282831554C203C3C20CA
:1091C80028342929202D2031290009696E76616CFF
:1091D8006964207072696F726974792025642066E9
:1091E8006F7220256420697271212076616C756523
:1091F80073206D757374206265206C6573732074B9
:1092080068616E20256C750A0A006D7075004661EC
:10921800696C656420746F20616C6C6F6361746540
:10922800206E6577204D505520726567696F6E20F6
:1092380025750A00506172746974696F6E2025750E
:109248003A2073616E69747920636865636B206680
:1092580061696C65642E00574553545F544F504400
:1092680049522F7A65706879722F617263682F612D
:10927800726D2F636F72652F6D70752F61726D5FE0
:109288006D70752E630009436F6E66696775726944
:109298006E6720257520737461746963204D50557D
:1092A80020726567696F6E73206661696C65640A10
:1092B8000A0009436F6E6669677572696E672025D3
:1092C800752064796E616D6963204D505520726513
:1092D80067696F6E73206661696C65640A0A0009C4
:1092E8005265717565737420746F20636F6E66695B
:1092F800677572653A20257520726567696F6E73A8
:109308002028737570706F727465643A202575290A
:109318000A0A002128726567696F6E5B6964785D67
:109328002E64745F617474722026202831554C2095
:109338003C3C202830292929000952414D5F4E4FD5
:10934800434143484520776974682044545F4D453C
:109358004D5F434143484541424C45206174747216
:1093680069627574650A0A00094661696C6564205A
:10937800746F20616C6C6F63617465204D5055206B
:10938800726567696F6E732066726F6D2044540A48
:109398000A002828284D50555F54797065202A29DD
:1093A80020282830784530303045303030554C2929
:1093B800202B20307830443930554C2920292D3E37
:1093C800545950452026202830784646554C203C94
:1093D8003C2038552929203E3E203855203D3D2047
:1093E800380009496E76616C6964206E756D626536
:1093F80072206F66204D505520726567696F6E73D5
:109408000A0A00464C4153485F30005352414D5FB1
:109418003000574553545F544F504449522F7A6592
:10942800706879722F6C69622F6C6962632F6E6540
:10943800776C69622F6C6962632D686F6F6B732E2E
:1094480063002828282873697A655F7429283132CF
:10945800382929203C3C20313029202D2028282853
:1094680075696E747074725F74292028265F656E42
:10947800642929202D203078323030303030303097
:109488002929203E3D203831393200096D656D6F3C
:10949800727920737061636520617661696C6162BD
:1094A8006C6520666F72206E65776C6962206865EE
:1094B8006170206973206C657373207468616E2015
:1094C800746865206D696E696D756D20726571755A
:1094D800697265642073697A65207370656369666B
:1094E80069656420627920434F4E4649475F4E457F
:1094F800574C49425F4C4942435F4D494E5F524584
:109508005155495245445F484541505F53495A4572
:109518000A000A0605050401030102010101000110
:10952800696E746572727570742D636F6E74726F84
:109538006C6C6572403430303130343030007263D6
:109548006340343030323130303000574553545F47
:10955800544F504449522F7A65706879722F696E5A
:10956800636C7564652F7A65706879722F647269A7
:10957800766572732F6770696F2F6770696F5F7593
:1095880074696C732E680063616C6C6261636B0054
:10959800094E6F2063616C6C6261636B210A006322
:1095A800616C6C6261636B2D3E68616E646C6572A0
:1095B80000094E6F2063616C6C6261636B206861A7
:1095C8006E646C6572210A0063622D3E68616E6488
:1095D8006C6572006770696F4034383030313830EC
:1095E80030006770696F40343830303134303000C3
:1095F8006770696F40343830303130303000677010
:10960800696F403438303030633030006770696FCC
:10961800403438303030383030006770696F40344B
:1096280038303030343030006770696F403438304B
:10963800303030303000574553545F544F50444910
:10964800522F7A65706879722F64726976657273C1
:109658002F70696E6374726C2F70696E6374726CAC
:109668005F73746D33322E63002828286D7578294E
:10967800203E3E2030552920262030783146552975
:109688000072657365742D636F6E74726F6C6C65B0
:1096980072004661696C65642063616C6C20636C60
:1096A8006F636B5F636F6E74726F6C5F6765745F17
:1096B800726174652870636C6B656E5B305D290040
:1096C800556E61626C6520746F2073657420257314
:1096D80020746F20256400574553545F544F5044FD
:1096E80049522F7A65706879722F6472697665724B
:1096F800732F73657269616C2F756172745F73740F
:109708006D33322E6300282875736172742D3E42C2
:1097180052522929203E3D203078333030550009F7
:109728004261756452617465526567203E3D203020
:10973800783330300A00282875736172742D3E42E0
:1097480052522929203C203078303030464646464F
:109758004655000942617564526174655265672017
:109768003C203078464646460A00282875736172C0
:10977800742D3E4252522929203E3D20313600099F
:109788004261756452617465526567203E3D2031BF
:10979800360A00636C6F636B20636F6E74726F6C54
:1097A80020646576696365206E6F742072656164F4
:1097B8007900436F756C64206E6F7420656E61620A
:1097C8006C6520284C50295541525420636C6F63B6
:1097D8006B00726573657420636F6E74726F6C6C66
:1097E8006572206E6F74207265616479002573203C
:1097F800646F6573206E6F7420737570706F727408
:109808002064726976657220656E61626C650073AA
:10981800657269616C4034303030383030300073F4
:10982800657269616C4034303031333830300075DE
:109838006172745F73746D333200000000000000C1
:1098480000000102030406070809574553545F54F2
:109858004F504449522F7A65706879722F6B657240
:109868006E656C2F6465766963652E630064657642
:10987800203C3D205F6465766963655F6C6973743D
:109888005F656E640048616C74696E6720737973F4
:1098980074656D00556E6B6E6F776E206572726FB2
:1098A8007200756E6B6E6F776E003E3E3E205A45B5
:1098B8005048595220464154414C204552524F522B
:1098C8002025643A202573206F6E204350552025AB
:1098D80064004661756C7420647572696E672069EE
:1098E8006E746572727570742068616E646C696EEE
:1098F800670A0043757272656E74207468726561D8
:10990800643A202570202825732900574553545F51
:10991800544F504449522F7A65706879722F6B659D
:10992800726E656C2F666174616C2E63007265617E
:10993800736F6E20213D204B5F4552525F4B45525D
:109948004E454C5F50414E49430009417474656D62
:109958007074656420746F207265636F7665722019
:1099680066726F6D2061206B65726E656C20706128
:109978006E696320636F6E646974696F6E0A004371
:10998800505520657863657074696F6E00556E6810
:10999800616E646C656420696E746572727570744A
:1099A80000537461636B206F766572666C6F770025
:1099B8004B65726E656C206F6F7073004B65726ECD
:1099C800656C2070616E696300574553545F544F4E
:1099D800504449522F7A65706879722F6B65726EA0
:1099E800656C2F696E69742E6300746872656164B2
:1099F8005F64617461203C3D205F5F7374617469CA
:109A0800635F7468726561645F646174615F6C69E7
:109A180073745F656E64006D61696E006F730057E3
:109A28004553545F544F504449522F7A65706879B2
:109A3800722F6B65726E656C2F69646C652E63009E
:109A48005F6B65726E656C2E637075735B305D2E2F
:109A580063757272656E742D3E626173652E7072E5
:109A6800696F203E3D203000574553545F544F5096
:109A78004449522F7A65706879722F6B65726E65EA
:109A88006C2F73656D2E63002828617263685F69A7
:109A9800735F696E5F6973722829203D3D20302904
:109AA800207C7C20282874696D656F7574292E7454
:109AB80069636B73203D3D202828286B5F74696DAE
:109AC800656F75745F7429207B307D29292E746930
:109AD800636B73292900090A00574553545F544F93
:109AE800504449522F7A65706879722F6B65726E8F
:109AF800656C2F7468726561642E630028282828B5
:109B08007072696F2929203D3D2031352026262095
:109B18007A5F69735F69646C655F746872656164B4
:109B28005F656E7472792828656E7472792929299F
:109B3800207C7C202828283135202D203129203EE2
:109B48003D2028282D313629292920262620282875
:109B58007072696F2929203E3D2028282D31362929
:109B6800292026262028287072696F2929203C3D43
:109B780020283135202D20312929290009696E76C0
:109B8800616C6964207072696F7269747920282524
:109B980064293B20616C6C6F7765642072616E6725
:109BA800653A20256420746F2025640A00216172BB
:109BB80063685F69735F696E5F697372282900095A
:109BC80054687265616473206D6179206E6F7420CA
:109BD8006265206372656174656420696E2049530B
:109BE80052730A00574553545F544F504449522FFB
:109BF8007A65706879722F6B65726E656C2F696E05
:109C0800636C7564652F6B7468726561642E680097
:109C18005F6B65726E656C2E637075735B305D2E5D
:109C280063757272656E7420213D202828766F69ED
:109C380064202A29302900574553545F544F504413
:109C480049522F7A65706879722F6B65726E656CF0
:109C58002F73636865642E6300217A5F69735F6997
:109C6800646C655F7468726561645F6F626A65637E
:109C78007428746872656164290074687265616427
:109C88002D3E626173652E70656E6465645F6F6EEC
:109C980000217465726D696E617465000961626F97
:109CA80072746564205F63757272656E7420626198
:109CB800636B2066726F6D20646561640A00736966
:109CC8007A656F66285F73636865645F7370696E31
:109CD8006C6F636B29203D3D2030207C7C206C6FAD
:109CE800636B20213D20265F73636865645F737032
:109CF800696E6C6F636B00574553545F544F504403
:109D080049522F7A65706879722F6B65726E656C2F
:109D18002F696E636C7564652F6B73636865642E59
:109D280068005F6B65726E656C2E637075735B306F
:109D38005D2E63757272656E742D3E626173652E59
:109D480073636865645F6C6F636B656420213D2095
:109D58003155005F6B65726E656C2E637075735B51
:109D6800305D2E63757272656E742D3E6261736527
:109D78002E73636865645F6C6F636B656420213D57
:109D880020305500217A5F69735F74687265616479
:109D98005F73746174655F736574285F6B65726E59
:109DA800656C2E637075735B305D2E6375727265BA
:109DB8006E742C20282831554C203C3C202834290E
:109DC800292929000961626F7274696E67206573B9
:109DD80073656E7469616C207468726561642025AE
:109DE800700A00574553545F544F504449522F7AD4
:109DF80065706879722F6B65726E656C2F74696D0A
:109E080065736C6963696E672E6300282874696DD1
:109E1800656F75742920262620282875696E747048
:109E280074725F74292028736C6963655F74696D47
:109E3800656F7574732929203C3D20282875696E43
:109E4800747074725F7429202874696D656F7574F5
:109E5800292920262620282875696E747074725F57
:109E68007429202874696D656F75742929203C2030
:109E7800282875696E747074725F742920282628E2
:109E8800736C6963655F74696D656F757473295B5D
:109E9800282873697A655F742920282828696E74D0
:109EA800292073697A656F6628636861725B31205F
:109EB8002D2032202A202128215F5F6275696C7469
:109EC800696E5F74797065735F636F6D70617469D3
:109ED800626C655F70285F5F747970656F665F5F3D
:109EE80028736C6963655F74696D656F7574732930
:109EF8002C205F5F747970656F665F5F2826287312
:109F08006C6963655F74696D656F757473295B301F
:109F18005D2929295D29202D203129202B2028730E
:109F2800697A656F6628736C6963655F74696D65C6
:109F38006F75747329202F2073697A656F662828D6
:109F4800736C6963655F74696D656F757473295B9C
:109F5800305D292929295D29292026262028282815
:109F680075696E747074725F7429202874696D65E0
:109F78006F75742929202D20282875696E747074CE
:109F8800725F74292028736C6963655F74696D65F5
:109F98006F75747329292920252073697A656F667E
:109FA8002828736C6963655F74696D656F75747370
:109FB800295B305D29203D3D203029005745535409
:109FC8005F544F504449522F7A65706879722F6BED
:109FD80065726E656C2F74696D656F75742E63009C
:109FE800217379735F646E6F64655F69735F6C6911
:109FF8006E6B65642826746F2D3E6E6F646529004C
:10A00800976D00087B7000083C8200080000000083
:10A01800012F00082F73000800000000280000200E
:10A02800000000000000000000C201000001030061
:10A0380000000000400000200000000000000000B8
:10A0480000C20100000103000024F4004C000020BD
:10A058004C000020FFFFFFFFFFFFFFFFFFFFFFFF98
:04A06800FFFFFFFFF8
:10A06C0000000000000000000000000000000000E4
:08A07C000000000000000000DC
:10A0840000000000000000000000000000000000CC
:10A0940000000000000000000000000000000000BC
:10A0A40000000000000000000000000000000000AC
:0CA0B400000000000000000000000000A0
:04A0C000000000009C
:10A0C400BC000020BC0000200000000001000000D3
:04A0D40015E015E09E
:040000050800343D7E
:00000001FF
