:020000040800F2
:10000000001F002015310008C52B00080131000831
:100010000131000801310008013100080000000032
:100020000000000000000000000000001132000885
:100030000131000800000000DD310008FD44000827
:10004000C1330008C1330008C1330008C1330008C0
:10005000C1330008C1330008C1330008C1330008B0
:10006000C1330008C1330008C1330008C1330008A0
:10007000C1330008C1330008C1330008C133000890
:10008000C1330008C1330008C1330008C133000880
:10009000C1330008C1330008C1330008C133000870
:1000A000C1330008C1330008C1330008C133000860
:1000B000C1330008C1330008C1330008C133000850
:1000C000C1330008C1330008C1330008C133000840
:1000D000C1330008C1330008C1330008C133000830
:1000E000C1330008C1330008C1330008C133000820
:1000F000C1330008C1330008C1330008C133000810
:10010000C1330008C1330008C1330008C1330008FF
:10011000C1330008C1330008C1330008C1330008EF
:10012000C1330008C1330008C1330008C1330008DF
:10013000C1330008C1330008C1330008C1330008CF
:10014000C1330008C1330008C1330008C1330008BF
:10015000C1330008C1330008C1330008C1330008AF
:10016000C1330008C1330008C1330008C13300089F
:10017000C1330008C1330008C1330008C13300088F
:10018000C1330008C1330008C1330008C13300087F
:10019000C1330008C1330008C1330008C13300086F
:1001A000C1330008C1330008C1330008C13300085F
:1001B000C1330008C1330008C1330008C13300084F
:1001C000C1330008C1330008C1330008C13300083F
:0801D000C1330008C13300082F
:1001D800FFFFFFFFFFFFFFFFFFFFFFFFFFFFFFFF27
:1001E800FFFFFFFFFFFFFFFFFFFFFFFFFFFFFFFF17
:0801F800FFFFFFFFFFFFFFFF07
:1002000090F800F06DE9024520F007016FF0000C56
:1002100010F0070491F820F040F049804FF00004FE
:100220006FF00700D1E9002391F840F000F10800D9
:1002300082FA4CF2A4FA8CF283FA4CF3A2FA8CF311
:100240004BBBD1E9022382FA4CF200F10800A4FA78
:100250008CF283FA4CF3A2FA8CF3E3B9D1E90423CC
:1002600082FA4CF200F10800A4FA8CF283FA4CF303
:10027000A2FA8CF37BB9D1E9062301F1200182FABD
:100280004CF200F10800A4FA8CF283FA4CF3A2FAC3
:100290008CF3002BC6D0002A04BF04301A4612BAD1
:1002A000B2FA82F2FDE8024500EBD2007047D1E9D4
:1002B000002304F00305C4F100004FEAC50514F063
:1002C000040F91F840F00CFA05F562EA05021CBF34
:1002D00063EA050362464FF00004A9E753B94AB93F
:1002E000002908BF00281CBF4FF0FF314FF0FF303E
:1002F00000F00CB8ADF1080C6DE904CE00F0A2F8E6
:10030000DDF804E0DDE9022304B07047704700BF68
:10031000844641EA000313F003036DD1403A41D310
:1003200051F8043B40F8043B51F8043B40F8043BCF
:1003300051F8043B40F8043B51F8043B40F8043BBF
:1003400051F8043B40F8043B51F8043B40F8043BAF
:1003500051F8043B40F8043B51F8043B40F8043B9F
:1003600051F8043B40F8043B51F8043B40F8043B8F
:1003700051F8043B40F8043B51F8043B40F8043B7F
:1003800051F8043B40F8043B51F8043B40F8043B6F
:1003900051F8043B40F8043B51F8043B40F8043B5F
:1003A000403ABDD2303211D351F8043B40F8043BFF
:1003B00051F8043B40F8043B51F8043B40F8043B3F
:1003C00051F8043B40F8043B103AEDD20C3205D30F
:1003D00051F8043B40F8043B043AF9D2043208D007
:1003E000D2071CBF11F8013B00F8013B01D30B8879
:1003F00003806046704700BF082A13D38B078DD057
:1004000010F003038AD0C3F10403D21ADB071CBF28
:1004100011F8013B00F8013B80D331F8023B20F892
:10042000023B7BE7043AD9D3013A11F8013B00F8CB
:10043000013BF9D20B7803704B7843708B78837053
:10044000604670472DE9F04786468C460846089E70
:10045000154674461946002B40F0C2808542B2FA18
:1004600082F245D94AB1C2F1200300FA02FC2EFA09
:1004700003F3954043EA0C0C94404FEA154EA8B2A2
:10048000BCFBFEF8230C0EFB18CC08FB00F943EA7A
:100490000C43994528D9EB1808F1FF3704D2994548
:1004A00002D9A8F102072B44A3EB0903A4B2B3FBC2
:1004B000FEFC0EFB1C330CFB00F044EA0344A0429C
:1004C00014D92C190CF1FF3304D2A04202D9ACF19B
:1004D00002032C44241A43EA07401EB1D4400023EF
:1004E00034607360BDE8F0874746DDE76346F1E7B7
:1004F00092BB431B01214FEA154EAFB2B3FBFEFC8A
:10050000200C0EFB1C330CFB07F840EA0343984514
:1005100062D9EB180CF1FF3004D2984502D9ACF146
:1005200002002B44A3EB0803A4B2B3FBFEFC0EFBBA
:100530001C330CFB07F744EA0344A7424ED92C199D
:100540000CF1FF3304D2A74202D9ACF102032C44D0
:10055000E41B43EA0040C0E7C2F1200320FA03F1A4
:10056000954090402EFA03F303434FEA154EAFB285
:10057000B1FBFEFC0EFB1C10190C0CFB07F841EA4A
:100580000041884504FA02F422D969180CF1FF30C1
:1005900004D2884502D9ACF102002944A1EB08013C
:1005A0009BB2B1FBFEFC0EFB1C110CFB07F743EAF0
:1005B00001439F420ED9EB180CF1FF3104D29F4248
:1005C00002D9ACF102012B44DB1B41EA004192E766
:1005D0006046E3E76146F7E76046A3E76346B7E7AF
:1005E000834206D916B9002108467BE7C6E900E038
:1005F000F9E7B3FA83F78FB9834201D3724508D87C
:10060000BEEB020460EB030301209C461EB90021EF
:1006100068E73846FAE7C6E9004CF8E7C7F1200C6E
:10062000BB4022FA0CF41C432EFA0CF120FA0CF316
:10063000B84001434FEA14490EFA07F5B3FBF9F845
:100640001FFA84FE09FB18300B0C08FB0EFA43EA74
:1006500000439A4502FA07F240D9E31808F1FF3047
:1006600004D29A4502D9A8F102002344A3EB0A035D
:1006700089B2B3FBF9F809FB183308FB0EFE41EA17
:1006800003418E452CD9611808F1FF3304D28E4501
:1006900002D9A8F10203214443EA0040A0FB0298DA
:1006A000A1EB0E014145CE46434602D306D14D454E
:1006B00004D2B9EB020E68EB04030138002EA6D079
:1006C000B5EB0E0261EB030101FA0CFC22FA07F311
:1006D0004CEA0303F940C6E9003198E74046C5E714
:1006E0004346D9E770B5134A1348032106F0C1FB0E
:1006F000124807F0A5F838B90F48114A012106F051
:10070000B8FB4FF0FF3070BD0E4A0B480E4C0F4D3A
:100710000A4E032106F0ADFB2368092B01DD002002
:10072000F1E7E95CB36805485B68984723680133E3
:100730002360F1E7C6820008687E0008187B000885
:10074000DA820008F38200084007002004830008D2
:100750002DE9F04F91B08407009302F00403029357
:10076000C2F3C20303F10103DDF86880039205467A
:100770000E46059340F0F581041D30B1072909D8D4
:100780006FF01B0011B0BDE8F08F01F00706341DBB
:10079000C6F10806009B4FF00009013B4FF0040B27
:1007A0000193CDF810904F464B464FF0FF32DA469A
:1007B0000DB1009921600598002800F3D780984872
:1007C0000099814203D397488142C0F0CF800399BA
:1007D000A4EB050E89074FEA9E0040F1E2804FF03E
:1007E000000CCCE07A285AD84B280CD8472856D889
:1007F00029282AD8252851D051D8202877D0233825
:100800004342434173E04C382E2848D8DFE800F0DB
:100810006F4747474747474747474747494747473E
:100820004747474747594749495959596F496C47BD
:100830006F471849184747807D49474749477D001A
:10084000002000234FF0040B39E02A38C0B2012108
:1008500001FA00F010EA0E0F49D110F0625C30D1BD
:1008600010EA010343D06046013C5C44B4FBFBF456
:100870000BFB04F4002D60D0AAEB050CA444B44596
:100880003FF67EAF00286AD1BAF1040F45D158F87F
:10089000040B206004344FF0040A28E0013A0023DE
:1008A00025E0019B13F8013C6C2B33D1019B13F81D
:1008B000023C00206C2B0346C4D14FF0080BDA46F3
:1008C000D2E708F1070828F007080734F8E802AB78
:1008D00024F0070435B106982044B0423FF650AFEB
:1008E000C4E900AB083400234FF0080BDA46019945
:1008F00011F8010F0191002800F0BB80002B7FF45C
:1009000071AF2528F3D1013201234FF0040BEDE73D
:10091000184696E700200346A6E7BAF1080F40F014
:100920009A8008F1070828F00708F8E80201C4E9EE
:10093000000108344FF0080AD9E780B9BAF1040F72
:1009400002D108F10408A5E7BAF1080F40F083804E
:1009500008F1070828F0070808F10808E9E70599F1
:100960000139059158F8041B009121E70399880784
:100970004AD5A4EB050E4FEA9E004FF0010CBEF5E0
:10098000007F1ED32849294A29484FF41F7306F0D7
:10099000BBF8284806F0B8F84FF41F71234806F05A
:1009A000AAF80F2F0FD8002D48D007F140010DEB0A
:1009B000010C0CF8200C0CF8102C04980130049059
:1009C00021E00F2F0CD91849184A194840F2812309
:1009D00006F09AF8184806F097F840F28121DDE712
:1009E000CDB107F140010DEB010EC0B20EF8200CA5
:1009F0000EF8102CBCF1000FDFD060F07F000EF875
:100A0000200C09F101090137C5F1080104340691F0
:100A10004FF6DA7E6BE7BCF1000F0FD00136F2E73C
:100A2000AC790008E09C0008108500081D830008D0
:100A30004B83000868830008898300080298023607
:100A40000028E0D10098CDE90632FFF7D9FBDDE9B7
:100A500006320644D7E7444A4449454840F2C62393
:100A600006F052F85146434806F04EF840F2C621CF
:100A700094E7631BB3F5806F0CD33C493A4A3C487A
:100A800040F2D22306F040F83B4806F03DF840F231
:100A9000D22183E71DB9A6F10804E01872E6029A94
:100AA00028609B082B709DF81030C2B1EB7085F860
:100AB0000290B9F1000F05D008A80022C5F1010C81
:100AC00097420ED1C5F101030DF120084FF0000A45
:100AD00001930DF1300B574512D1601B52E66B703C
:100AE000E5E710F8013B190608D504EB0C0EB645F6
:100AF00003F07F033FF644AE04F8013B0132DFE729
:100B0000B9F1000F03D098F90020002A17DB029BEF
:100B1000D3B11AF80B2004F8012B0022019B98187E
:100B20002044B0423FF62CAE98F8000004F8010BC8
:100B3000009903922046FFF7EBFB039A14440AF155
:100B4000010A08F10108C6E798F8002055F822309C
:100B50000093029B45F822300098FFF751FB421C9E
:100B6000DCE76FF00D000DE61D830008108500081E
:100B70004B830008A3830008B88300082DE9F04FD9
:100B800097B000AF8946D7F880B0FA623B6204465E
:100B900058B9A849A84AA9484FF4667305F0B4FFAC
:100BA0004FF46671A44805F0A6FFCBF3C00390F89C
:100BB00002A0BB6141B9457800780AEB800020446F
:100BC0004D4517D8A0EB0409E378FB61BAF1000F9B
:100BD00002D01BF0010F16D1FB6953BBFB6A1BB19E
:100BE0003A6A4946204698474D4628465C37BD46F6
:100BF000BDE8F08F461C3046FFF702FB0130304461
:100C000009F10109DCE7237862687A62FA6A9900DF
:100C1000796104EB8301002A40F001814D460E46C4
:100C200001EB0A094FF000084E454CD101EB0A06D2
:100C300010E01BF0020FD1D023789A007A6162682D
:100C40007A62FA6A04EB8301002A77D14D4601EB00
:100C50000A0690461BF0050F0CBF02230123FB621E
:100C6000FB6906EB430A0BF00203BB625645BCD09E
:100C700016F8021B16F8013C54F82390704B994566
:100C800002D3704B994536D3BB69002B40D0786AAC
:100C900005F0C8FE00283BD0E9468AB06A466A4B98
:100CA00053617B6AC2E906314FF400731384674BCA
:100CB00042F8103F664800234FF4125101F0BAFB8E
:100CC000023DCD46D2E716F8013BF96254F8230005
:100CD000FFF796FAD7F88430F96A01304BB1D7F8AC
:100CE000883098453EBFD7F8843023F8180008F1C3
:100CF0000108054498E7BB6923B1786A05F092FEC4
:100D00000028C9D11BF0010F05D1FB6AED1AADE730
:100D1000BB6A002BAAD04846FFF772FAD7F8843096
:100D200053B1D7F8883098453FBFD7F88420431C8B
:100D300022F8183008F10108054497E7BAF1000FCE
:100D400073D01BF0040673D0D046002607F148008C
:100D500052463B61B962FFF7DBFAB96A3B6901EBC6
:100D60000A02BA62FA69F9695200FA60BA6A02EBD9
:100D700041023A610BF00202BA60BA6A39698A42EA
:100D800068D162787A621BF0020F32440CBF4FEADE
:100D9000580100211BF0010FD2B240F0E4801BF09B
:100DA000040F14BF40460020BB616270A070E17068
:100DB0003A6A7969FB6A20469847051EFFF615AF27
:100DC000BB6923707B6A6370FB69E37041463A6AD2
:100DD000FB6A84F802A007F148009847B0F10008C8
:100DE000C0F2EF807B693A6AA9EB0A01C91AFB6875
:100DF000C91AD7E90A0398470028C0F2E480A8443A
:100E000008EB00054FF0000B07F1380AB345C0F0BE
:100E1000AC8000213A6AFB6A08469847E5E65646E8
:100E20004FF0000807F1380092E75646D04696E7A3
:100E3000B04694E7CF8300081D8300084B83000869
:100E4000AC790008E09C0008EA8300080400000177
:100E5000707E0008BA6A12F8021BBA6212F8015CCE
:100E60005A4A54F82500904202D3594A904218D366
:100E7000BA693AB1786A7B6005F0D4FD7B680028D6
:100E80007FF47BAFBA68002A4CD00F2E40D951496D
:100E9000514A524840F24C4305F036FE40F24C4174
:100EA00080E6BA693AB1786A7B6005F0BBFD7B6881
:100EB00000287FF462AF1BF0010F0BD00F2E27D953
:100EC0004449454A454840F2424305F01DFE40F280
:100ED000424167E61BF0040F3FF44FAFB8F10F0F2C
:100EE00009D93F493C4A3D4840F2454305F00CFED4
:100EF00040F2454156E608F1280207F1300008F1BA
:100F0000010102EB000808F8105C5FFA81F834E791
:100F100006F1280207F13000711C161806F8205C53
:100F2000CEB22AE7B8F10F0F09D92D492A4A2B482A
:100F300040F24F4305F0E8FD40F24F4132E608F140
:100F4000280207F1300C08F10100944407F158021F
:100F500052FA80F008F102080CF8101C5FFA88F8C9
:100F600000F8105C09E700201EE71BF80A3087F83C
:100F7000373054F82390D7F88430FBB133F81B8016
:100F80003A6AFB6A012107F13700984700281ADB0B
:100F90000544B8F1000F06D14846FFF731F900F1DA
:100FA00001081FFA88F83A6AFB6A414648469847A2
:100FB000002808DB05440BF1010B27E7D7F88480F4
:100FC000DEE7454611E605460FE600BFAC790008AE
:100FD000E09C00088D8400081D8300084B830008F6
:100FE000AC840008014B1860704700BF000000206F
:100FF00030B587B00025CDE903010446009503A96B
:101000000548059500F06EF8DDE904309842B8BF58
:10101000255407B030BD00BF736A0008F0B5094E13
:10102000016802460A2700200B4601311C78355D15
:101030006D0701D41360F0BD07FB0043A3F130003E
:10104000F2E700BFAD8100082DE9F84F15469A463A
:10105000D378234A12F803B06F2B81460F460BF06A
:10106000030B2BD026D8582B0CBF10260A26DDF8F0
:1010700028803246002348463946FFF72FF9092ACF
:1010800008F1FF38D4B21ED83034B145E4B277F15C
:10109000000788F8004001D3D04511D82B789B0673
:1010A00005D5082E15D1AB7843F00803AB70404648
:1010B000BDE8F88F03F0F703702BD5E70826D6E7D5
:1010C00081460F46D5E7BBF1010F0CBF37345734CB
:1010D000DBE7102EEBD1AB7843F01003E6E700BF5F
:1010E000AD8100082DE9F04F97B08A46039016466F
:1010F0001C460025307808B9284656E325280AD032
:10110000039B514698470028C0F24F83731C01355A
:101110000493049EEEE71822002110A805F0ECFBD2
:101120007378252B00F0A3800023711C98469E46FF
:101130009C4618460F4611F8012B2B2A00F0C6805A
:1011400000F2BD80202A00F0C480232A00F0C48071
:101150002BB19DF8483043F040038DF84830B8F18A
:10116000000F05D09DF8483043F020038DF848303B
:10117000BEF1000F05D09DF8483043F010038DF804
:101180004830BCF1000F05D09DF8483043F008030B
:101190008DF8483028B19DF8483043F004038DF8AD
:1011A00048309DF8483003F04401442903D16FF3DF
:1011B00086138DF848309DF84830099743F0800336
:1011C0002A2A8DF8483040F08C809DF8493043F051
:1011D00001038DF849307B1C1A782E2A9DF849208E
:1011E0000CBF0121002161F341028DF849200CD18F
:1011F0005A1C09925A782A2A40F083809DF8492087
:1012000042F004028DF8492002331A786C2A00F06B
:10121000A48000F28680682A00F08C806A2A00F0A0
:10122000A5804C2A00F0AA801A4612F8013B0492CD
:10123000782B9DF849208DF84B3000F217816D2BEB
:1012400000F2A980692B00F21181572B00F2BE80B9
:10125000412B03D0453B022B00F208819DF84A3018
:10126000042262F302038DF84A300123CAE08DF8AC
:101270004B30B31C04939DF84930D90740F1FD80F1
:1012800054F8048BB8F1000F07DA9DF8482042F0BB
:1012900004028DF84820C8F100085A0740F1F68092
:1012A00054F804BBBBF1000F80F2F5809DF8493083
:1012B0006FF341038DF849304FF0FF3BEBE02D2AEF
:1012C0000DD0302A7FF444AF012333E74FF0010CF7
:1012D00030E74FF0010E2DE74FF001082AE701201B
:1012E00028E709A8FFF79AFE099BBB423FF474AFB9
:1012F0009DF848201390C00F60F341028DF84820FC
:101300006AE709A8FFF78AFE9DF848301490C3F3F6
:10131000400242EAD07262F341038DF84830099BE3
:1013200073E7742A26D07A2A7FF47EAF9DF849208D
:1013300006210CE05A78682A9DF8492006D101213F
:1013400061F3C6028DF8492002336DE7022161F393
:10135000C6028DF84920013366E75A786C2A9DF859
:10136000492001D10421EBE70321F0E79DF8492052
:101370000521ECE79DF849200721E8E7BDF8482062
:1013800022F4F04222F0020242F4804242F00202D1
:10139000ADF84820DFE76E3BD9B201238B4040F225
:1013A00082410B4238D113F0240F52D1DF075DD5B3
:1013B0009DF84A30032161F302038DF84A3002F0B0
:1013C0007803A3F14000434243411BE0A3F15801DD
:1013D000C9B2012000FA01F111F4624F7FF43EAF6F
:1013E00040F6010739421DD111F4043F3ED09DF86B
:1013F0004A3060F3020302F07802402A8DF84A3046
:1014000034D000239DF84820C2F340010B4363F31E
:1014100041028DF848202EE79DF84A30022161F301
:101420000203E8E79DF84A10022002F0780260F318
:101430000201402A8DF84A1002BF9DF8481041F081
:1014400001018DF84810632BDBD1131E18BF012357
:10145000D8E79DF84A30032161F3020312F0780FB8
:101460008DF84A3014BF01230023CBE79DF84830A4
:1014700043F001038DF84830C3E79DF94820002A66
:10148000B4BFDDF84C804FF0FF3806E79F077FF5CB
:1014900013AFDDF850B09DF849100023CDE91333A8
:1014A0009DF84A3003F00703012BC1F3C30132D189
:1014B000CB1E042B04D8DFE803F020454520200094
:1014C000236801294FEAE372CDE910321BD19DF95F
:1014D0004030DA17CDE9103204349DF8483013F06B
:1014E00003074FD0049B03983246514605F0ECFAAF
:1014F0000028C0F25A8105440BE654F8043BDA1781
:10150000CDE91032E9E70229E6D11AB243F3C0333C
:10151000CDE91023E0E7022B24D1CB1E042B04D805
:10152000DFE803F0181010181800012954F8043BE4
:101530004FF0000214D00229CDE91032CDD19BB278
:101540001093CAE7073424F00704F4E80223CDE936
:101550001023C2E754F8043B109300231193BCE717
:10156000DBB2CDE7042B08D1073424F00704D4E91B
:1015700000230834CDE91023AFE7032BADD154F895
:10158000043BDDE79DF84B0078283FF6C2AD6228AA
:101590001ED8252850D058287FF4BBAD0DF13E034E
:1015A0000093DDE910010AAB12AAFFF74DFDBBF174
:1015B000000F814680F2C280B9F1000F3FF4A9AD5F
:1015C0000DF13E06A6EB0903002F7BD0013379E035
:1015D000633815283FF69DAD01A252F820F000BFF8
:1015E000B3160008111700081311000813110008A2
:1015F0001311000813110008111700081311000837
:101600001311000813110008131100085F170008D8
:10161000371700087116000813110008131100088D
:1016200049160008131100083717000813110008A5
:101630001311000837170008039B514698470028EC
:10164000C0F2B380013564E5BBF1000FDDF84090D6
:101650000ADB5946484605F0A1F9B9F1000F3FF4FD
:1016600058AD09EB000620E04846FEF7C9FDF8E753
:101670001098002800F087800DF13E060AAB009616
:1016800012AA0021FFF7E0FCBDF84A3003F0EF0397
:1016900043F4F04343F01003BBF1000F8146ADF873
:1016A0004A304ADA00283FF434ADA6EB090300279C
:1016B00008E0109B8DF8283000270DF129060DF168
:1016C000280901239DF84A1011F01002069260D0FB
:1016D0000233139A059213444A0644BF14995B18C7
:1016E000B8F1000F6EDDA8EB03089DF848305807ED
:1016F000C3F3800B66D459065AD53FB1039B5146BC
:1017000038469847002850DB01355F46302350E0CB
:101710001E075CBFC3F300135F01DDE9102348BF60
:101720002B27002BBFF63AAF524263EB4303CDE9C0
:1017300010232D2732E7002730E700279DF84810B7
:101740000DF13E03A3EB09036FF386119B458DF862
:1017500048107FF631AFABEB030313932CE7109BDC
:1017600007293FF6D6ACDFE801F00C04060C0808A8
:101770000C0C1D70CDE41D80CBE4EA17C3E90052C8
:10178000C7E41D60C5E4314E0746A6F105090523EF
:1017900098E7080748BF01339BE71846079351466F
:1017A000039B98470028079B04DA17B0BDE8F08F29
:1017B0002023C346594600290BF1FF3BEDDC45448D
:1017C0006D1AD84637B1039B5146384698470028D2
:1017D000EBDB01359DF84A30DA0601D41B0706D54C
:1017E000039B5146302098470028DEDB0135069BDD
:1017F0003BB19DF84B00039B514698470028D4DB32
:101800000135059F2F4406E0039B51463020984741
:101810000028CADB01357B1B002BF5DC039833461F
:101820004A46514605F050F90028BEDB0544A8445D
:10183000A8EB0503002B7FF76CAC039B51462020DF
:1018400098470028B1DB0135F2E700BFE2840008C9
:1018500038B50D4604462022002105F04DF8EB680E
:10186000E361AB68A3612B6823626B68636200224B
:10187000A2622A6923B1591E194208BF42F001022F
:1018800022610122002104F12C0006F00FF848B17A
:1018900005490648064A2F2305F036F904482F214A
:1018A00005F029F938BD00BF098500084B83000801
:1018B000E38400082DE9F04F89B0CDE90123436AA4
:1018C00000278B420446884605970797BA4655D3AA
:1018D00000F114064FF0100BEFF3118300938BF31C
:1018E0001288BFF36F8F3046DDF8009004F040FCA3
:1018F00058B94B4A4B494C48882305F005F9314605
:101900004A4805F001F9882160E0304604F054FCB3
:10191000079A2AB13946204605F0D5F900230793E6
:1019200006A9204605F0FDF80699414505462ED347
:101930002268236A13F8221021F0030103F8221011
:1019400003EB820A21684246204605F00EF9E3685F
:101950002060984216D00025304604F017FC40B3B2
:1019600089F31188BFF36F8F059929B1A2690AB174
:101970002046904700230593002DADD1504609B075
:10198000BDE8F08F236943F008032361E3E718B152
:10199000204605F004F9DFE7DDE90132134337D0D3
:1019A000039105F08FFF039990BB304604F0EEFBE6
:1019B00078B91B4A1E491C4840F2311305F0A4F8BF
:1019C00031461C4805F0A0F840F23111144805F0EA
:1019D00092F8009B83F31188BFF36F8FDDE9012339
:1019E00004F12C0003F0FEF90546EFF311898BF3A7
:1019F0001288BFF36F8F304604F0BAFB00283FF423
:101A000078AF3046B5FA85F504F0D6FB6D09A3E74B
:101A100007AB05AA2046276805F0DEF805469BE7D8
:101A2000128500083F8500084B8300085485000894
:101A30006A850008818500082DE9F0410446C369E4
:101A400008460E46984704F114050746EFF311883F
:101A5000102383F31288BFF36F8F284604F088FBAE
:101A600068B91B4A1B491C48882305F04DF82946D4
:101A70001A4805F049F88821154805F03CF8284631
:101A800004F09AFB337843F00103337061683A46FF
:101A9000204605F06AF86060204605F02FF92846D8
:101AA00004F074FB68B90A4A0D490B4840F231133F
:101AB00005F02AF829460B4805F026F840F23111C6
:101AC000DAE788F31188BFF36F8FBDE8F08100BFBC
:101AD000128500083F8500084B83000854850008E4
:101AE0006A850008818500082DE9F843044600F165
:101AF0001407EFF31188102383F31288BFF36F8F5D
:101B0000384604F035FB054668B9354A354936484C
:101B1000882304F0F9FF3946344804F0F5FF8821A2
:101B20002F4804F0E8FF384604F046FB2369A2681A
:101B300013F0080F02D163689A4200D9636A9B1AB6
:101B4000002B3FD0216A11F8223013F0030001EB83
:101B500082093AD0022803D151F82260B60805D193
:101B6000D8071FD4E369484698470646A16832461D
:101B7000204604F0FAFF3146A060204605F003F845
:101B8000384604F003FB10BB154A1949164840F2C9
:101B9000311304F0B9FF3946164804F0B5FF40F29E
:101BA0003111BDE743F0020301F822304846E369F2
:101BB000A568984729460246204604F0D6FF00252E
:101BC000A060DDE71D46A946DAE70546FBE788F396
:101BD0001188BFF36F8F002D8BD14846BDE8F88385
:101BE000128500083F8500084B83000854850008D3
:101BF0006A850008818500082DE9F0410446C36923
:101C000008460D46984704F114060746EFF311887D
:101C1000102383F31288BFF36F8F304604F0A8FAC5
:101C200068B9284A28492948882304F06DFF3146BD
:101C3000274804F069FF8821224804F05CFF304601
:101C400004F0BAFA2B786FF300032B7023699B071B
:101C500005D5E268236A03EB82039D4222D12B78EB
:101C60006FF341032B70D4E90231994204D13A4613
:101C7000204604F07AFFA0603946204604F083FF36
:101C8000304604F083FA90B90E4A12490F4840F2E8
:101C9000311304F039FF31460F4804F035FF40F2AC
:101CA0003111C9E72B6867F39F032B60E8E788F3DE
:101CB0001188BFF36F8F04F12C00BDE8F04103F0F1
:101CC00039B800BF128500083F8500084B83000823
:101CD000548500086A85000881850008034A536816
:101CE00023F0020353600020704700BF002004E08F
:101CF000134B1A6842F400721A601A6842F4806248
:101D00001A601A6842F480721A600E4B0E4A1A600A
:101D10000E4A536843F0010353600D4B9A6D42F035
:101D200080529A659B6D0B4A82B003F080530193F9
:101D3000019B9368002043F48043936002B0704796
:101D400000200240480000200024F400002004E0AD
:101D5000001002400070004030B51049104889B0B2
:101D6000002205F0F6FD0F4D0F4900220023CDE9BA
:101D7000062300240E23CDE90334CDE901440B4BA7
:101D800000944FF40062284603F00AF908492846F7
:101D900005F09EFD204609B030BD00BFF51E0008CD
:101DA00058050020D000002000090020D92100089B
:101DB000968500082DE9F047DFF85880044607466D
:101DC0004FF0010914B93846BDE8F08794FAA4F53C
:101DD000B5FA85F509FA05F32E0108EB05156FEA4A
:101DE000030A24EA03042B7B002BEBD058F80630BF
:101DF0001B694BB94644042273682846196807EAF0
:101E00000A0700F0F1FADDE7284698470028D9D103
:101E1000F0E700BFB07E00082DE9F047DFF8B4908E
:101E20002D4CA9EB04038F2B80460F460BD92B4971
:101E30002B4A2C4840F23F1304F066FE40F23F115B
:101E4000274804F058FE284804F085FF064660B392
:101E500000252846BDE8F087237B6BB12368DB684B
:101E60000BB12046984723681B69B3B96368042205
:101E70001968204600F0B8FA013610344C4518D9DC
:101E80001A49174A17484FF4A67304F03DFE184844
:101E900004F03AFE4FF4A671D2E720469847002896
:101EA000E4D00AFA06F31D43E6E705464FF0010ABF
:101EB000E4E7D1D3B8F1000FCBD0002DC8D028462D
:101EC000FFF778FF0546002FF7D00021642003F0CC
:101ED000CBFFF2E7C07E0008B07E0008CB8500088B
:101EE0009E8500084B83000858070020FB850008EA
:101EF0001C860008014802F01DBF00BFBC00002086
:101F0000014B53F820007047DC7E000808B50346FB
:101F100008462BB1044A136000F0ACFD002008BD58
:101F20006FF01500FBE700BF0400002010B5044C63
:101F3000237813B9034802F0FDFE0123237010BD7E
:101F4000D0080020BC00002010B50446084804F06A
:101F500002FF5CB1BFF35B8F064B53E8001F0139F2
:101F600043E80012002AF8D1BFF35B8F10BD00BF19
:101F700050070020540700200020064BBFF35B8F62
:101F8000014653E8000F43E80012002AF9D1BFF3DD
:101F90005B8F70475007002070B5FFF7EDFF104CC6
:101FA000104E0546B44219D90F49104A104840F264
:101FB000FF1304F0A9FD0F4804F0A6FD0B4840F202
:101FC000FF1104F098FD63685B792BB123685B68AF
:101FD00013B12946204698471034E3E7F3D370BD88
:101FE000B07E0008C07E0008FB8500089E850008C2
:101FF0004B8300081C86000810B5044C0449204699
:10200000FFF726FC034B1C6010BD00BF7C000020C6
:10201000C87E000848070020084A094808B5002380
:102020001370084A1360084A4FF47A711360FFF77F
:102030006DFFBDE80840FFF7DFBF00BFD1080020FB
:10204000716D00085007002054070020014600224F
:1020500001480023FFF72EBC7C0000200148FFF759
:1020600043BD00BF7C000020024B01461868FFF70B
:10207000C3BD00BF48070020014804F04CBE00BFAC
:102080007C00002070B52D4B1878002854D0FFF745
:10209000E5FF054660B3BFF35B8F294B53E8001F94
:1020A000013943E80012002AF8D1BFF35B8F254CB9
:1020B000254EB44218D92549254A264840F2F31343
:1020C00004F022FD244804F01FFD214840F2F311E2
:1020D00004F011FD63685B7923B1236829461B680E
:1020E000204698471034E4E7F4D32846FFF7BCFFB6
:1020F0001A4B1B4C1B68002B12DD05F028FC0A2232
:102100000023FEF7EBF8D4E90032C01A40F2E933BD
:1021100061EB0201984271F1000101D3FFF73CFF2E
:10212000D4E9003213F57A7342F10002C4E90032B7
:10213000BDE87040FFF7A0BF70BD00BFD008002011
:1021400054070020B07E0008C07E0008FB85000810
:102150009E8500084B8300081C860008500700205D
:102160005005002070B5154D297829BB0120FFF7D7
:1021700053FE134C134EB44217D91349134A144853
:102180004FF4DC7304F0C0FC124804F0BDFC0F48AF
:102190004FF4DC7104F0AFFC63685B791BB123681A
:1021A00020469B6898471034E5E7F5D3FFF76AFFB0
:1021B0000028FBD101232B7070BD00BFD108002087
:1021C000B07E0008C07E0008FB8500089E850008E0
:1021D0004B8300081C8600082DE9F0472F4B304F39
:1021E000FB1A1B090BD12F492F4A304840F28D337F
:1021F00004F08AFC40F28D312B4804F07CFC002175
:102200000846FFF709FE044640B34FF4FA784FF052
:10221000000903F061FE264B186030B1254B1B68A6
:10222000092B02DD244802F085FDDFF88CA0002593
:1022300044B12046FFF7BEFD044618B94FF0FF3801
:102240004FF0FF39FFF71EFF064628B95DB9424639
:102250004B46504602F0C6FD3546E9E74FF0FF38E1
:102260004FF0FF39D5E70D4D08E0F0D22B689B69A0
:102270001BB100221146284698471035BD42F4D9BB
:102280000E49094A094840F2813304F03DFC0C48EC
:1022900004F03AFC40F28131AEE700BFB07E0008A6
:1022A000C07E00083B8600089E8500084B8300081E
:1022B0004C07002054070020BC000020FB850008CC
:1022C0001C86000813B52C4804F045FD2B4B1B78E9
:1022D000002B35D0EFF31184102383F31288BFF362
:1022E0006F8F274803F044FF68B9264A26492748DC
:1022F000882304F009FC2249254804F005FC8821C4
:10230000204804F0F8FB1E4803F056FFFFF7BAFE22
:102310001B4803F03BFF68B91A4A1E491B4840F2AC
:10232000311304F0F1FB16491B4804F0EDFB40F2B9
:102330003111E5E784F31188BFF36F8F02B010BD50
:10234000164B1B68002BF9D050B900220023CDE9B1
:102350000023134842F21072002304F05DFAEDE707
:102360000928EBD10E4805F000FB0E4802B0BDE88D
:10237000104002F0DFBC00BF54070020D10800204D
:1023800044070020128500083F8500084B830008A1
:10239000548500086A850008818500084C070020E4
:1023A00058050020BC00002010B5064B1B680446F1
:1023B00098472146A0600448FFF73EFBBDE8104067
:1023C000FFF780BF040000207C000020044A054B7A
:1023D0009B1AB1EBD30F34BF52F831000020704785
:1023E000687E0008B07E00080E4BC31A1B11013333
:1023F00010B5DBB248B90C490C480D4ADF2304F094
:1024000083FB0B48DF2104F076FB446823714368AB
:102410009A7143681960436801225A71BDE81040FF
:10242000FFF784BDB07E0008DB8600084B83000800
:10243000A38600082DE9F04F8FB004AFC1F34A28FE
:10244000B8600D4691467B600C0DB8F1000F68D066
:10245000002607F114034FF0040B4FF00A0AC7F8E7
:102460000C80C7E907667E620193CDF808B0CDF80D
:1024700000A007F11C03F96832464846FEF77EFBD0
:10248000B0F5006F03461CD36C468AB0D9F804102F
:1024900004AB2C48C3E9050140F2FF71D9611A462B
:1024A0004FF400711984284B42F8103F27483346F7
:1024B0004FF41251FFF7BEFFA5462C37BD46BDE8CD
:1024C000F08FC0F30A0804F11700184420F0070049
:1024D00080083B60FFF7BAFD68F35325044640B31C
:1024E0003B681B4AC7E9083600F1100107F11403E5
:1024F000F961CDE900A3CDF808B0F96807F11C0334
:102500004846FEF73BFB002813DA12491248134AEB
:102510004FF4A37304F0F8FA10484FF4A37104F0D9
:10252000EAFA04F1170020F007008008FFF78EFD9B
:10253000044668F353257B68B9682A46204604F0B0
:1025400048FCBAE7FB86000804000001787E00081A
:10255000A76D0008678700084B8300083A870008CA
:102560002DE9F04F87B0DDE91279DDE9106A044604
:1025700003919346984627B3CDF800903B465246C8
:1025800010210020CDF81490FEF7E2F8051E0BDABA
:102590002649274A274840F2651304F0B5FA40F26D
:1025A0006511234804F0A7FAB5F5006F0ADB224A4B
:1025B000224840F2FF73022107B0BDE8F04F04F05B
:1025C00061BC3D4606F11700284420F0070004F0E6
:1025D00007048008FFF73AFD0BF0070BE40044EA1C
:1025E0008B1444EA452444EA06540646A0B19FB140
:1025F000CDF800903B46524629461030FEF7A8F829
:10260000002809DA09490A4A0A4840F2851304F009
:102610007BFA40F28511C4E70399434622463046CF
:1026200007B0BDE8F04F04F0D4BB00BF66870008D8
:102630003A8700084B83000870870008787E0008FE
:10264000406820B1034BC01A40F3CF0070474FF0F1
:10265000FF307047687E00080EB403B503AB014637
:1026600053F8042B0448019304F024FC02B05DF8F5
:1026700004EB03B0704700BF99260008CA0605D4D2
:102680008B064CBF02490349FFF7E6BF704700BF06
:10269000B7970008A887000838B54B681A68CB6858
:1026A0009A4205460C4602D1084604F00AFC6368CB
:1026B000BFF35B8F53E8002F511C43E80010002844
:1026C000F8D1BFF35B8FA3689D5463681A68E36811
:1026D0009A4209D905490648064A7A2304F014FAB1
:1026E00004487A2104F007FA002038BDDA87000890
:1026F0004B830008AB8700082DE9F04F89B09A465C
:10270000149B06939DF84CB0159B0593169B179E42
:10271000049304460D469046BBF1000F00F0AD80D7
:10272000BBF1040F0BD9A449A44AA54840F2622387
:1027300004F0EAF940F26221A04804F0DCF906F462
:102740008073079304F02DFB06F00209024600286F
:102750003FD09C492046FFF77FFF0746B9F1000FA5
:1027600008D016F0440F36D197492A462046FFF785
:1027700073FF074406F0010353B1944B944953F897
:102780002B20944B2046002A08BF1A46FFF764FF0F
:1027900006F48073002B4AD006F00803002B64D1A6
:1027A000B8F1000F67D08C4942462046FFF754FF2E
:1027B0000546069B3D44002B6ED1049B002B40F048
:1027C0008380F30700F1F18031462046FFF756FF82
:1027D000E5E00746C2E7814B18680028C9D0804B66
:1027E0004FF47A791B68B5FBF3F54FF46161B5FBE3
:1027F000F0F300FB135509FB05F54FF03C0CB3FB60
:10280000F1F201FB1231B5FBF0FEB1FBFCF300FB72
:102810001E550CFB131109FB05F50091B5FBF0F5F6
:102820007049CDE901E52046FFF716FFA1E706F064
:102830000803EBB16C4B6D4953F82B202046FFF792
:102840000BFF0546B8F1000F05D06349424620460C
:10285000FFF702FF0544BAF1000FAAD064495246BF
:102860002046FFF7F9FE0544A3E74FF0000AE1E731
:1028700006F00805E6E745469BE7BAF1010F069B1F
:1028800006D1DBB9049B002B00F0898000251BE0FA
:10289000002BF7D0574812E05748069B574922466D
:1028A00004F08FF800280CDA5549444A44484FF4A4
:1028B0002F7304F029F94FF42F713DE74E485D4620
:1028C000EBE7049B002B66D0DFF83881DFF8389106
:1028D000049F3146102F204628BF1027FFF7CEFE59
:1028E0004FF0000A554543DC059B49461A782046BF
:1028F000FFF7B2FE4FF0010A1AF0070F03D141466D
:102900002046FFF7A9FE574539D9059B494613F8DC
:102910000A202046FFF7A0FE0AF1010ABAF1100FC3
:10292000EAD13A4920464FF0000AFFF795FE524699
:10293000059B9A5C364B995C11F0970F08BF2E22CD
:1029400034492046FFF788FE0AF1010ABAF1100F58
:102950001AD01AF0070F03D141462046FFF77CFE3C
:1029600057455246E4D841462046FFF775FEEBE74F
:1029700041462046FFF770FE0AF1010AB2E72649F8
:102980002046FFF769FEC7E7059B3B440593049B80
:10299000DB1B04939CD1BBF1000F7FF412AF2046E8
:1029A00009B0BDE8F04F04F08CBA0A4A0849204645
:1029B000FFF752FE08E700BF0F880008AB8700084A
:1029C0004B8300081B8800081F880008EC7E000865
:1029D000448800080A88000847880008600700202B
:1029E0005C07002028880008007F00084B8800084A
:1029F00051880008DD6E000899260008B56E0008B1
:102A000056880008678800085F8800086988000801
:102A1000AD8100086B8800086588000873B542F234
:102A20000F738B4228BF0B4605680F4A04460521E9
:102A3000684604F032F863680C495B6806460B226E
:102A4000284604F029FA63683246694628465B68DE
:102A500004F022FA636806495B681B22284604F0EA
:102A60001BFA02B070BD00BFD38900088A88000835
:102A70006E880008074A00210123904206D8064AC2
:102A800001B901231360054B1860704740085B00D3
:102A90000121F2E740420F005C07002060070020A0
:102AA000F8B5074F0D4604464618B44201D12846F2
:102AB000F8BD14F8011BBB6801485B689847F4E750
:102AC000047B000810B543681C68094804F0B8FE90
:102AD00048B908490848094A992304F015F80748F5
:102AE000992104F008F823685B685C6010BD00BFA2
:102AF000047B0008F48800084B830008B6880008AF
:102B0000014B036000207047487F00082DE9F04723
:102B1000064600AF0C46002936D0E9468AB0D1E916
:102B20000012A3686D462148A8464FF0050AC5E982
:102B30000501C5E9072348F810AF1D4842460023A8
:102B40004FF42151FFF776FCCD46D4E903126369B7
:102B5000AD461848C5F810A0C5E90501C5E9072329
:102B60001348002342464FF42151FFF763FCCD4642
:102B7000E369114A0E48012104F084F9A3690F4A60
:102B80000B48012104F07EF9012E07D1EFF30583F4
:102B90000B4A0748103B314604F074F92146304691
:102BA00001F0B0FEBD46BDE8F08700BF28890008EF
:102BB000987E0008578900088689000895890008D2
:102BC000C389000808B5034B1B689847BDE8084057
:102BD00000F006B81000002030BFFFF7FDBF00BFB7
:102BE000074A936893F90E10002907DB5269934254
:102BF0001FBF044A536843F080535360704700BFBF
:102C00009008002000ED00E070B5294C06460D4606
:102C10002848294904F0CBF9A36AD9043CD52548B2
:102C2000264904F0C4F91720A36A1A0504D52148DF
:102C3000234904F0BCF918201D4CA36A9B0512D54A
:102C40001C48204904F0B3F9A36BA26A100409D50B
:102C50001D4A1848012104F015F91EB1A36A23F496
:102C60000043A3621920124CA36A590504D51148E8
:102C7000164904F09CF91A20A36ADA050ED50D480E
:102C8000134904F094F91B20094A936A43F47F43E3
:102C9000936200232B7070BD1620C5E7A36A9B04C6
:102CA000F2D504480B4904F082F91C20ECE700BF80
:102CB00000ED00E0987E0008D6890008EC89000845
:102CC000FD890008108A0008298A00083E8A000849
:102CD000598A0008718A000810B5204C2049214803
:102CE00004F065F9A36A990136D51E481E4904F01F
:102CF0005EF91E20A36ADA0104D51A481B4904F0C4
:102D000056F91F20154CA36A1B0304D51548184912
:102D100004F04DF92120A36A590304D5114815493F
:102D200004F045F922200D4CA36A9A0304D50D48FE
:102D3000114904F03CF92320A36ADB0304D50948B8
:102D40000E4904F034F92420044A936A6FEA0343DD
:102D50006FEA1343936210BD1D20CBE700ED00E046
:102D6000A08A0008987E0008B88A0008CB8A00086C
:102D7000E58A0008038B0008288B0008428B0008B6
:102D80002DE9F8433F4D804689463F483F49174665
:102D900004F00DF9AB6ADA0627D53D493A4804F04C
:102DA00006F91124AB6A1B0704D53A49364804F0EA
:102DB000FEF81224334DAB6A9E0718D536493248C7
:102DC00004F0F5F86E6BAB6A1C0646D5334A2E4804
:102DD0003346012104F056F8B9F1000F03D0AB6A75
:102DE00023F08003AB62132403E01024DAE76FF0D2
:102DF0001506244DAB6AD80704D52949224804F0AA
:102E0000D6F81424AB6A990604D526491E4804F066
:102E1000CEF815241B4DAB6ADA0602D4AB6A9B07C9
:102E20000AD56B68180507D54146304600F082FA8E
:102E3000B0B180F309880224124B9A6A920642BF0D
:102E40005A6A22F400525A629A6A42F0FF029A6267
:102E500000233B702046BDE8F8836FF01506C2E7FB
:102E6000AB6AD906E8D51049104A114840F25D1303
:102E700003F04AFE0F4803F047FE0C4840F25D1194
:102E800003F039FE00ED00E0987E00086D8B00082D
:102E9000838B0008FD890008B68B0008CE8B0008E4
:102EA000E48B0008718A0008358C0008038C000848
:102EB0004B8300087F8C0008F0B5794B8BB004463B
:102EC000586800AFC0F30803002686F31188BFF3EB
:102ED0006F8F02F07F45B5F17F4F07D102F00C05EF
:102EE000082D12D16F49704804F061F86F49704A9B
:102EF00070484FF48B6303F007FE6F4803F004FE45
:102F00004FF48B616A4803F0F6FD15074CBF0C4681
:102F10000126002CEAD00022FA71DA1E092A00F2FA
:102F20009E80DFE802F0059497779C9C9C9C9C9A7D
:102F300062495D485A4D04F03AF80023FB71EB6A90
:102F40009A0705D55E49584804F031F8002329E076
:102F5000EB6A002B01DA5B49F5E7EB6A5B0069D5A8
:102F60005949514804F023F86B69A26943F480730E
:102F70006B61BFF34F8FBFF36F8F6B6932F8022C19
:102F800023F480736B61BFF34F8FBFF36F8F4DF6E8
:102F900002739A4227D123684C4A4348012103F027
:102FA00071FF2368FA79DAB907F1080504F1200CFA
:102FB000206861682A4603C2083464451546F7D183
:102FC0007A6A002E67D0C2F3080121B96FEA522253
:102FD0006FEA42227A6207F108011846FFF796FD70
:102FE0002C37BD46F0BDAB6ADBB233B1FA1D01210F
:102FF0002046FFF7C5FE0346D4E7AB6A13F47F4FC4
:1030000004D0F91D0120FFF7FFFDF4E7AB6AB3F52B
:10301000803F02D3FFF760FEEDE72D49244A2548A3
:1030200040F22A3303F070FD2A4803F06DFD40F2B0
:103030002A3167E726491E4A1E4840F22E3303F024
:1030400063FD254803F060FD40F22E315AE7FA1D7A
:103050000021CDE7F91D0020D5E7204973E7204A7C
:10306000204910F4F87F6D468AB018BF11466A46B1
:10307000103BD3611C484FF4007313841B4BC2E90F
:10308000050142F8103F084800234FF41151FFF7A3
:10309000D1F9AD465AE722F4FF7222F0010299E716
:1030A00000ED00E0D08C0008987E0008FB8C000842
:1030B000038C00084B8300080E8D00084C8D00081F
:1030C000638D0008848D0008928D0008B18D000882
:1030D00010850008CD8D0008F18D0008218E0008B4
:1030E000B78C0008A28C0008458E0008040000017F
:1030F000024A536943F010035361704700ED00E04A
:10310000EFF30880EFF3098101B57246FFF7D4FEB3
:1031100001BD00BF102080F3118808484FF40461FE
:10312000401880F30988EFF314800221084380F3EC
:103130001488BFF36F8F00F0BDF80000401100202D
:10314000084B9B6883420BD1EFF3058343B1064BD9
:103150005A6842F080525A605A6A22F400425A6217
:1031600002F0C0BE9008002000ED00E0094A93681C
:103170006FF00A019967084958674B6843F080531C
:103180004B60002383F31188BFF36F8F9368986FB0
:10319000704700BF9008002000ED00E010B5044625
:1031A000EFF31183102383F31288BFF36F8F094B62
:1031B00058699860084B4FF000625A600022436FD4
:1031C000426783F31188BFF36F8F00F017F9204631
:1031D00010BD00BF9008002000ED00E00B498A6898
:1031E0004FF030001044EFF3098C80E8F01F744674
:1031F0007046FFF7D3FFA64604498A6802F1300003
:1032000090E8F01F8CF309887047000090080020B8
:103210001EF0040F0CBFEFF30880EFF30980816903
:1032200011F8021C0229FFD001B503F0BCFE01BD5C
:1032300040B2002807DB044A4109012300F01F00C7
:10324000834042F82130704700E100E038B54B1C64
:103250000F2B04460D460FD9114A12491248582324
:1032600003F052FC114829460F23224603F04CFC80
:103270000B48582103F03FFC40B20028ACBF00F1DE
:1032800060400B4A4FEA0313B8BF00F00F00DBB2F7
:10329000AABF00F56140135480F8003338BD00BF69
:1032A000588E00088F8E00084B830008AA8E0008F5
:1032B00014ED00E00F4A08B50F4B22F07F029A6030
:1032C000BFF34F8FBFF36F8FD3F8882022F47002C3
:1032D000C3F88820EFF3148323F0040383F31488E6
:1032E000BFF36F8F01F034FC02F06EFF00F05CF86A
:1032F00001F072FC0000000800ED00E042F8203C04
:10330000009B42F81C3C0A49019B42F8183C029B76
:1033100042F8143C21F001014FF0807342F8043C64
:1033200042F8081C0023203A02654367704700BF3B
:10333000B56A0008094A0346906870B113F1160F88
:10334000406E05D0A0F140029A4205D8834203D2D4
:10335000814228BF0020704700207047900800205D
:1033600008B50B4B0E461546986000F047F82C4602
:1033700086F309884FF00000064B984720464FF02F
:1033800000014FF000024FF00003034C204700BF44
:1033900090080020BF6F0008B56A0008014B10229A
:1033A0001A61704700ED00E0044800231021C218A4
:1033B0000133662B82F80013F9D1704700E100E079
:1033C00008B5EFF30583064A103B02EBC30152F840
:1033D000330049688847BDE80840FFF701BC00BFDB
:1033E0002C7B0008024B034A0348012100F08AB8F5
:1033F0000000022000000020487F0008426E054BBC
:10340000403A1A60044A4021C3E9011218460121DA
:1034100000F09EB88807002000000B1508B5034691
:103420001048D0F89020C2F30722013A934207D9FE
:103430000D480E4A012103F025FD6FF0150008BD6F
:10344000C0F898300A6822F01F021A4342F01002B6
:10345000C0F89C208A6842F00102C0F8A0201846FB
:10346000EDE700BF00ED00E0907E0008EE8E000862
:10347000F0B50E4685B01F4604460025B5420DDA6C
:10348000606810B397B1431E18420AD0104A114821
:103490002B46012103F0F6FC6FF01502104605B033
:1034A000F0BD1F28F2D921680B42EFD123680193A8
:1034B00003F099FDA36801A90343D0B20393FFF77A
:1034C000ADFF10F1160FE7D0421C01350C34D5E7E3
:1034D000148F0008907E0008044B0522C3F8942046
:1034E000BFF34F8FBFF36F8F704700BF00ED00E059
:1034F000BFF35F8F024B0022C3F89420704700BFD8
:1035000000ED00E038B50D4D01232A780C46FFF799
:10351000AFFF287016300FD1094A0A490A484FF404
:10352000B47303F0F1FA0948214603F0EDFA0448B8
:103530004FF4B47103F0DFFA38BD00BFD3080020A8
:10354000378F0008108500084B830008668F00083D
:1035500010B5144A002312780C46FFF789FF10F1CA
:10356000160F08D0104A0021D2F89030C3F3072379
:10357000984210DB10BD0D4A0D490E4840F28713EA
:1035800003F0C2FA0C48214603F0BEFA074840F2A5
:10359000871103F0B0FAC2F89800C2F8A010013009
:1035A000E2E700BFD308002000ED00E0378F0008FD
:1035B000108500084B830008928F00082DE9F04F1A
:1035C0007B4C7C49D4F890300D68C3F307239D42AF
:1035D00085B013D9784A7949794840F29F1303F0AE
:1035E00093FAD4F8902077482946C2F3072203F0D3
:1035F0008BFA40F29F11704803F07DFAFFF778FFD5
:1036000049680022954201F10C012DD16E4C6F4F9B
:1036100025706846FFF774FADFF8B481DFF8B491DB
:1036200006460025AE4232D1237861490020D1F808
:103630009020C2F307229342C0F2AF80FFF74CFF05
:10364000D1F89030C3F30723082B00F0AC80624917
:10365000594A5B4840F20F2303F056FA5F4803F0E3
:1036600053FA40F20F21C6E7C4F8982051F80C3CF9
:1036700023F01F03134343F01003C4F89C3051F8A8
:10368000043C43F00103C4F8A0300132BAE7009AC9
:1036900002EB05132901D3F80CA00AEA0700B0F5E4
:1036A000000F60D00AD8B0F5001F38D0B0F5800FF9
:1036B0004ED0B0F5801F12D00135B3E7B0F1807F56
:1036C0005CD0B0F1007FF7D19868D3F804A05258CD
:1036D00003F089FCCDE901A240F480200BE098685A
:1036E000D3F804A0525803F07EFCCDE901A240F0CB
:1036F000885040F430200390207801A9FFF78EFE17
:10370000002846DA2D492C4A2D4840F2C91303F00F
:10371000FBF9334803F0F8F940F2C9116BE79868F8
:10372000D3F804B0525803F05EFC1AF0010F40EADF
:103730000800CDE901B20390DED02A491E4A204894
:103740006D2303F0E1F9284803F0DEF96D2152E71B
:103750009868D3F804A0525803F045FCCDE901A2C3
:1037600040EA0900C7E79868D3F804A0525803F06C
:103770003AFCCDE901A240F08270BCE79868D3F82A
:1037800004A0525803F02FFCCDE901A240F088704C
:10379000B1E72378013323708EE7C1F89830C1F880
:1037A000A000013343E7002005B0BDE8F08F00BF63
:1037B00000ED00E0547F0008378F000810850008F6
:1037C0004B830008BF8F0008D30800200000F0FFE3
:1037D000000008110000020772900008C290000863
:1037E00048900008F38F00081990000808B50B4BAB
:1037F000C3F1005303F50033B3F5005F0CD2084961
:10380000084A0948892303F07FF9084803F07CF946
:103810000448892103F06FF9002008BD401F0020F3
:1038200022910008F29000084B8300086B91000879
:10383000014B1860704700BF140000202DE9F041D3
:103840000F4E104F054600244FF001082B7853FA15
:1038500084F01F280DDC726908FA00F333EA0202D3
:1038600007D1736157F830301BB107EBC0025168C4
:1038700098476A780134E3B29A42E7D2BDE8F08112
:103880000004014094070020044B18440023013336
:10389000994200F8012BFADC704700BF5400002069
:1038A00010B4064B064902460C6818560123934093
:1038B00023430B6010BCFFF7BBBC00BF54000020CB
:1038C000000401401F2806DC034901220B688240E6
:1038D00023EA02030B6070470004014003292AD841
:1038E000DFE801F0020E141F134B01229968824099
:1038F00021EA02019960D96821EA0202DA60704780
:103900000D4B0122996882401143F3E70A4B0122D3
:10391000D96882401143D960996821EA02029A600D
:103920007047012303FA00F0034B9A6802439A6040
:10393000DA681043D86070470004014030B50A4B84
:1039400053F830408C4204D103EBC0056D689542BA
:1039500005D034B943F8301003EBC0035A6000209F
:1039600030BD6FF00F00FBE794070020034B0022EF
:1039700043F8302003EBC0035A60704794070020DF
:1039800010B5214B18680B68082B144616D00B2B6A
:103990000BD89BB1013B0A2B10D8DFE803F01716B8
:1039A0002E163331160F1A252500582B0ED008D8A5
:1039B0004C2B0BD0502B09D0482B07D06FF0850033
:1039C00006E05C2B02D0602BF7E70020206000208F
:1039D00010BD00F0C1F80623B0FBF3F055235843A7
:1039E0000723B0FBF3F0F1E700F0B6F80623B0FBD5
:1039F000F3F0552358434008E8E74FF4FA40E5E771
:103A00000248E3E70248E1E74800002000366E0183
:103A1000006CDC02F8B54C4F4C4C00F0BBF838465B
:103A200003F0BAFB00F098FEA368494AC3F30313FE
:103A30001578D35C05F01F0503F01F0320FA03F689
:103A400047FA05F5AE4202D2284600F0BBFE2368D5
:103A500023F480232360236843F4803323602368A6
:103A60009A03FCD5D4F8943043F00103C4F89430A1
:103A7000D4F894309B07FBD5D4F8983043F0010379
:103A8000C4F89830D4F898309807FBD5A36803F0B1
:103A90000C030C2B18D12368590506D4236843F472
:103AA0008073236023685A05FCD5A36823F00303C1
:103AB00043F00103A360A36803F00C03042BFAD1C5
:103AC000A36823F0F003A360236823F080732360CE
:103AD000E36823F0605323F4003343F06053E36062
:103AE000E36843F48033E360E36823F4C003E360F6
:103AF000E36843F48013E36000F032F8236843F096
:103B00008073236023689B01FCD5A36823F0F00336
:103B1000A360A36843F00303A360A36803F00C034E
:103B20000C2BFAD1AE4202D3284600F04BFE094BD3
:103B30001F60A36823F4E063A360A36823F46053C9
:103B4000A3600020F8BD00BF80FE210A00100240E3
:103B50001A950008480000200048704700366E01A2
:103B60000A4AD2F8803023F48073C2F8803002F51C
:103B7000D032074BD1680B4043F4AA4343F05303C0
:103B8000D360D36843F08073D36070470070004007
:103B90000C80FFF9064B9A6D42F080529A659B6D3E
:103BA00082B003F080530193019B02B0704700BFC5
:103BB0000010024008B5074803F042FE38B106483D
:103BC000FFF736FE0448FDF70DFA002008BD6FF040
:103BD0001200FBE7047B0008DD3B00080A2838B52B
:103BE000074D044604D1AB680D215B682846984711
:103BF000AB6803485B68E1B29847204638BD00BF18
:103C0000047B000810B5036961B92049204A2148A6
:103C10003A2302F079FF204802F076FF3A211C484F
:103C200002F069FF486850B91C49194A19483B23FA
:103C300002F06AFF1A4802F067FF3B21EFE798683D
:103C4000F8B1884219D1DC6808689860A14200D1B7
:103C5000D860002008602AB19A680A60DA68996022
:103C600002B9D960002010E0814206D108682060C6
:103C7000D8688142EDD1DC60EBE70446006800289B
:103C8000F2D1002AE8D16FF0150010BD679200084C
:103C90002B9200084B830008709200087F92000866
:103CA0009192000838B5036904465860084D2846CB
:103CB00003F0C6FD40B16168AB680C311B68284653
:103CC000984700EAE07038BD6FF01200FBE700BFD4
:103CD0003C7A000870B5D1E9016119B101250C6881
:103CE000854001B970BD8A682A4010D04B6863B91D
:103CF0000A490B4A0B485D2302F006FF0A4802F00E
:103D000003FF07485D2102F0F6FE304698471CB1DC
:103D1000236821461C46E4E72346FAE7A8920008F8
:103D20002B9200084B8300089192000873B50C4653
:103D30001146B1F5001F456802691E4628D104F0FE
:103D4000030304339B000F229A4042EA940202F0DC
:103D500003030233374951F82310130C93FAA3F3EA
:103D6000B3FA83F301EA124203F01F0322FA03F3CA
:103D7000AA689A4209D12046FFF7A4FD2046FFF722
:103D8000F5FD00212046FFF7A9FD002002B070BD1F
:103D9000B1F5800F44D028492046FFF7CFFD002819
:103DA00041D1B6F1806F37D0B6F1C06F36D0B6F1E1
:103DB000007F3BD10226214AAD6892E803006B46A2
:103DC00083E803001E488268194612689047D8B9F4
:103DD00004F0030304339B000F21994041EA94014E
:103DE00001F003039B0003F1804303F580330A0CC9
:103DF000986892FAA2F2B2FA82F202F01F0220EA66
:103E0000114195400D439D6020463146FFF766FD08
:103E10002046FFF745FDB8E70126CCE70326CAE7B1
:103E20006FF08500B2E76FF00F00AFE76FF015009D
:103E3000ACE700BF00000140D53C0008C07E000890
:103E40003C7A00082DE9F047264F044600EBC106F6
:103E50000025B44201D1002014E02068C30600F020
:103E60001F0811D4656845F02005C0F3481AC0F357
:103E700044200F2832D857F82090B9F1000F1CD1F8
:103E80006FF01200BDE8F087B8F1100F13D0B8F151
:103E9000110F01D16568E8E7B8F1000FE5D11249CB
:103EA0001248134A4FF4887302F02EFE10484FF464
:103EB000887102F020FE3025D7E7484603F0C0FCA9
:103EC0000028DDD043462A460AF00F01484603F099
:103ED00040FA002804F10804BBDAD3E76FF01500BC
:103EE000D0E700BF40800008499300084B830008DA
:103EF00016930008012912D0022907D089B9006859
:103F0000094BC01A18BF0120000370470068064B18
:103F1000984214BF4FF440504FF4005070470020B7
:103F200070474FF4005070470080004043681B68A2
:103F300003F1080252E8002F42F0010203F10800E9
:103F400040E800210029F3D10F4A93420FD0A2F597
:103F5000744293420BD002F58062934207D002F57F
:103F60008062934203D002F58062934203D15A6883
:103F700042F040025A6053E8002F42F4807243E856
:103F800000210029F7D170470038014043681B68C1
:103F900003F1080252E8002F22F0010203F10800A9
:103FA00040E800210029F3D10F4A93420FD0A2F537
:103FB000744293420BD002F58062934207D002F51F
:103FC0008062934203D002F58062934203D15A6823
:103FD00022F040025A6053E8002F22F4807243E836
:103FE00000210029F7D170470038014070B51D4607
:103FF000094B002633F812203346FCF76FF909020B
:1040000041EA10616C08000220182A46334641F14B
:104010000001FCF763F970BDAE8200082DE9F043A2
:1040200083B002694368064610681D680C46D9686B
:104030008368DB6800AF43B9494A4A48012102F06E
:1040400018FF0C37BD46BDE8F0833A1D984700289D
:10405000F2DB454B9D4268D1D7F80480DFF80C9124
:1040600000252346AAB240460021FFF7BFFFA0F576
:104070004070484518D901350C2DF2D16D468AB0F3
:1040800033686A463A49D461C2E905134FF40073B4
:104090001384384B42F8103F324800234FF411513B
:1040A000FEF7C8F9AD46CCE72F4EF36A23F00F03B5
:1040B0002B43F3628CB92C4BDA68B2F5407F25D2E2
:1040C0002D492E4A2E48BB2302F01EFD2D4802F03A
:1040D0001BFDBB21294802F00EFD2B4B33F81520A8
:1040E000002319464046FCF7F9F8090241EA10613D
:1040F00063080002C01822464FF0000341F100019E
:10410000FCF7ECF8C0F31300F060D4E7DA681F4B5B
:104110009A4296D91E49194A1948BF2302F0F4FC65
:104120001C4802F0F1FCBF21D4E72B6823F40043C4
:104130002B6034B17B6803EB5403B3FBF4F39BB205
:10414000EB60EB680F2B3FF67CAF13490B4A0C4832
:10415000D12302F0D9FC114802F0D6FCD121B9E7F5
:1041600072930008A87E000800800040FFFC0F004A
:10417000A093000804000001E6930008B79300082C
:104180004B830008FF930008AE820008FEFF0F007B
:1041900016940008339400084A9400085F940008BD
:1041A0002DE9F84306460A794068336904685F6878
:1041B000012A0D4658D0931ED3F1000848EB03089E
:1041C0004FEA88286979FFF795FE95F80690B9F1CE
:1041D000020F03464BD0B9F1040F4CD0002A54D043
:1041E000033A012A49D94FF48050B3F5805F4ED08D
:1041F000B3F5405F4DD0002B0CBF01230323994240
:104200003BD1414603F005F9814536D1EB79C3B185
:10421000012B40D1214B9C4213D0A3F574439C4207
:104220000FD003F580639C420BD003F580639C4262
:1042300007D003F580639C4203D003F540539C42B2
:104240001BD1236823F0010323602946304603F085
:104250005CFA236843F00103236095E8030087E8D4
:1042600003000020BDE8F8834FF4C068AAE73AB91C
:104270004FF08050B9E7002AB5D06FF08500F1E724
:10428000033A012AF9D90020AFE71046ADE7002331
:10429000B5E70223B3E7032BBCD0EEE700380140BB
:1042A0002DE9F04383B00469466805466A482060FA
:1042B00000AF03F0C5FA58B9684A6948012102F015
:1042C000D8FD6FF0120420460C37BD46BDE8F083E0
:1042D0002068F16883681B689847044600BB306A11
:1042E0003A1D002103F04AF8041EECDB7B68002233
:1042F00019791868FFF7A6FD041EE4DBD5F80480E1
:104300002B69D8F80040D3F80490236823F0010308
:104310002360D8F8040003F093FA48B9514ACCE777
:10432000514A4F48012102F0A4FD002CCBDBD6E717
:10433000D8E901018368DB6803B1984754E8003F7E
:1043400043F00C0344E80032002AF7D149462846DE
:1043500003F0DBF998F814301BB1A36843F00803AD
:10436000A36098F815301BB1636843F400436360A1
:1043700098F816301BB1636843F48033636098F893
:1043800017301BB1636843F40033636098F818304A
:10439000002B4AD0354B9C422AD0A3F574439C4253
:1043A00026D003F580639C4222D003F580639C42B3
:1043B0001ED003F580639C421AD003F540539C4203
:1043C00016D06C4688B02B686A462949C2E90513A5
:1043D0004FF400739383274B42F8103F204800238B
:1043E0004FF4E251FEF726F8A5466FF015046AE790
:1043F0006B681A68936843F480439360236898F865
:10440000192023F0787343EA42532360236898F815
:104410001A2023F4F81343EA0243236098F81B3070
:104420001BB1A36843F40043A36098F81C301BB190
:10443000236843F000532360236843F001032360A3
:10444000E3699A02FCD5E3695B02FCD5736A2846EE
:104450009847002437E700BF3C7A000873940008AF
:10446000A87E0008B2940008929400080038014029
:10447000CD9400080300000110B54FF0E0230F4970
:104480009C691A6908689B690D4902F4803234B945
:1044900093B903464AB90A681044C01A10BD002BEC
:1044A00008BF03460AB9A342F5D90A6802440A6064
:1044B0004FF0E0221269EEE70446F3E78808002097
:1044C000840800200A4B102283F82320094B44F271
:1044D00068221A60084B002018604FF0E02344F275
:1044E00067225A6198611A6942F007021A6170479F
:1044F00000ED00E0880800208408002010B5FFF7D8
:10450000BBFF104B1049D3E900420868001942F183
:104510000002C3E900020D4A00230B60D2E900410A
:1045200044F26823001BB0FBF3F043431B1941F135
:104530000001C2E9003101F0BBFFBDE81040FEF709
:104540004FBB00BF98050020840800209005002084
:104550002DE9F041DFF82C8199B1421C0BD14FF0CD
:10456000E022136923F0010313614FF07F43C8F881
:104570000030BDE8F081D8F80050012807DC0027A2
:104580000BE0431CD8F80050F7D140F2D93040F28C
:10459000DA339842A8BF1846471EEFF31184102360
:1045A00083F31288BFF36F8F374801F0E1FD68B9DC
:1045B000364A37493748882302F0A6FA3249364846
:1045C00002F0A2FA8821314802F095FA2E48334EC3
:1045D00001F0F2FDFFF750FF4FF0E0239969D6E9B3
:1045E0000023801843F10003C6E900032C4B00228E
:1045F0001A602C4B1A68831A3BD444F2682C0CFBCB
:10460000073303F584436733B3FBFCF7131A0CFB42
:10461000073340F22642934238BF1346224A934260
:1046200028BF13464FF0E022C8F80030013B9069E4
:104630005361002393618142A1EB0003D6E900128C
:1046400038BF5B195B1842F100020F48C6E900321F
:1046500001F09CFD80B90D4A14490E4840F2311317
:1046600002F052FA0849124802F04EFA40F23111B3
:10467000A9E740F22643D5E784F31188BFF36F8F93
:1046800077E700BF880800208C080020128500080A
:104690003F8500084B8300085485000898050020DA
:1046A00084080020900500202882FF006A85000809
:1046B0008185000838B5EFF31185102383F3128844
:1046C000BFF36F8F1B4801F053FD68B91A4A1B49AD
:1046D0001B48882302F018FA16491A4802F014FA07
:1046E0008821154802F007FA124801F065FD164BC3
:1046F0001C68164B1B68E41AFFF7BEFE04440D4805
:1047000001F044FD68B90C4A11490D4840F23113DB
:1047100002F0FAF907490F4802F0F6F940F23111B8
:10472000DFE785F31188BFF36F8F44F26820B4FB95
:10473000F0F038BD8C080020128500083F85000885
:104740004B83000854850008980500209005002040
:104750006A85000881850008174B9A6802F00C02F0
:10476000042A23D09A6802F00C02082A20D09A6802
:1047700002F00C020C2A1DD1D968DA68D868DB680F
:1047800001F00301C3F341630329C2F30312C0F331
:10479000062003F101030CBF084909495B000132FF
:1047A000B1FBF2F25043B0FBF3F07047044870479E
:1047B00002487047002070470010024000366E012A
:1047C0000024F400294A1368D2F8802012F4807F74
:1047D00003F4C063264A00F1FF3124D1914242D84C
:1047E000B3F5007F2FD1234B984234D8224B984207
:1047F00033D8224B984234D8214B984294BF0020A2
:104800000120204A136823F00F0303431360136849
:1048100003F00F0398421CBF136803F00F03C01A84
:1048200018BF0120704791421DD8B3F5007F0AD10F
:10483000154B98420FD8154B98420ED8144B9842FE
:104840000FD8144BD9E7B3F5806F08D1124B9842BB
:1048500007D8124BD1E70420D3E70320D1E700208B
:10486000CFE70220CDE70120704700BF0070004075
:104870007FFE210A00321B088065140600990D0492
:1048800080CC060200200240000E2707804A5D050A
:104890000087930380C3C90100366E01001BB70077
:1048A00008B50A4A0A4B93420ED90A490A4A0B48EC
:1048B000182302F029F90A4802F026F906481821BF
:1048C00002F019F91433EEE7FCD308BD2C7B000885
:1048D0003C7A00084D9500082A9500084B83000893
:1048E0001C86000810B50446FDF73CFC0348044A4A
:1048F000012102F0BEFA204602F0ADFF987E0008CA
:10490000659500082DE9F843044600AF0D46EFF326
:104910001188102383F31288BFF36F8F0428304A65
:1049200098BF304B9668117C94BF53F820302E4BC3
:10493000E9468AB06A462D48C2E9073140F20133A0
:1049400093842B4BC2E9050442F8103F2948002309
:104950004FF43151FDF76EFDCD4645B1EB69C3F320
:10496000080323B1244A2348012102F082FA2EB120
:10497000304602F0B0FF08B1037803B91F48E9469A
:104980008AB06A461E4BD061C2E9053640F2013357
:1049900013841C4B42F8103F164800234FF411516A
:1049A000FDF748FD2946CD462046FFF79BFF042C26
:1049B0000CD11549154A1648862302F0A5F815486A
:1049C00002F0A2F81148862102F095F888F31188C8
:1049D000BFF36F8F3046FEF7B3FBBD46BDE8F883EB
:1049E0009008002080810008749500088A950008CE
:1049F00005000001987E0008B29500088295000825
:104A0000D3950008040000010D960008EB950008FE
:104A10004B8300082A96000838B5094B53F820400C
:104A2000013053F82050A54200D838BD636823B147
:104A3000204602F018FF0834F5E723689847FAE7A4
:104A40009481000870B5394B394C3A4D012286B03B
:104A500003201A70FFF7E0FF02F0A3FF02F01FFF30
:104A60000420FFF7D9FFAC42264628D93249334A01
:104A70003348432302F048F8324802F045F8432116
:104A80002E4802F038F854F80C3C059354F8103CCA
:104A9000049354F8143C039354F8183C029354F8CC
:104AA0001C3C019354F8203C009354E90A2354E938
:104AB0000C0100F011FA54F8303C5E65D3E7AE42C9
:104AC00004F13004DFD300F099FF194C1E4EAC42C4
:104AD0001FD91949194A1A48672302F015F81948CD
:104AE00002F012F86721CBE7D4E90A23B3F1FF3FC4
:104AF00008BFB2F1FF3F05D052EA0301206803D19D
:104B000002F0EBFE3034E2E73146183001F0BCFB36
:104B1000F8E7E9D300F0E0FFFBF7E4FD0B4A137B75
:104B200023F00103137306B070BD00BFD40800204A
:104B30005C7E00085C7E0008CA960008A996000802
:104B40004B8300081C8600083F79000820060020DF
:104B500008B50348034A0021121A02F09CFE08BD62
:104B6000D0000020D808002070B5002386B00122B4
:104B7000CDE90423134E144D01930F22CDE90232E7
:104B80001249142303FB005506EBC01604464FF4EC
:104B9000C07000FB04110E4B00954FF4A07230461C
:104BA00000F09AF9737B0B4AEE6023F004037373F1
:104BB0004FF4046304FB033313442C746B6006B09E
:104BC00070BD00BFA00500209008002080190020C3
:104BD000ED4C000840110020BFB50020FFF71CFF7E
:104BE0002C4B83F308882C4D2C4E6B692C4F43F4CF
:104BF00000736B610024F02385F82230EC772C766B
:104C00006C76AC7685F820406B6A43F4E0236B62E7
:104C1000FEF76EFAFEF7C2FB4FF0FF33AB62EB62BA
:104C2000FEF7CCFCFEF7DEFBFDF7F6F91D4BB3609B
:104C300040F201129A81C3E919441C67FFF730FE64
:104C40000120FFF7E9FE0220174DFFF7E5FE00F017
:104C5000BFFF164B75610593012315490094CDE9FB
:104C600003434FF480623B46CDE90144284600F0FF
:104C700033F96A7B064622F0040228466A7300F084
:104C8000B5FB2046FFF770FF3A4631462846FEF74F
:104C900067FB00BF8019002000ED00E090080020B5
:104CA000454A0008A006002020060020F7960008CC
:104CB000001B002038B5054C256804EB850405B9B8
:104CC00038BD54F80439013D9847F8E75C7E000888
:104CD00038B5044C044DAC4200D338BD54F8043B05
:104CE0009847F8E7687E0008687E000808B50D4B15
:104CF0009B6893F90E30002B09DB1024EFF311832E
:104D000084F31288BFF36F8F02F060F9F6E706496B
:104D10000648074A1B2301F0F7FE05481B2101F056
:104D2000EAFE00BF90080020209700084B8300088F
:104D3000FF96000838B50446EFF31185102383F37E
:104D40001288BFF36F8F204801F012FA68B91F4A2A
:104D50001F492048882301F0D7FE1B491E4801F057
:104D6000D3FE8821194801F0C6FE174801F024FA45
:104D7000204600F045FD48B10022826700F036FB76
:104D800029461148BDE8384000F08CBDD4E9023214
:104D90009A4218BF01330C48A36001F0F7F968B9D3
:104DA0000A4A0E490B4840F2311301F0ADFE0649A4
:104DB0000B4801F0A9FE40F23111D3E785F31188C9
:104DC000BFF36F8F38BD00BFB00800201285000808
:104DD0003F8500084B830008548500086A85000859
:104DE00081850008F7B5044616461D46EFF3058396
:104DF0007BB152EA05030CD02D492E4A2E48882358
:104E000001F082FE2D4801F07FFE2A48882101F042
:104E100072FEEFF31187102383F31288BFF36F8FB5
:104E2000274801F0A5F960B9264A27492248882376
:104E300001F06AFE2249254801F066FE88212148DA
:104E4000E5E71F4801F0B8F9A368D3B1013B1C485E
:104E5000A36001F09BF968B91A4A1D49164840F24F
:104E6000311301F051FE16491A4801F04DFE40F28F
:104E70003111E4E787F31188BFF36F8F002003B08F
:104E8000F0BD56EA05030BD10D4801F07FF900286B
:104E9000E2D087F31188BFF36F8F6FF00F00EEE75A
:104EA000CDE9006522463946054800F0D5FBE6E726
:104EB00068970008489700084B830008B6970008D9
:104EC000B0080020128500083F85000854850008BE
:104ED0006A85000881850008F0B585B004460D9DFF
:104EE0000F2D3AD1284883423BD1073222F00702E6
:104EF0007F320E9E267304F1580022F03F02C4E96F
:104F00001600042600203F2AC4E90600A06066734C
:104F1000A573E07301F1400CA2F1400705D880F3BE
:104F20001188BFF36F8F304602DF8D1800260C9A70
:104F3000E666C4E919C702920B9A01920A9A009296
:104F400020462A46FEF7DAF9104B66659B6803B1E6
:104F50001B6F2367284605B0F0BD05F110001E2821
:104F6000C3D90B4A0B490C4840F20D2301F0CCFD8C
:104F70000A4829466FF00F030E2201F0C5FD0448D0
:104F800040F20D2101F0B7FDED4C00089008002023
:104F9000B9970008DC9700084B8300085C9800086C
:104FA000F0B587B0DDE912760446EFF3058575B1FB
:104FB00019491A4A1A4840F2972301F0A5FD1948E9
:104FC00001F0A2FD154840F2972101F094FD0595EE
:104FD000109D04950F9D03950E9D02950D9D0195C5
:104FE0000C9D0095FFF778FFB6F1FF3F08BFB7F1C2
:104FF000FF3F05D056EA070305D1204600F098FC94
:10500000204607B0F0BD08493A46334604F118007F
:1050100001F03AF9F4E700BF8D980008B99700084D
:105020004B8300089F9800083F79000838B5144D5D
:105030002B4653F8184F9C4200D004B9EC68AB687B
:10504000A8B963B90F49104A1048C82301F05CFDA4
:105050000F4801F059FD0C48C82101F04CFD5A7B66
:10506000D20604D1A26912B9DA897F2A05D89C42F6
:1050700002D0204600F0F0FF23466B6138BD00BF30
:1050800090080020F0980008C49800084B8300089E
:10509000B697000808B590F90D20437B002A014619
:1050A00011DA03F07F0343730B4B984209D10B498C
:1050B0000B480C4A802301F027FD0A48802101F0AB
:1050C0001AFD02F00CFC084B9868431A58425841EC
:1050D000BDE80840FFF7AABFA005002039990008E5
:1050E0004B830008179900089008002008B58368D2
:1050F0005BB90A490A480B4A40F2362301F004FD25
:10510000084840F2362101F0F6FC02F0E8FB437B50
:1051100023F0020343730023836008BD5A990008FB
:105120004B8300081799000870B590F90D30427B49
:10513000002B38DBD30636D18369002B33D162F0E4
:105140007F024273184A904209D118491848194AF7
:10515000792301F0D9FC1748792101F0CCFC1649DC
:105160000A4652F8184F944218BF2346CC6923B917
:10517000C0E900242060C8610CE090F90E5093F95A
:105180000E60B5420BD0AE4209DD5A68C0E900326C
:1051900010605860BDE870400020FFF747BFA34291
:1051A000E6D01B68E3E770BDA00500203999000830
:1051B0004B83000817990008900800202DE9F84358
:1051C000171E427B0E4614BF0821102111420446CF
:1051D0000FD141EA0203D20928D14373082937D0FD
:1051E0000120FFF723FFBFF35F8F637B23F0600392
:1051F0006373464B9B68A34270D1EFF30583002B8A
:105200006CD1434800F0C2FF002856D1414A4249C0
:10521000424840F26B1301F077FC3D49404801F0F1
:1052200073FC40F26B113B4801F065FC03F07F0317
:1052300043733C4B984208D13B493C4A3748802352
:1052400001F062FC80213948EEE702F048FBC5E737
:10525000A36813B12046FFF749FF04F1180001F0DD
:10526000D9F8A56D04F15808A84511D04FF00009F0
:1052700075B12846FFF73AFF05F1180001F0CAF8AA
:10528000C5F878902846FFF74FFFA56DA845EFD1E8
:105290001E4DAB689C42A3D1EFF30583002B9FD03A
:1052A0000120FFF7C3FE224BAB6040F201129A814E
:1052B0000022C3E919221A6795E73046FDF756FF29
:1052C00017B31C49194A154840F2ED1301F01CFCB4
:1052D000194801F019FC40F2ED11B4E70C4800F058
:1052E00055FF68B90B4A0C490C4840F2311301F0E4
:1052F0000BFC07490A4801F007FC40F2311192E724
:1053000086F31188BFF36F8FBDE8F8839008002003
:10531000B4080020128500086A8500084B83000845
:1053200081850008A0050020399900081799000818
:10533000A0060020719900087C99000870B590F9CA
:105340000D20437B244C002A014610DA03F07F0332
:10535000A042437309D12149214A2248802301F008
:10536000D3FB80211E4801F0C6FB02F0B8FA4B7B4C
:10537000A14263F07F034B7307D11849184A1948BB
:10538000792301F0C1FB7921ECE7174A1046D46973
:1053900050F8183F834208BF002323B9C1E9000435
:1053A0002160D1610CE091F90E5093F90E60B54285
:1053B0000ED0AE420CDD5868C1E900300160596082
:1053C0009068431A5842BDE870405841FFF72EBE1E
:1053D0009C42E3D01B68E0E7A00500203999000853
:1053E000179900084B8300089008002038B5044640
:1053F000EFF31185102383F31288BFF36F8F1748E3
:1054000000F0B6FE68B9164A16491748882301F01D
:105410007BFB1249154801F077FB8821104801F009
:105420006AFB0E4800F0C8FE2046FFF77DFE0B48E1
:1054300000F0ACFE68B90A4A0D490B4840F231133E
:1054400001F062FB05490B4801F05EFB40F23111AF
:10545000E4E785F31188BFF36F8F38BDB4080020EF
:10546000128500083F8500084B830008548500081A
:105470006A8500088185000838B50446183000F0B8
:10548000C9FFEFF31185102383F31288BFF36F8FE9
:105490001A4800F06DFE68B9194A1A491A4888235B
:1054A00001F032FB1549194801F02EFB8821144800
:1054B00001F021FB114800F07FFE627B12F0100228
:1054C00016D00E4800F062FE68B90D4A10490E4829
:1054D00040F2311301F018FB08490E4801F014FBAB
:1054E00040F23111E3E785F31188BFF36F8F38BDC8
:1054F00029462046BDE83840FFF760BEB4080020CA
:10550000128500083F8500084B8300085485000879
:105510006A8500088185000838B50446EFF31185D7
:10552000102383F31288BFF36F8F184800F020FE1A
:1055300068B9174A17491848882301F0E5FA134952
:10554000164801F0E1FA8821114801F0D4FA0F4819
:1055500000F032FEA36813B12046FFF7C7FD0B48E9
:1055600000F014FE68B90A4A0D490B4840F23113A5
:1055700001F0CAFA05490B4801F0C6FA40F23111B0
:10558000E2E785F31188BFF36F8F38BDB4080020C0
:10559000128500083F8500084B83000854850008E9
:1055A0006A8500088185000870B504460D46EFF352
:1055B0001186102383F31288BFF36F8F1F4800F00A
:1055C000D7FD68B91E4A1F491F48882301F09CFA7D
:1055D0001A491E4801F098FA8821194801F08BFAFF
:1055E000164800F0E9FD637B13F0280F0CD1A36887
:1055F00013B12046FFF77AFD637BBDB903F0FB03CF
:1056000063732046FFF790FD0C4800F0BFFD80B9A2
:105610000B4A0F490C4840F2311301F075FA074963
:105620000C4801F071FA40F23111D6E703F0EB03B8
:10563000E6E786F31188BFF36F8F70BDB4080020D2
:10564000128500083F8500084B8300085485000838
:105650006A850008818500082DE9F047DFF8D4A0AD
:10566000354D364B1746A842DAF808201A60DDE9B6
:10567000089804460E460BD131493248324A40F26E
:10568000AB2301F041FA304840F2AB2101F033FA8C
:10569000EFF31183102383F31288BFF36F8F284633
:1056A00000F066FD60B9294A29492648882301F09F
:1056B0002BFA2946274801F027FA88212348E5E7F5
:1056C000284600F079FDDAF808503946284602F0FD
:1056D0000EF9B8F1FF3F08BFB9F1FF3F06D01E49F0
:1056E0004A46434605F1180000F0CEFD204600F082
:1056F0004DFD68B91949154A124840F26B1301F083
:1057000003FA2146164801F0FFF940F26B11D5E784
:10571000094800F03BFD40B910490C4A094840F2E5
:105720006B1301F0F1F90449ECE73046BDE8F047AE
:10573000FDF71CBD90080020B4080020B808002028
:105740009E9900084B8300081799000812850008ED
:105750003F850008548500083F7900086A850008E5
:105760008185000870B50546EFF31186102383F399
:105770001288BFF36F8F1B4800F0FAFC68B91A4A11
:105780001A491B48882301F0BFF91649194801F04E
:10579000BBF98821144801F0AEF9124800F00CFD65
:1057A0002C68A54215D014B12046FFF79FFC0D4888
:1057B00000F0ECFC78B90C4A0F490D4840F2311367
:1057C00001F0A2F907490D4801F09EF940F23111AC
:1057D000E0E70024EBE786F31188BFF36F8F2046E4
:1057E00070BD00BFB4080020128500083F85000886
:1057F0004B830008548500086A85000881850008ED
:1058000070B50546EFF31186102383F31288BFF3BA
:105810006F8F1D4800F0ACFC68B91C4A1C491D483C
:10582000882301F071F918491B4801F06DF98821AE
:10583000164801F060F9144800F0BEFC2C68A5423F
:1058400019D034B12046FFF751FC04F1180000F0E4
:10585000E1FD0D4800F09AFC78B90C4A0F490D485B
:1058600040F2311301F050F907490D4801F04CF9AD
:1058700040F23111DCE70024EBE786F31188BFF337
:105880006F8F204670BD00BFB4080020128500084D
:105890003F8500084B830008548500086A8500088E
:1058A0008185000870B504460D46F9B9EFF3058609
:1058B000E6B91A4B5A699B689A4217D000F066FC09
:1058C00078B9174A1749184840F26B1301F01CF9D0
:1058D0002146164801F018F940F26B11104801F00A
:1058E0000AF93046BDE87040FDF740BC204600F0A4
:1058F0004DFC68B90A4A0B490B4840F2311301F0DC
:1059000003F92146094801F0FFF840F23111E5E7BB
:1059100085F31188BFF36F8F70BD00BF9008002022
:10592000128500086A8500084B83000881850008FD
:1059300038B50446EFF31185102383F31288BFF3C3
:105940006F8F1D4800F014FC68B91C4A1C491D48A3
:10595000882301F0D9F818491B4801F0D5F88821AF
:10596000164801F0C8F8144800F026FC637B5A077B
:1059700016D4114800F00AFC68B9104A13491148BE
:1059800040F2311301F0C0F80B49114801F0BCF8A6
:1059900040F23111E4E785F31188BFF36F8F38BD12
:1059A00023F0040320466373FFF7BEFB2946024839
:1059B000BDE83840FFF776BFB40800201285000824
:1059C0003F8500084B830008548500086A8500085D
:1059D00081850008034648B9EFF3058232B9064ACB
:1059E00051699268914201D0FDF7C0BB83F31188E1
:1059F000BFF36F8F704700BF9008002010B5EFF322
:105A00001184102383F31288BFF36F8F264800F0B0
:105A1000AFFB60B9254A26492648882301F074F86F
:105A20002149254801F070F88821204810E01E48DF
:105A300000F0C2FBEFF3058363B12049204A1D4803
:105A40008B2301F061F81F4801F05EF88B211C48A0
:105A500001F051F81C4B9A68D37B012B0AD11B49EA
:105A6000174A14488C2301F04FF8164801F04CF8FF
:105A70008C21ECE7013BD3730B4800F087FB68B93E
:105A80000A4A13490B4840F2311301F03DF8064928
:105A9000104801F039F840F23111C6E784F311885B
:105AA000BFF36F8F10BD00BFB4080020128500083F
:105AB0003F8500084B830008548500088D98000836
:105AC000D7990008B697000890080020029A0008AD
:105AD0006A8500088185000838B5EFF31185102428
:105AE00084F31288BFF36F8F2D4800F041FB60B93B
:105AF0002C4A2D492D48882301F006F828492C48C6
:105B000001F002F88821274813E0254800F054FBF3
:105B1000284B9A68D37B73B92749284A23484FF406
:105B2000537300F0F1FF264800F0EEFF4FF453717D
:105B3000224800F0E0FFEFF3058060B121491F4AE1
:105B40001A4840F24D3300F0DFFF1D4800F0DCFF43
:105B500040F24D31ECE70133D373FFF767FA104899
:105B600000F014FB68B90F4A1749104840F231138E
:105B700000F0CAFF0A49154800F0C6FF40F2311193
:105B8000C1E785F31188BFF36F8FEFF3118084F3C2
:105B90001288BFF36F8FBDE83840FFF71BBF00BF0F
:105BA000B4080020128500083F8500084B830008D8
:105BB0005485000890080020339A000817990008BF
:105BC000B69700088D9800086A850008818500084E
:105BD000024B03F11802C3E9062270479008002027
:105BE000F8B5EFF305836BB14149424A424840F2B0
:105BF0005D4300F089FF414800F086FF40F25D41BF
:105C00003C4816E0EFF31185102383F31288BFF3AD
:105C10006F8F3B4800F0ACFA68B93A4A3A493648C7
:105C2000882300F071FF3649384800F06DFF882165
:105C3000344800F060FF3248354C00F0BDFA354979
:105C40008868437BA04203F07F03437307D1324946
:105C5000284A2948802300F057FF8021D0E701F02F
:105C60003EFE8B685A7BA34262F07F025A7307D1D3
:105C70002949204A2048792300F046FF7921BFE7CF
:105C80000846CC6950F8182F824208BF002222B97A
:105C9000C3E900042360CB610CE093F90E6092F934
:105CA0000E70BE421BD0B74219DD5168C3E9002116
:105CB0000B6053600120FFF7B9F9114800F066FA54
:105CC00088B9104A15490C4840F26B1300F01CFFCC
:105CD0000B49134800F018FF40F26B11A8E7A242ED
:105CE000D6D01268D3E72846BDE8F840FDF73EBAA3
:105CF0008D980008179900084B830008B697000894
:105D0000B4080020128500083F850008548500086B
:105D1000A005002090080020399900086A85000835
:105D2000818500082DE9F04105460E46EFF3058315
:105D30006BB13F493F4A40484FF48F6300F0E4FEA7
:105D40003E4800F0E1FE4FF48F613A4824E050EA0B
:105D5000010303D1FFF744FF002067E0821C71F1CB
:105D6000FF331BDB01F0EFFD2C18EFF3118810233C
:105D700083F31288BFF36F8F314800F0F9F988B9C7
:105D8000304A31492C48882300F0BEFE2C492F4868
:105D900000F0BAFE88212B4800F0ADFE6FF0010440
:105DA000241AE2E72A4F264800F006FA294BB86881
:105DB0001860FFF76FF9B86827492A46334618304C
:105DC00000F062FABA681E48537B43F01003537325
:105DD00000F0DCF968B91B4A2049174840F26B1300
:105DE00000F092FE16491E4800F08EFE40F26B1144
:105DF000D1E74046FDF7BAF9BB685B7BDB060CD503
:105E000018490C4A0C4840F2944300F07DFE0B48C0
:105E100000F07AFE40F2944197E701F094FD201AD9
:105E200063EB0303012873F1000395DBBDE8F08108
:105E30008D980008179900084B830008B697000852
:105E4000B4080020128500083F850008548500082A
:105E500090080020B80800203F7900086A850008F3
:105E600081850008649A000808B5EFF3058373B1D3
:105E70001449154A154840F2A24300F045FE144863
:105E800000F042FE104840F2A24100F034FEB1F1B1
:105E9000FF3F08BFB0F1FF3F06D10E4B9868FFF7F8
:105EA000EBFA4FF0FF3008BDFFF73CFFC117093098
:105EB0004FF00A024FF0000341F10001FAF70EFA29
:105EC000F1E700BF8D980008179900084B83000880
:105ED000B697000890080020014B9868704700BFF3
:105EE0009008002038B50446EFF31185102383F3A2
:105EF0001288BFF36F8F284800F03AF968B9274A33
:105F000027492848882300F0FFFD2349264800F050
:105F1000FBFD8821214800F0EEFD1F4800F04CF900
:105F2000237BDA0724D51C4800F030F968B91B4AF6
:105F30001E491C4840F2311300F0E6FD16491C488A
:105F400000F0E2FD40F23111E4E785F31188BFF380
:105F50006F8F184A1849134840F2975300F0D4FD48
:105F60001648214600F0D0FD124840F29751D2E782
:105F7000637B1B0709D5084800F008F90028D6D034
:105F800085F31188BFF36F8F38BD29462046012263
:105F9000BDE83840FFF712B9B408002012850008A8
:105FA0003F8500084B830008548500086A85000877
:105FB000818500081799000810850008A49A000838
:105FC00008B568B10F4B98420AD303F1180290420A
:105FD00006D2C01A1822B0FBF2F302FB13034BB136
:105FE00009490A480A4A382300F08EFD084838213A
:105FF00000F081FD074BC0105843074B01221A5493
:1060000008BD00BF20070020EB9A00084B83000862
:10601000C39A0008ABAAAAAAD5080020C3897F2B7F
:1060200012D80A4B1B6863B1094B90F90E201B680C
:106030009A4209DB437BDB0606D1064BC31A18BF25
:10604000012303F0010070470023FAE7C008002095
:10605000BC080020A005002070B50E4B0E4C1E7C25
:1060600006EB460304EBC3040546204600F0D2F9D4
:106070000A4B002228469A55FFF7D0FF48B1084B3B
:1060800008491A68013A2046D317BDE8704000F06D
:10609000FBB870BD9008002020070020D508002024
:1060A000C0080020C15F000838B5EFF31185102348
:1060B00083F31288BFF36F8F234800F059F868B953
:1060C000224A23492348882300F01EFD1E49224806
:1060D00000F01AFD88211D4800F00DFD1A4800F05F
:1060E0006BF81E4B1E4A9C681068A04213D1FFF744
:1060F000B3FF154800F04AF808BB144A194915487F
:1061000040F2311300F000FD0F49174800F0FCFC8D
:1061100040F23111DFE700211B7C1160134AD35C90
:10612000002BE6D02046FFF779FF0028E1D0637B03
:10613000DB0602D12046FFF701F92046D7E785F3B9
:106140001188BFF36F8F38BDB40800201285000896
:106150003F8500084B830008548500089008002004
:10616000B80800206A85000881850008D50800204D
:10617000006838B1044B1B7C00F00300C01A18BF44
:10618000012070470120704790080020002302681A
:106190000360EFF30581074B19B19968497BC90783
:1061A00006D4197C98680843831A584258417047AE
:1061B0000120704790080020024B1A7C9B68134313
:1061C000036070479008002008B50648064A074952
:1061D000121A01F062FBBDE80840054A054906486D
:1061E00001F05BBB00000020CC000020E09C000818
:1061F00000000000E09C000800000020034B1B682A
:106200000BB9FEF757BA0020704700BFC408002042
:1062100030B570B10B4B5B6898420AD0036843B14C
:10622000D3E90421D0E90445121941EB0501C3E982
:106230000421D0E9003213605A600023C0E9003322
:1062400030BD00BF4C00002010B50E4B1C689C42B6
:1062500004D1FFF7D3FF6FF0004010BDFFF7CEFF72
:10626000002CF8D0D4E904321B1A62EBE072B3F1CF
:10627000004F72F10001EEDA002AACBF1846002090
:10628000EBE700BF4C000020B3F1FF3F08BFB2F1C5
:10629000FF3F2DE9F047044692461D4600F09D80E1
:1062A000066866B14E494F4A4F486E2300F02CFCF9
:1062B0004E4800F029FC4B486E2100F01CFC816028
:1062C000EFF31187102383F31288BFF36F8F4848D1
:1062D000FFF74EFF60B9474A47494348882300F01B
:1062E00013FC4349454800F00FFC88214148E4E78E
:1062F0003F48FFF761FFBAF1FF3F75F1FF3323DA43
:106300003F49D1E900206FF001039B1A4FF0FF32A3
:1063100062EB0000B3EB0A0360EB0500012B70F1A8
:10632000000201DA01233046C4E90430354B1A6813
:10633000D3F804C09A4218BF164686B9C4E9003C97
:10634000CCF800405C601CE0FFF758FF1AF1010830
:1063500045F1000518EB000345EBE070E4E7D6E9F2
:106360000415D4E904208A4270EB050E28DA891A54
:10637000726865EB0005C6E90415C4E900621460A3
:1063800074601A689A4209D0944207D11E4B1C6867
:1063900024B9FFF759FF2146FEF7DAF81448FFF752
:1063A000F5FEB0B9134A19490F4840F2311300F015
:1063B000ABFB0F49164800F0A7FB40F2311195E7FF
:1063C000521A60EB05006645C4E90420B6D0366871
:1063D000B3E787F31188BFF36F8FBDE8F08700BF85
:1063E000C09C00089C9C00084B830008B6970008DE
:1063F000C8080020128500083F8500085485000861
:10640000380700204C000020C40800206A850008DE
:106410008185000838B50446EFF31185102383F316
:106420001288BFF36F8F1B48FFF7A2FE68B91A4AA4
:106430001A491B48882300F067FB1649194800F0E9
:1064400063FB8821144800F056FB1248FFF7B4FEA6
:106450002368ABB12046FFF7DBFE00240D48FFF7B1
:1064600095FE80B90C4A10490D4840F2311300F0F6
:106470004BFB08490D4800F047FB40F23111E1E7C2
:106480006FF01504EAE785F31188BFF36F8F20469C
:1064900038BD00BFC8080020128500083F850008ED
:1064A0004B830008548500086A8500088185000830
:1064B0002DE9F84F0446EFF31188102383F3128877
:1064C000BFF36F8F4748FFF753FE68B9464A474905
:1064D0004748882300F018FB4249464800F014FB67
:1064E0008821414800F007FBDFF80C91DFF80CB180
:1064F0003C48DFF80CA1FFF75FFECBF80040D9F86D
:10650000004000264C4508BF00240027DAE900219E
:10651000DBF80030002C4AD0D4E904504FEAE37C89
:10652000AB427CEB000E05DAED1A60EB0C00C4E91F
:1065300004503CE0AA1841EBE5712046C4E9046729
:10654000CAE90021FFF764FE2648FFF71FFE68B97D
:10655000254A2C49264840F2311300F0D5FA21494A
:10656000294800F0D1FA40F23111BAE788F31188D6
:10657000BFF36F8FA36820469847EFF3118810236D
:1065800083F31288BFF36F8F1648FFF7F1FD0028E1
:106590009CD01448FFF710FEDBF80030D9F800401B
:1065A0005B1B4C45CBF80030B0D1DAE900219A18DA
:1065B00041EBE3710024CAE90021CBF80040FFF76A
:1065C00043FE2146FDF7C4FF0648FFF7DFFD002824
:1065D000BED088F31188BFF36F8FBDE8F84FFFF787
:1065E00063BD00BFC8080020128500083F85000871
:1065F0004B830008548500084C000020C40800208C
:10660000380700206A8500088185000870B5EFF31F
:106610001186102383F31288BFF36F8F1A48FFF798
:10662000A7FD68B9194A1A491A48882300F06CFA7C
:106630001549194800F068FA8821144800F05BFAFF
:106640001148FFF7B9FDFFF7D9FD144AD2E900451B
:10665000041945EBE0750C48FFF798FD68B90B4A43
:106660000F490C4840F2311300F04EFA06490D482C
:1066700000F04AFA40F23111DFE786F31188BFF3E8
:106680006F8F2046294670BDC8080020128500087B
:106690003F8500084B830008548500083807002018
:1066A0006A85000881850008F8B50446EFF3118774
:1066B000102383F31288BFF36F8F4F48FFF758FD05
:1066C00068B94E4A4E494F48882300F01DFA4A499E
:1066D0004D4800F019FA8821484800F00CFA464865
:1066E000FFF76AFD226892B14348FFF74FFD00288B
:1066F0007CD1424A4549434840F2311300F004FA44
:106700003D49434800F000FA40F23111E4E7D4E992
:106710000A36581C46F10001022871F1000127D306
:10672000012B76F10001BCBF012316465D1E46F128
:10673000FF3601F00CF9013041F10001401946EB40
:106740000101012871F100014BDB01F000F901307A
:1067500041F100016FF00102401946EB0103121AEA
:106760004FF0FF3161EB03032A492046FFF78CFD10
:10677000236B01332363236AD3B11F48FFF706FD60
:106780000028B6D087F31188BFF36F8F236A2046A5
:106790009847EFF31187102383F31288BFF36F8FAD
:1067A0001548FFF7E5FC00288BD01348FFF704FDE0
:1067B00054F8185FA54297D0002D95D02846FEF7D3
:1067C000ABFE00230C48AB67FFF7E0FC002890D03D
:1067D00087F31188BFF36F8F2846BDE8F840FEF7B6
:1067E00005BE6FF001024FF0FF33BDE787F311885C
:1067F000BFF36F8FF8BD00BFCC08002012850008E2
:106800003F8500084B830008548500086A8500080E
:1068100081850008A96600082DE9F843064614465C
:106820001D4691469846EFF31187102383F3128893
:10683000BFF36F8F2848FFF79BFC68B9274A2849A8
:106840002848882300F060F92349274800F05CF9C4
:106850008821224800F04FF91F48FFF7ADFCB5F141
:10686000FF3F08BFB4F1FF3F11D11B48FFF78EFC7B
:1068700060BB1A4A1D491B4840F2311300F044F92D
:1068800015491B4800F040F940F23111E1E7631C63
:1068900075F1FF330ADB012C75F100032246BCBF02
:1068A0000122002512F1FF3945F1FF383046FFF78C
:1068B000B1FDDDE90823C6E90A23002333630D494E
:1068C0004A4643463046FFF7DFFCCEE787F31188A0
:1068D000BFF36F8FBDE8F883CC0800201285000855
:1068E0003F8500084B830008548500086A8500082E
:1068F00081850008A9660008830730B547D0541E7B
:10690000002A3ED0CAB2034601E0013C39D303F865
:10691000012B9D07F9D1032C2CD9CDB205EB052510
:106920000F2C05EB054535D9A4F1100222F00F0C10
:1069300003F1100EE6444FEA121C1A46156055602A
:106940009560D56010327245F8D10CF1010214F057
:106950000C0F03EB021204F00F0C13D0ACF1040384
:1069600023F003030433134442F8045B9A42FBD13F
:106970000CF003042CB1C9B21C4403F8011B9C4267
:10698000FBD130BD64461346002CF4D1F9E7034631
:106990001446C0E71A46A446E0E700BF71B10346BB
:1069A00000EB010C01E0634506D01A460133117873
:1069B0000029F8D1101A7047181A70470846704716
:1069C00070472DE9F04706460D46174698462BB30B
:1069D00098F8004093F80190DB78A40004EB43049E
:1069E00098F802301C4444444FF0000ACA4509D3C9
:1069F000D8F8042008F1080339463046AC46BDE813
:106A0000F047604714F8013B48F823402046F9F767
:106A1000F7FB013004440AF1010AE7E76FF01500C3
:106A2000BDE8F08770B5002502462846144614F8E4
:106A3000013B0BB9184609E098B18D4207D1702B84
:106A400004D0A3F140023A2A0BD8002070BDA3F174
:106A500040063A2E05D853780135941C002BE9D016
:106A60000020252B08BF80F001002246DEE7002031
:106A7000704730B50C688B6814B14A689A4202DCE2
:106A800001338B6030BD013A9A4214BF05460025A0
:106A9000E5548B68F4E700F073B90CB407B504ABA8
:106AA00053F8042B0193FAF7A3FA03B05DF804EB53
:106AB00002B07047044608B5084611461A46A0477A
:106AC000FFF70AFAFCF73CFB2DE9F0410746884640
:106AD00015461E461446B44205D30EB1601B08E0AD
:106AE0002378002BFAD014F8010B4146B847002850
:106AF000F1DABDE8F081002383F31188BFF36F8FD3
:106B00000423184602DF70470FB407B504A951F8F3
:106B1000040B0191FFF7BFFF03B05DF804EB04B075
:106B2000704710B50369024613F0080009D11368D5
:106B3000D4689C4297BF526AE31AD31A01200B60B3
:106B400010BD00231846FAE713B501A90446FFF764
:106B5000E8FF20B1019BE268013B13440193606AA6
:106B6000019BC01A013802B010BD10B50446501880
:106B70002269636AD20702D5013B184010BD9842D2
:106B800028BFC01AFAE710B504460A46C168FFF7E5
:106B9000ECFF2369E06023F00803236110BD38B5E2
:106BA0000D46026A8B00016843F0020342F821306F
:106BB000044601682A46FFF7D8FFE3686168206051
:106BC000984202BF236943F0080323612A46204606
:106BD000FFF7CBFF606038BD2DE9F74FC768066A45
:106BE0009B4616F8273003F00303022B0446884621
:106BF000914606EB870A4FF0000309D01360CBF8EB
:106C000000302369990710D4002003B0BDE8F08F4D
:106C100056F8271013608908CBF80030F1D0FFF741
:106C2000B2FFE368A3600120EFE7E36950469847AD
:106C300016F82730DA070546E6D513F002031DD013
:106C4000B8F1000F03D041462046FFF7A8FF616866
:106C50002A462046FFF789FFD4E902319942606055
:106C600004D12A462046FFF780FFA060A368236076
:106C7000E360236943F008032361D4E7014620461B
:106C80000193FFF780FFE268A260B8F1000F04D023
:106C90002168226A019B42F8213005EB0802CBF8FB
:106CA000002021682046FFF760FF2369206043F041
:106CB0000803236116F827306FF3000306F8273026
:106CC000C9F800A0AFE770B504461546FFF74DFFC1
:106CD0002368834205D12369216023F008032361DF
:106CE00070BD226AAB0043F0020342F82130204617
:106CF00061682A46FFF739FF6060F1E738B503693C
:106D00005B07044606D5856AFFF71EFF85422CBF48
:106D1000A562A06238BD02698368120702D4426886
:106D20009A4200D2426AD31A181E18BF0120704737
:106D3000704703785B075FBF03684288C3F34A2349
:106D400003EB12105DBF173020F007008008002011
:106D50007047002070470346BFF35B8F53E8000F76
:106D6000421C43E800210029F8D1BFF35B8F704734
:106D700008B500F0ECFD0A220023F9F7AFFA08BDD0
:106D80001FB50023CDE90201CDE900331A461946AB
:106D90001846FBF7E5FB05B05DF804FB0120FBF7A7
:106DA000D3B80020704770B5D2E901369B1B8B42E7
:106DB0000C4615460AD313680A4601469819F9F796
:106DC000A7FAAB682344AB60204670BD6FF01B0090
:106DD000FBE770B50E4615461946044618B9BDE8DE
:106DE0007040FBF7B1B833B1C2F34A231030120D33
:106DF0001844F9F78DFAC4E900562046BDE8704002
:106E0000FBF7D2BA2DE9F3415F1C4FEA870806462B
:106E100008F1170020F0070080080C461546FBF724
:106E200015F90023ADF805308DF807308DF80470A2
:106E300068B10346019A43F8102FA8F104012A46CD
:106E4000294452F8045B43F8045F8A42F9D1A20155
:106E500002F4E07242EA482222F07F4222F47002F9
:106E6000002322F03F02314602B0BDE8F041FFF7B7
:106E7000B0BF07B50123019201AAFFF7C3FF03B01A
:106E80005DF804FB07B5CDE9002302236A46FFF74E
:106E9000B9FF03B05DF804FBF8B506460D4614468D
:106EA0001F4604B9F8BD214628463A46B047241A81
:106EB0000544F6E713B500240094FAF713F902B07D
:106EC00010BD10B5426881680446D2E9002300680D
:106ED000FFF7E2FF636800221A6010BD0A2838B588
:106EE00004460D4602D10D20FBF7D6FB294620466D
:106EF000FBF7D2FB002038BD2DE9F043054687B0F3
:106F000008460E8891F80090D1F808800C46174684
:106F1000FBF796FB011EC6F38216C9F3C2091EDBFE
:106F20004846FBF753FA03462146608851F8102B78
:106F30000196C2F34A22002A01EB0204C0F30B10AF
:106F400008BF00210022CDE90407CDE90214009218
:106F500041462846FBF7D0FB07B0BDE8F08300238D
:106F6000E2E743681B685B6800201961704743686B
:106F70001B685A68012111751868FFF7A2BF4368A2
:106F80001B681868FBF74ABD70B543681D686B68DD
:106F900018690C46FAF7B4FF214603460F22286809
:106FA000BDE87040184701460068FBF7AFBD0A46D0
:106FB0000121FFF75EBF00210120FBF7A7BD61B6ED
:106FC00062B680F31188BFF36F8F704772B60023EB
:106FD00083F31188BFF36F8FBFF34F8F30BF62B65B
:106FE000BFF36F8F7047202809D9B0F1004F08D840
:106FF0000138B0FA80F0C0F11F004000704708204F
:1070000070473E2070474FF0FF30704708B50622AA
:1070100001210020FCF738FC002211460620FCF775
:1070200015F9012108460722FCF72EFC0022114623
:107030000720FCF70BF9082201210220FCF724FCB1
:10704000002211460820FCF701F909220121032042
:10705000FCF71AFC002211460920FCF7F7F80A2277
:1070600001210420FCF710FC002211460A20FCF745
:10707000EDF8052108461722FCF706FC0022114610
:107080001720FCF7E3F8282206210A20FCF7FCFB76
:10709000002211462820FCF7D9F8002008BD0B2853
:1070A00009D840F66A73C34013F0010F14BF0020E3
:1070B0006FF0850070476FF0850070470B68A3F193
:1070C0004802182A82B012D803F1804303F5043332
:1070D00048681A6802431A600B6803F1804303F59D
:1070E000043300201B680193019B02B070476FF0CE
:1070F0008500FAE70B68A3F14802182A9FBF03F145
:10710000804303F5043349681A689DBF8A43002011
:107110001A606FF08500704710B50868FFF7BFFF71
:10712000002820DB4A68FF2A1CD0D3B203F1804339
:1071300003F50433C2F342341868C2F3042204FA9C
:1071400002F220EA02021A604968CBB203F18043DE
:1071500003F50433C1F302421868C1F304218A40E5
:1071600002431A60002010BD086808B5A0F148036A
:10717000182B0AD800F1804000F504304B680268F3
:10718000934314BF0120022008BDFFF788FF0028A9
:1071900014BF01200220F7E7704743685B681B6952
:1071A0000B600020704743685B68586942400A40A2
:1071B00042405A610020704743685B680020996133
:1071C000704743685B6800209962704743685A685B
:1071D00053694B40536100207047F0B5446801206B
:1071E000676888401E46C2F3801327EA00078B4079
:1071F0003B43636090FAA0F7B7FA87F7D4F808C06A
:107200004FF0030E7F000EFA07F72CEA070C90FAF6
:10721000A0F7B7FA87F7C2F3C1137F00BB4043EA78
:107220000C03A36090FAA0F3B3FA83F3E7685B0062
:107230000EFA03F327EA030790FAA0F3B3FA83F3F5
:1072400002F030055B00C2F341229A403A43202D00
:10725000E26016D107292BDC90FAA0F3226A2BB347
:10726000B3FA83F39B000F2101FA03F322EA03022E
:1072700090FAA0F3B3FA83F39B0006FA03F31343E7
:10728000236290FAA0F3B3FA83F3226890FAA0F095
:107290005B000321B0FA80F02D0901FA03F34000EE
:1072A00022EA030385401D432560F0BD2B46D9E744
:1072B000030A616A93FAA3F282B1B2FA82F29200EF
:1072C0000F2793FAA3F3B3FA83F307FA02F29B00B2
:1072D00021EA02029E4016436662D2E72A46EEE7A2
:1072E00013469A0310B518D59C070FD55A072DD50C
:1072F0005022DC060CD542F4007213F4002F4468CF
:1073000018D0646801238B40A3610DE01022F0E7E0
:107310009C06F2D542F48062EFE7DC0311D5DA0671
:1073200011D4C3F340139A0240680023FFF755FFBE
:10733000002010BD5B03F7D5646801238B40A36276
:10734000F2E73022F0E74FF40072EDE76FF08500CE
:10735000EFE7F8B51F46044640680E461546FFF7AE
:107360003CFF112F08D1012303FA06F663685B681E
:107370002A054CBF9E619E620020F8BD30B50368AF
:1073800013600579046804EBC504A34202D36FF0CF
:10739000010030BD5C798C4201D00833F0E7002059
:1073A000F7E74368C1F34B101B6801F01F01C05899
:1073B00001238B40034214BF0123002313700020DC
:1073C000704710B54368C1F34B101A6801F01F01F4
:1073D000845801238B4023438350002010BD10B5F7
:1073E0004368C1F34B14186801F01F0123580122B0
:1073F0008A4023EA02032350002010BD38B504461A
:107400000D46FFF7DEFF29462046FFF7E8FF002084
:1074100038BDB0F5805F07D0B0F1805F09D1002999
:1074200014BF012002207047002914BF032004204C
:107430007047002914BF02200320704743681B686F
:10744000D869DA69D107DA69C0F3C00048BF40F0F3
:1074500002009207DA6948BF40F004005107DA6978
:1074600048BF40F02000D20542BF4FF4807240F088
:1074700008001A62C10744BF08221A62820744BF8B
:1074800001221A62410744BF02221A62820644BFE7
:1074900004221A62704743681A6852E8003F43F0BA
:1074A000400342E800310029F7D1704743681A6869
:1074B00052E8003F23F0400342E800310029F7D1B1
:1074C000704743681A6852E8003F43F0200342E8DF
:1074D00000310029F7D1704743681A6852E8003F2D
:1074E00023F0200342E800310029F7D170474368B8
:1074F0001B68D869C0F340107047012070470369CA
:10750000C3E902127047026993680BB1D16818474A
:10751000704708B5002225201146FBF797FEBDE80D
:1075200008402520FBF784BE08B500225B201146E9
:10753000FBF78CFEBDE808405B20FBF779BE436893
:107540001B68D869C0F38010704743681B68D8690E
:1075500010F080001CBF1868C0F38010704710B591
:107560000269526812680A6042681268126802F47E
:10757000C062B2F5806F04460B4633D0A2F5C060FE
:10758000424242411A7162681268526802F44052E3
:10759000B2F5805F28D0B2F5405F27D0002A0CBF3B
:1075A000012203225A71626812681068116800F0A3
:1075B000102001F4C061FFF72CFF98716268126817
:1075C000926802F44072A2F540714A424A41DA716F
:1075D00061680968896811F4804F18BF0322DA7165
:1075E000002010BD0222CDE70022DBE70222D9E70E
:1075F000F8B543681B680D461868196800F010203C
:1076000001F4C061FFF705FF04281CD0D86910F011
:10761000800017D0EFF31186102181F31288BFF399
:107620006F8F0021CCB2A242204607DDDF693F0602
:1076300001F1010102D5285D9862F3E786F3118814
:10764000BFF36F8FF8BD6FF08500FBE710B543689F
:107650001B681020DA691206FCD5EFF3118280F363
:107660001288BFF36F8FDC69240604D482F311887B
:10767000BFF36F8FEEE7996282F31188BFF36F8FCC
:1076800010BD43681B68DA69910602D51A68920634
:1076900007D4D86910F0400004D01868C0F38010F7
:1076A000704701207047F8B543681B680D4618689D
:1076B000196800F0102001F4C061FFF7AAFE042849
:1076C00010D000240826E1B28A4208460CDDDF69AA
:1076D000BF0609D5586A6854D969090700D51E62E2
:1076E0000134F0E76FF08500F8BD43681B68DA6984
:1076F000100744BF08221A62DA69920643BF5B6A28
:107700000B7000204FF0FF3070472DE9F0410A79EF
:107710000369D0F804805E68012A04460D4611D042
:10772000901E47424741BF0269794046FCF7E2FBA1
:10773000AB79022B09D0042B31D0131E18BF0123C3
:107740001B0306E04FF4C067EEE7B2FA82F35B0971
:107750001B07EA79D8F80010012A14BF4FF0000C7B
:107760004FF4407CAE421DD10A6822F0805222F4D0
:10777000B0523A431A430A604B6823F44053034320
:107780004B6063681A68936823F4407343EA0C0300
:10779000936031682046BDE8F041FCF73FBC4FF4F0
:1077A0008053D6E7D1F800E00EF4C06E77451FBFD6
:1077B000D1F800E02EF4C06E4EEA07070F60616852
:1077C0000F68796801F4405188421FBF796821F43D
:1077D00040510143796061680868016801F0102137
:1077E0008B421FBF016821F010210B4303606368C7
:1077F00019688B6803F440739C451FBF8B6823F4A2
:10780000407343EA0C038B6063681B689968490402
:1078100005D5032A09D09A6822F4804204E0032A9D
:1078200003D19A6842F480429A6029683368994289
:1078300004D02046FCF7F2FB2B683360BDE8F081F2
:1078400040B1C368587810F001001EBF1878B0FA34
:1078500080F040097047EFF31183102383F31288FF
:10786000BFF36F8FFEE710B5D0E9003433B90020C5
:10787000E268537843F00103537010BD20469847E7
:107880000028F4D00028B8BF4042E368FF28A8BF12
:10789000FF201870ECE7FFF72FB8F8F739BD08B5EF
:1078A000FDF708FABDE80840FDF712BA3AB18A427E
:1078B00005D3C0E90212C0E90000002070476FF054
:1078C00015007047EFF30580003818BF012070479E
:1078D0006FF05700704700207047FEF729B8D0E9D5
:1078E000003213605A600023C0E90033704738B596
:1078F00004460D46FDF7CEFB637B43F00203637342
:10790000E5B1A5602B689D4209D16B68C4E90053BD
:107910001C606C6012E06A689A42F6D01B68002B0B
:10792000F3D094F90E2093F90E108A42F3D09142CD
:10793000F1DD5A68C4E9003214605C6038BD012191
:107940001838FDF731BE08B5FEF760FE08BDFEF73A
:107950005DBE0023C0E9081200F11802C0E906224A
:10796000C0E9003303634363704710B50446FEF774
:1079700051FDA8B9636A0BB12046984704F118007D
:10798000FDF7F0FE60B1FDF731FDEFF3118010233C
:1079900083F31288BFF36F8FBDE81040FEF71AB86B
:0479A00010BD70475F
:0879A400A08AFF7F0100000032
:1079AC00F11C000800000000153A00083C7A0008A1
:1079BC00DD1C00080000000000000000507A0008E8
:1079CC00A53C0008C87A0008A53C0008F07A00081D
:1079DC000D700008647A0008A53C0008DC7A0008E9
:1079EC00A53C0008B47A0008A53C0008A07A000861
:1079FC00A53C00088C7A0008A53C0008787A0008A1
:107A0C00A1420008047B0008A1420008187B000872
:107A1C00C544000800000000591D000800000000CB
:107A2C00ED37000800000000B53B00080000000026
:107A3C001E92000800000000747F00086600002001
:107A4C00000000006193000880800008848000081A
:107A5C0076000020000000000092000800000000EA
:107A6C00000000006400002094070020B49200087D
:107A7C00907F00081C80000868000020140800207B
:107A8C00C2920008A47F00081C8000086A00002035
:107A9C0024080020D0920008B87F00081C80000841
:107AAC006C00002034080020DE920008CC7F000817
:107ABC001C8000086E00002044080020EC92000896
:107ACC00E07F00081C800008700000205408002093
:107ADC00FA920008F47F00081C8000087200002055
:107AEC006408002008930008088000081C80000827
:107AFC007400002074080020EF94000894800008A3
:107B0C00348100087800002018000020FF94000841
:107B1C00E4800008348100087A0000203000002046
:107B2C0000000000B76F000800000000B76F0008ED
:107B3C0000000000B76F000800000000B76F0008DD
:107B4C0000000000B76F000800000000B76F0008CD
:107B5C00FE9100083D380008FC9100083D380008F3
:107B6C00FA9100083D380008F89100083D380008EB
:107B7C00F69100083D38000800000000B76F0008BF
:107B8C0000000000B76F000800000000B76F00088D
:107B9C0000000000B76F000800000000B76F00087D
:107BAC0000000000B76F000800000000B76F00086D
:107BBC0000000000B76F000800000000B76F00085D
:107BCC0000000000B76F000800000000B76F00084D
:107BDC0000000000B76F0008F49100083D38000861
:107BEC0000000000B76F000800000000B76F00082D
:107BFC0000000000B76F000800000000B76F00081D
:107C0C0000000000B76F000800000000B76F00080C
:107C1C0000000000B76F000800000000B76F0008FC
:107C2C0000000000B76F000800000000B76F0008EC
:107C3C0000000000B76F000800000000B76F0008DC
:107C4C0000000000B76F0008187B000807750008DB
:107C5C0000000000B76F000800000000B76F0008BC
:107C6C00F29100083D38000800000000B76F0008D2
:107C7C0000000000B76F000800000000B76F00089C
:107C8C0000000000B76F000800000000B76F00088C
:107C9C0000000000B76F000800000000B76F00087C
:107CAC0000000000B76F000800000000B76F00086C
:107CBC0000000000B76F000800000000B76F00085C
:107CCC0000000000B76F000800000000B76F00084C
:107CDC0000000000B76F000800000000B76F00083C
:107CEC0000000000B76F000800000000B76F00082C
:107CFC0000000000B76F000800000000B76F00081C
:107D0C0000000000B76F000800000000B76F00080B
:107D1C0000000000B76F000800000000B76F0008FB
:107D2C0000000000B76F000800000000B76F0008EB
:107D3C0000000000B76F000800000000B76F0008DB
:107D4C0000000000B76F000800000000B76F0008CB
:107D5C0000000000B76F000800000000B76F0008BB
:107D6C0000000000B76F000800000000B76F0008AB
:107D7C0000000000B76F000800000000B76F00089B
:107D8C0000000000B76F000800000000B76F00088B
:107D9C0000000000B76F000800000000B76F00087B
:107DAC0000000000B76F000800000000B76F00086B
:107DBC0000000000B76F000800000000B76F00085B
:107DCC0000000000B76F000800000000B76F00084B
:107DDC0000000000B76F000800000000B76F00083B
:107DEC0000000000B76F000800000000B76F00082B
:107DFC0000000000B76F0008047B0008077500083E
:107E0C0000000000B76F000800000000B76F00080A
:107E1C0000000000B76F000800000000B76F0008FA
:107E2C0000000000B76F000800000000B76F0008EA
:107E3C0000000000B76F000800000000B76F0008DA
:107E4C0000000000B76F000800000000B76F0008CA
:0C7E5C000000000000000000000000001A
:107E68001383000803000000CC840008030000000E
:107E78005786000803000000F2860008030000008F
:107E88001F89000803000000EA8E000803000000B4
:107E9800FC96000803000000149500080300000089
:087EA8000F9500080300000023
:107EB0002C7F0008080000200E8900080100000047
:107EC00060000000010000005001002000010000DF
:107ED0009D6D0008336D000802000000F96E000877
:107EE0000000000000000000000000000000000092
:107EF000968800089E88000800000000000000002E
:107F000000000000A6880008AA880008AE880008C3
:107F1000B28800081C7F000864070020A12A00081E
:107F20007C070020D208002001000000896F0008B3
:107F30007F6F00086F6F0008C52A0008000000006E
:107F4000636F000800000000000000200000000037
:107F500000000B06020000005C7F00080000000823
:107F6000E39000082400020700000020EB900008C6
:107F700020000B11BD700008F57000080000000023
:107F800081390008697100080000000019710008BB
:107F9000FFFF000000180048060000004C00000031
:107FA00040000000FFFF0000001400480500000032
:107FB0004C00000020000000FFFF000000100048FF
:107FC000040000004C00000010000000FFFF000053
:107FD000000C0048030000004C00000008000000F6
:107FE000FFFF000000080048020000004C000000F5
:107FF00004000000FFFF0000000400480100000032
:108000004C00000002000000FFFF000000000048DC
:10801000000000004C00000001000000E1720008B8
:108020009B710008A7710008B9710008C3710008AE
:10803000CD7100082D3D0008053C0008000000003F
:10804000F07A0008DC7A0008C87A0008B47A0008E0
:10805000A07A00088C7A0008787A000800000000F6
:108060000000000000000000000000000000000010
:108070000000000000000000000000000000000000
:1080800000100240A3730008C3730008DF730008E8
:10809000FD73000800800040507A0008800700004F
:1080A000BC8000080100000000000000000000008B
:1080B00000000000C4800008297500085C00000072
:1080C00001000000CC80000801000000D4800008FE
:1080D000020000004C000000000200006C000000E4
:1080E0000000000000380140507A00080E0800002F
:1080F0000C810008010000000000000000000000EA
:1081000000000000148100081375000860000000E2
:10811000004000001C8100080100000024810008CC
:10812000020000008704000000020000A704000015
:1081300000000000EB7600084D7600083D74000852
:10814000A14100085F750008F1750008A7760008D6
:1081500097740008AD7400084B750008C3740008DC
:10816000D97400083F750008EF7400082D3F00081F
:108170008D3F000883760008FB740008FF74000838
:108180005F9600086D96000881960008909600089A
:108190009C960008AC790008AC7900081C7A0008AD
:1081A000247A00083C7A00083C7A0008002020204D
:1081B0002020202020202828282828202020202097
:1081C0002020202020202020202020202088101067
:1081D00010101010101010101010101010040404C3
:1081E0000404040404040410101010101010414181
:1081F000414141410101010101010101010101016F
:108200000101010101010101101010101010424282
:10821000424242420202020202020202020202023E
:1082200002020202020202021010101020000000DE
:10823000000000000000000000000000000000003E
:10824000000000000000000000000000000000002E
:10825000000000000000000000000000000000001E
:10826000000000000000000000000000000000000E
:1082700000000000000000000000000000000000FE
:1082800000000000000000000000000000000000EE
:1082900000000000000000000000000000000000DE
:1082A00000000000000000000000000000000100CD
:1082B00002000400060008000A000C001000200064
:1082C000400080000001426F617264206973206287
:1082D0006F6F74696E672075700055415254206449
:1082E0006576696365206973206E6F7420726561BD
:1082F000647900426F6172642069732072756E6EDA
:10830000696E67004920616D20616C6976650000C7
:10831000000000556172745F7461736B00574553C0
:10832000545F544F504449522F7A65706879722FC8
:108330006C69622F6F732F63627072696E74665F0F
:108340007061636B616765642E63004153534552EE
:1083500054494F4E204641494C205B25735D2040D7
:108360002025733A25640A0009537472696E6720E8
:108370007769746820746F6F206D616E7920617207
:1083800067756D656E74730A00097374725F70743B
:10839000725F706F735B5D20746F6F20736D616CC3
:1083A0006C0A0009756E6578706563746564207386
:1083B000697A652025750A0009746F6F206D616EFA
:1083C0007920666F726D617420617267730A00694B
:1083D0006E5F7061636B6167656420213D202828B2
:1083E000766F6964202A2930290028756E736967C1
:1083F0006E6564292063686172202A207573656444
:1084000020666F722025257020617267756D656E1C
:10841000742E2049742773207265636F6D6D656ECD
:1084200064656420746F20636173742069742074C0
:108430006F20766F6964202A2062656361757365B9
:10844000206974206D6179206361757365206D69A1
:10845000736265686176696F7220696E2063657208
:108460007461696E20636F6E6669677572617469A5
:108470006F6E732E20537472696E673A22257322D1
:1084800020617267756D656E743A25640073637060
:10849000795F636E74203C2073697A656F66286328
:1084A00070795F7374725F706F7329006B656570AC
:1084B0005F636E74203C2073697A656F66286B6514
:1084C00065705F7374725F706F732900636270729E
:1084D000696E74665F7061636B61676500286E69C1
:1084E0006C2900574553545F544F504449522F7ADA
:1084F00065706879722F6C69622F6F732F6D70735E
:10850000635F706275662E6300657272203D3D2068
:108510003000574553545F544F504449522F7A65A9
:10852000706879722F696E636C7564652F7A6570F7
:108530006879722F7370696E6C6F636B2E68007A46
:108540005F7370696E5F6C6F636B5F76616C69649B
:10855000286C290009496E76616C69642073706922
:108560006E6C6F636B2025700A007A5F7370696EA2
:108570005F756E6C6F636B5F76616C6964286C29E4
:1085800000094E6F74206D79207370696E6C6F6393
:108590006B2025700A006C6F6767696E670057452E
:1085A00053545F544F504449522F7A657068797222
:1085B0002F7375627379732F6C6F6767696E672F9E
:1085C0006C6F675F636F72652E63006C6F675F62CD
:1085D00061636B656E645F636F756E745F6765740E
:1085E0002829203C2028283332202F2033552920C9
:1085F0002D202831202B20302929006261636B65F2
:108600006E64203C3D205F6C6F675F6261636B65E9
:108610006E645F6C6973745F656E640009756E6586
:1086200078706563746564206C69737420656E642A
:10863000206C6F636174696F6E0A006C6F675F62B4
:1086400061636B656E645F636F756E745F6765749D
:108650002829203E2030006C6F6700574553545F37
:10866000544F504449522F7A65706879722F737550
:10867000627379732F6C6F6767696E672F6C6F67B2
:108680005F6D676D742E63006C696E6B203C3D20DE
:108690005F6C6F675F6C696E6B5F6C6973745F654D
:1086A0006E6400574553545F544F504449522F7ADB
:1086B00065706879722F696E636C7564652F7A6571
:1086C000706879722F6C6F6767696E672F6C6F6760
:1086D0005F6261636B656E642E68006261636B65E7
:1086E0006E6420213D202828766F6964202A293075
:1086F00029006C6F675F6D676D74004D6573736102
:108700006765202822257322292064726F707065A6
:1087100064206265636175736520697420657863A0
:10872000656564732073697A65206C696D6974612D
:1087300074696F6E202825752900574553545F547E
:108740004F504449522F7A65706879722F73756261
:108750007379732F6C6F6767696E672F6C6F675FD4
:108760006D73672E6300706C656E203E3D20300097
:108770004D6573736167652064726F707065642006
:1087800062656361757365206974206578636565EA
:1087900064732073697A65206C696D6974617469AA
:1087A0006F6E2028257529000D0A00574553545F28
:1087B000544F504449522F7A65706879722F7375FF
:1087C000627379732F6C6F6767696E672F6C6F6761
:1087D0005F6F75747075742E63006F75745F63746A
:1087E000782D3E636F6E74726F6C5F626C6F636B3B
:1087F0002D3E6F6666736574203C3D206F75745F17
:108800006374782D3E73697A65001B5B306D006C74
:108810006576656C203C3D20345500257320005B57
:108820002530386C755D20005B253032753A253077
:1088300032753A253032752E253033752C2530337C
:10884000755D200025730025732F003C25733E20A5
:108850000025733A2000657272203E3D20300025CD
:108860003032782000202020007C00256300206D1D
:10887000657373616765732064726F7070656420DF
:108880002D2D2D0D0A1B5B306D001B5B313B3331F1
:108890006D2D2D2D20001B5B313B33316D001B5B9B
:1088A000313B33336D006572720077726E00696E12
:1088B000660064626700574553545F544F50444903
:1088C000522F7A65706879722F7375627379732F7E
:1088D0006C6F6767696E672F6261636B656E647347
:1088E0002F6C6F675F6261636B656E645F75617249
:1088F000742E63006465766963655F69735F726592
:1089000061647928756172745F64657629006C6FA3
:10891000675F6261636B656E645F75617274006C42
:108920006F675F756172740072302F61313A202079
:10893000307825303878202072312F61323A20206B
:10894000307825303878202072322F61333A202059
:108950003078253038780072332F61343A20203057
:108960007825303878207231322F69703A202030E3
:108970007825303878207231342F6C723A202030CC
:1089800078253038780020787073723A202030785B
:1089900025303878004661756C74696E6720696EA1
:1089A000737472756374696F6E2061646472657349
:1089B0007320287231352F7063293A2030782530A2
:1089C000387800556E68616E646C65642049525158
:1089D0006E3A202564002A2A2A2A2A20425553204A
:1089E0004641554C54202A2A2A2A2A002020537412
:1089F00061636B696E67206572726F72002020552B
:108A00006E737461636B696E67206572726F72005A
:108A1000202050726563697365206461746120620F
:108A20007573206572726F72002020424641522099
:108A3000416464726573733A203078257800202091
:108A4000496D707265636973652064617461206249
:108A50007573206572726F72002020496E73747294
:108A6000756374696F6E20627573206572726F72C0
:108A7000002020466C6F6174696E672D706F696E9F
:108A800074206C617A7920737461746520707265EA
:108A9000736572766174696F6E206572726F7200B1
:108AA0002A2A2A2A2A205553414745204641554C17
:108AB00054202A2A2A2A2A002020446976697369C8
:108AC0006F6E206279207A65726F002020556E618A
:108AD0006C69676E6564206D656D6F727920616386
:108AE000636573730020204E6F20636F70726F6335
:108AF0006573736F7220696E737472756374696FD6
:108B00006E73002020496C6C6567616C206C6F612E
:108B100064206F66204558435F52455455524E209D
:108B2000696E746F205043002020496C6C6567614A
:108B30006C20757365206F662074686520455053FE
:108B400052002020417474656D707420746F20652C
:108B500078656375746520756E646566696E6564B5
:108B600020696E737472756374696F6E002A2A2AA5
:108B70002A2A204D5055204641554C54202A2A2A55
:108B80002A2A002020537461636B696E6720657226
:108B9000726F722028636F6E7465787420617265DD
:108BA00061206D69676874206265206E6F7420763D
:108BB000616C696429002020446174612041636311
:108BC0006573732056696F6C6174696F6E00202045
:108BD0004D4D46415220416464726573733A2030B2
:108BE000782578002020496E737472756374696FFC
:108BF0006E204163636573732056696F6C6174699D
:108C00006F6E00574553545F544F504449522F7A6A
:108C100065706879722F617263682F61726D2F635E
:108C20006F72652F636F727465785F6D2F66617503
:108C30006C742E6300212828285343425F547970B6
:108C400065202A29202828307845303030453030BA
:108C500030554C29202B20307830443030554C2969
:108C600020292D3E434653522026202831554C20A2
:108C70003C3C20283055202B203455292929000937
:108C8000537461636B696E67206572726F72206ED8
:108C90006F74206120737461636B206661696C0A74
:108CA0000A00526573657276656420457863657065
:108CB00074696F6E20280053707572696F75732028
:108CC000696E746572727570742028495251200063
:108CD000535053454C20696E20746872656164205E
:108CE0006D6F646520646F6573206E6F7420696EAC
:108CF0006469636174652050535000657366202178
:108D00003D202828766F6964202A293029000945EA
:108D1000534620636F756C64206E6F74206265200B
:108D200072657472696576656420737563636573D3
:108D30007366756C6C792E205368616C6C206E655F
:108D4000766572206F636375722E0A002A2A2A2ABA
:108D50002A2048415244204641554C54202A2A2A70
:108D60002A2A002020427573206661756C74206F7A
:108D70006E20766563746F72207461626C65207218
:108D80006561640020204465627567206576656EC4
:108D9000740020204661756C7420657363616C619A
:108DA00074696F6E20287365652062656C6F772922
:108DB00000415243485F45584345505420776974F9
:108DC0006820726561736F6E2025780A000946611C
:108DD000756C7420657363616C6174696F6E207764
:108DE0006974686F75742046535220696E666F0A05
:108DF0000009486172644661756C74207769746813
:108E00006F7574204846535220696E666F20536810
:108E1000616C6C206E65766572206F636375720A93
:108E2000002A2A2A2A2A204465627567206D6F6EFF
:108E300069746F7220657863657074696F6E202A3B
:108E40002A2A2A2A002A2A2A2A2A20257320256447
:108E500029202A2A2A2A2A00574553545F544F5062
:108E60004449522F7A65706879722F617263682F56
:108E700061726D2F636F72652F636F727465785FB7
:108E80006D2F6972715F6D616E6167652E63007031
:108E900072696F203C3D20282831554C203C3C20F5
:108EA00028342929202D2031290009696E76616C2A
:108EB0006964207072696F72697479202564206614
:108EC0006F7220256420697271212076616C75654E
:108ED00073206D757374206265206C6573732074E4
:108EE00068616E20256C750A0A006D707500466118
:108EF000696C656420746F20616C6C6F636174656C
:108F0000206E6577204D505520726567696F6E2021
:108F100025750A00506172746974696F6E20257539
:108F20003A2073616E69747920636865636B2066AB
:108F300061696C65642E00574553545F544F50442B
:108F400049522F7A65706879722F617263682F6158
:108F5000726D2F636F72652F6D70752F61726D5F0B
:108F60006D70752E630009436F6E6669677572696F
:108F70006E6720257520737461746963204D5055A8
:108F800020726567696F6E73206661696C65640A3B
:108F90000A0009436F6E6669677572696E672025FE
:108FA000752064796E616D6963204D50552072653E
:108FB00067696F6E73206661696C65640A0A0009EF
:108FC0005265717565737420746F20636F6E666986
:108FD000677572653A20257520726567696F6E73D3
:108FE0002028737570706F727465643A2025752936
:108FF0000A0A002128726567696F6E5B6964785D93
:109000002E64745F617474722026202831554C20C0
:109010003C3C202830292929000952414D5F4E4F00
:10902000434143484520776974682044545F4D4567
:109030004D5F434143484541424C45206174747241
:1090400069627574650A0A00094661696C65642085
:10905000746F20616C6C6F63617465204D50552096
:10906000726567696F6E732066726F6D2044540A73
:109070000A002828284D50555F54797065202A2908
:1090800020282830784530303045303030554C2954
:10909000202B20307830443930554C2920292D3E62
:1090A000545950452026202830784646554C203CBF
:1090B0003C2038552929203E3E203855203D3D2072
:1090C000380009496E76616C6964206E756D626561
:1090D00072206F66204D505520726567696F6E7300
:1090E0000A0A00464C4153485F30005352414D5FDD
:1090F0003000574553545F544F504449522F7A65BE
:10910000706879722F6C69622F6C6962632F6E656B
:10911000776C69622F6C6962632D686F6F6B732E59
:1091200063002828282873697A655F7429283132FA
:10913000382929203C3C20313029202D202828287E
:1091400075696E747074725F74292028265F656E6D
:10915000642929202D2030783230303030303030C2
:109160002929203E3D203831393200096D656D6F67
:10917000727920737061636520617661696C6162E8
:109180006C6520666F72206E65776C696220686519
:109190006170206973206C657373207468616E2040
:1091A000746865206D696E696D756D207265717585
:1091B000697265642073697A652073706563696696
:1091C00069656420627920434F4E4649475F4E45AA
:1091D000574C49425F4C4942435F4D494E5F5245AF
:1091E0005155495245445F484541505F53495A459E
:1091F0000A000A060505040103010201010100013C
:10920000696E746572727570742D636F6E74726FAF
:109210006C6C657240343030313034303000726301
:109220006340343030323130303000574553545F72
:10923000544F504449522F7A65706879722F696E85
:10924000636C7564652F7A65706879722F647269D2
:10925000766572732F6770696F2F6770696F5F75BE
:1092600074696C732E680063616C6C6261636B007F
:10927000094E6F2063616C6C6261636B210A00634D
:10928000616C6C6261636B2D3E68616E646C6572CB
:1092900000094E6F2063616C6C6261636B206861D2
:1092A0006E646C6572210A0063622D3E68616E64B3
:1092B0006C6572006770696F403438303031383017
:1092C00030006770696F40343830303134303000EE
:1092D0006770696F4034383030313030300067703B
:1092E000696F403438303030633030006770696FF8
:1092F000403438303030383030006770696F403477
:1093000038303030343030006770696F4034383076
:10931000303030303000574553545F544F5044493B
:10932000522F7A65706879722F64726976657273EC
:109330002F70696E6374726C2F70696E6374726CD7
:109340005F73746D33322E63002828286D75782979
:10935000203E3E20305529202620307831465529A0
:109360000072657365742D636F6E74726F6C6C65DB
:1093700072004661696C65642063616C6C20636C8B
:109380006F636B5F636F6E74726F6C5F6765745F42
:10939000726174652870636C6B656E5B305D29006B
:1093A000556E61626C6520746F207365742025733F
:1093B00020746F20256400574553545F544F504428
:1093C00049522F7A65706879722F64726976657276
:1093D000732F73657269616C2F756172745F73743A
:1093E0006D33322E6300282875736172742D3E42EE
:1093F00052522929203E3D20307833303055000923
:109400004261756452617465526567203E3D20304B
:10941000783330300A00282875736172742D3E420B
:1094200052522929203C203078303030464646467A
:109430004655000942617564526174655265672042
:109440003C203078464646460A00282875736172EB
:10945000742D3E4252522929203E3D2031360009CA
:109460004261756452617465526567203E3D2031EA
:10947000360A00636C6F636B20636F6E74726F6C7F
:1094800020646576696365206E6F7420726561641F
:109490007900436F756C64206E6F7420656E616235
:1094A0006C6520284C50295541525420636C6F63E1
:1094B0006B00726573657420636F6E74726F6C6C91
:1094C0006572206E6F742072656164790025732067
:1094D000646F6573206E6F7420737570706F727433
:1094E0002064726976657220656E61626C650073D6
:1094F000657269616C403430303038303030007320
:10950000657269616C403430303133383030007509
:109510006172745F73746D333200000000000000EC
:1095200000000102030406070809574553545F541D
:109530004F504449522F7A65706879722F6B65726B
:109540006E656C2F6465766963652E63006465766D
:10955000203C3D205F6465766963655F6C69737468
:109560005F656E640048616C74696E67207379731F
:1095700074656D00556E6B6E6F776E206572726FDD
:109580007200756E6B6E6F776E003E3E3E205A45E0
:109590005048595220464154414C204552524F5256
:1095A0002025643A202573206F6E204350552025D6
:1095B00064004661756C7420647572696E67206919
:1095C0006E746572727570742068616E646C696E19
:1095D000670A0043757272656E7420746872656103
:1095E000643A202570202825732900574553545F7D
:1095F000544F504449522F7A65706879722F6B65C9
:10960000726E656C2F666174616C2E6300726561A9
:10961000736F6E20213D204B5F4552525F4B455288
:109620004E454C5F50414E49430009417474656D8D
:109630007074656420746F207265636F7665722044
:1096400066726F6D2061206B65726E656C20706153
:109650006E696320636F6E646974696F6E0A00439C
:10966000505520657863657074696F6E00556E683B
:10967000616E646C656420696E7465727275707475
:1096800000537461636B206F766572666C6F770050
:109690004B65726E656C206F6F7073004B65726EF8
:1096A000656C2070616E696300574553545F544F79
:1096B000504449522F7A65706879722F6B65726ECB
:1096C000656C2F696E69742E6300746872656164DD
:1096D0005F64617461203C3D205F5F7374617469F5
:1096E000635F7468726561645F646174615F6C6913
:1096F00073745F656E64006D61696E006F7300570F
:109700004553545F544F504449522F7A65706879DD
:10971000722F6B65726E656C2F69646C652E6300C9
:109720005F6B65726E656C2E637075735B305D2E5A
:1097300063757272656E742D3E626173652E707210
:10974000696F203E3D203000574553545F544F50C1
:109750004449522F7A65706879722F6B65726E6515
:109760006C2F73656D2E63002828617263685F69D2
:10977000735F696E5F6973722829203D3D2030292F
:10978000207C7C20282874696D656F7574292E747F
:1097900069636B73203D3D202828286B5F74696DD9
:1097A000656F75745F7429207B307D29292E74695B
:1097B000636B73292900090A00574553545F544FBE
:1097C000504449522F7A65706879722F6B65726EBA
:1097D000656C2F7468726561642E630028282828E0
:1097E0007072696F2929203D3D20313520262620C1
:1097F0007A5F69735F69646C655F746872656164E0
:109800005F656E7472792828656E747279292929CA
:10981000207C7C202828283135202D203129203E0D
:109820003D2028282D3136292929202626202828A0
:109830007072696F2929203E3D2028282D31362954
:10984000292026262028287072696F2929203C3D6E
:1098500020283135202D20312929290009696E76EB
:10986000616C6964207072696F726974792028254F
:1098700064293B20616C6C6F7765642072616E6750
:10988000653A20256420746F2025640A00216172E6
:1098900063685F69735F696E5F6973722829000985
:1098A00054687265616473206D6179206E6F7420F5
:1098B0006265206372656174656420696E20495336
:1098C00052730A00574553545F544F504449522F26
:1098D0007A65706879722F6B65726E656C2F696E30
:1098E000636C7564652F6B7468726561642E6800C3
:1098F0005F6B65726E656C2E637075735B305D2E89
:1099000063757272656E7420213D202828766F6918
:1099100064202A29302900574553545F544F50443E
:1099200049522F7A65706879722F6B65726E656C1B
:109930002F73636865642E6300217A5F69735F69C2
:10994000646C655F7468726561645F6F626A6563A9
:109950007428746872656164290074687265616452
:109960002D3E626173652E70656E6465645F6F6E17
:1099700000217465726D696E617465000961626FC2
:1099800072746564205F63757272656E74206261C3
:10999000636B2066726F6D20646561640A00736991
:1099A0007A656F66285F73636865645F7370696E5C
:1099B0006C6F636B29203D3D2030207C7C206C6FD8
:1099C000636B20213D20265F73636865645F73705D
:1099D000696E6C6F636B00574553545F544F50442E
:1099E00049522F7A65706879722F6B65726E656C5B
:1099F0002F696E636C7564652F6B73636865642E85
:109A000068005F6B65726E656C2E637075735B309A
:109A10005D2E63757272656E742D3E626173652E84
:109A200073636865645F6C6F636B656420213D20C0
:109A30003155005F6B65726E656C2E637075735B7C
:109A4000305D2E63757272656E742D3E6261736552
:109A50002E73636865645F6C6F636B656420213D82
:109A600020305500217A5F69735F746872656164A4
:109A70005F73746174655F736574285F6B65726E84
:109A8000656C2E637075735B305D2E6375727265E5
:109A90006E742C20282831554C203C3C2028342939
:109AA000292929000961626F7274696E67206573E4
:109AB00073656E7469616C207468726561642025D9
:109AC000700A00574553545F544F504449522F7AFF
:109AD00065706879722F6B65726E656C2F74696D35
:109AE00065736C6963696E672E6300282874696DFD
:109AF000656F75742920262620282875696E747074
:109B000074725F74292028736C6963655F74696D72
:109B1000656F7574732929203C3D20282875696E6E
:109B2000747074725F7429202874696D656F757420
:109B3000292920262620282875696E747074725F82
:109B40007429202874696D656F75742929203C205B
:109B5000282875696E747074725F7429202826280D
:109B6000736C6963655F74696D656F757473295B88
:109B7000282873697A655F742920282828696E74FB
:109B8000292073697A656F6628636861725B31208A
:109B90002D2032202A202128215F5F6275696C7494
:109BA000696E5F74797065735F636F6D70617469FE
:109BB000626C655F70285F5F747970656F665F5F68
:109BC00028736C6963655F74696D656F757473295B
:109BD0002C205F5F747970656F665F5F282628733D
:109BE0006C6963655F74696D656F757473295B304B
:109BF0005D2929295D29202D203129202B2028733A
:109C0000697A656F6628736C6963655F74696D65F1
:109C10006F75747329202F2073697A656F66282801
:109C2000736C6963655F74696D656F757473295BC7
:109C3000305D292929295D29292026262028282840
:109C400075696E747074725F7429202874696D650B
:109C50006F75742929202D20282875696E747074F9
:109C6000725F74292028736C6963655F74696D6520
:109C70006F75747329292920252073697A656F66A9
:109C80002828736C6963655F74696D656F7574739B
:109C9000295B305D29203D3D203029005745535434
:109CA0005F544F504449522F7A65706879722F6B18
:109CB00065726E656C2F74696D656F75742E6300C7
:109CC000217379735F646E6F64655F69735F6C693C
:109CD0006E6B65642826746F2D3E6E6F6465290077
:109CE0006F6A0008536D0008147F00080000000030
:109CF000D92B000807700008000000002800002091
:109D0000000000000000000000C20100000103008C
:109D100000000000400000200000000000000000E3
:109D200000C20100000103000024F4004C000020E8
:109D30004C000020FFFFFFFFFFFFFFFFFFFFFFFFC3
:049D4000FFFFFFFF23
:109D4400000000000000000000000000000000000F
:089D5400000000000000000007
:109D5C0000000000000000000000000000000000F7
:109D6C0000000000000000000000000000000000E7
:109D7C0000000000000000000000000000000000D7
:0C9D8C00000000000000000000000000CB
:049D980000000000C7
:109D9C00BC000020BC0000200000000001000000FE
:049DAC0015E015E0C9
:0400000508003115A9
:00000001FF
